{"type": "FeatureCollection", "features": [{"type": "Feature", "properties": {"name": "walk-01", "distance_km": 2.432, "points": 2929, "clipped": true}, "geometry": {"type": "LineString", "coordinates": [[-72.9747506549085, 44.504442515143694], [-72.97474927268922, 44.50443816371262], [-72.97474407590926, 44.50442969799042], [-72.97474005259573, 44.50442232191563], [-72.9747415613383, 44.50441653840244], [-72.97474860213697, 44.504412012174726], [-72.97475723549724, 44.50440849177539], [-72.97476503066719, 44.50440530665219], [-72.97477215528488, 44.50440195389092], [-72.97477944754064, 44.504397762939334], [-72.97478615306318, 44.50439072214067], [-72.97479269094765, 44.504381166771054], [-72.97479931265116, 44.504370521754026], [-72.97480585053563, 44.50435836799443], [-72.97481322661042, 44.5043442863971], [-72.9748216085136, 44.504328863695264], [-72.97483049333096, 44.50431360863149], [-72.97483937814832, 44.50429919175804], [-72.97484834678471, 44.504285445436835], [-72.9748573154211, 44.50427253730595], [-72.9748646914959, 44.50426122173667], [-72.97486879862845, 44.50425141490996], [-72.97487181611359, 44.504241524264216], [-72.9748768452555, 44.50423087924719], [-72.97488464042544, 44.504219898954034], [-72.97489419579506, 44.504209253937006], [-72.97490324825048, 44.504199363291264], [-72.97491137869656, 44.504189640283585], [-72.97491883859038, 44.50418000109494], [-72.9749265499413, 44.50417002663016], [-72.97493493184447, 44.50415971688926], [-72.97494431957603, 44.50414940714836], [-72.97495546750724, 44.50413842685521], [-72.97496770508587, 44.504127111285925], [-72.97497927211225, 44.50411571189761], [-72.97498974949121, 44.50410389341414], [-72.97499964013696, 44.50409165583551], [-72.97500911168754, 44.50407950207591], [-72.97501925379038, 44.50406860560179], [-72.97503115609288, 44.50405879877508], [-72.9750441480428, 44.50404932722449], [-72.9750563018024, 44.50403985567391], [-72.97506627626717, 44.504029881209135], [-72.97507465817034, 44.504019571468234], [-72.97508203424513, 44.50400993227959], [-72.97508932650089, 44.50400087982416], [-72.9750977922231, 44.503991324454546], [-72.97510768286884, 44.503981014713645], [-72.97511774115264, 44.50397045351565], [-72.97512763179839, 44.50395964086056], [-72.97513760626316, 44.50394907966256], [-72.97514833509922, 44.503939524292946], [-72.97516057267785, 44.50393038801849], [-72.97517281025648, 44.50392108410597], [-72.97518328763545, 44.503911696374416], [-72.97519183717668, 44.503902895376086], [-72.97519912943244, 44.50389484874904], [-72.97520600259304, 44.503887137398124], [-72.9752135463059, 44.50387816876173], [-72.97522150911391, 44.503868110477924], [-72.97522963955998, 44.50385813601315], [-72.97523885965347, 44.50384832918644], [-72.9752495046705, 44.503838773816824], [-72.97526090405881, 44.50382896699011], [-72.97527230344713, 44.50381907634437], [-72.97528294846416, 44.50380985625088], [-72.97529116272926, 44.503801641985774], [-72.97529736533761, 44.503793846815825], [-72.97530390322208, 44.503785045817494], [-72.97531211748719, 44.503775322809815], [-72.97532234340906, 44.503765096887946], [-72.97533416189253, 44.50375311076641], [-72.97534472309053, 44.50374003499746], [-72.97535226680338, 44.50372662395239], [-72.97535796649754, 44.50371312908828], [-72.97536282800138, 44.50370089150965], [-72.97536802478135, 44.503689743578434], [-72.9753739759326, 44.503679098561406], [-72.97538177110255, 44.503667782992125], [-72.97539157792926, 44.503656132146716], [-72.97540364786983, 44.503644816577435], [-72.97541630454361, 44.50363475829363], [-72.97542661428452, 44.50362687930465], [-72.975435834378, 44.50361933559179], [-72.97544647939503, 44.50361045077443], [-72.97546005807817, 44.5036000572145], [-72.97547539696097, 44.50359025038779], [-72.97549123875797, 44.50358161702752], [-72.97550649382174, 44.503573486581445], [-72.97551973722875, 44.50356602668762], [-72.97553130425513, 44.50355990789831], [-72.97554278746247, 44.50355429202318], [-72.97555569559336, 44.503547670319676], [-72.97556969337165, 44.50353903695941], [-72.9755825176835, 44.503529565408826], [-72.97559425234795, 44.503519758582115], [-72.97560514882207, 44.50350978411734], [-72.97561495564878, 44.503500228747725], [-72.97562459483743, 44.50349100865424], [-72.97563557513058, 44.50348136946559], [-72.97564764507115, 44.50347173027694], [-72.97565954737365, 44.50346318073571], [-72.975671030581, 44.503455804660916], [-72.97568276524544, 44.50344901531935], [-72.97569584101439, 44.50344172306359], [-72.97571076080203, 44.50343359261751], [-72.97572534531355, 44.50342487543821], [-72.97573666088283, 44.50341649353504], [-72.97574412077665, 44.50340911746025], [-72.97575023956597, 44.50340216048062], [-72.97575778327882, 44.50339436531067], [-72.97576641663909, 44.50338606722653], [-72.97577572055161, 44.50337718240917], [-72.97578577883542, 44.50336745940149], [-72.97579566948116, 44.503357484936714], [-72.97580438666046, 44.5033479295671], [-72.97581167891622, 44.503339380025864], [-72.97581830061972, 44.50333183631301], [-72.97582584433258, 44.50332395732403], [-72.9758351482451, 44.50331423431635], [-72.975845457986, 44.503302751109004], [-72.97585484571755, 44.50329135172069], [-72.97586129978299, 44.50328154489398], [-72.97586498782039, 44.50327374972403], [-72.97586758621037, 44.50326645746827], [-72.9758711066097, 44.50325706973672], [-72.97587647102773, 44.503244664520025], [-72.97588267363608, 44.5032303314656], [-72.97588887624443, 44.503214824944735], [-72.97589415684342, 44.503200156614184], [-72.97589868307114, 44.50318641029298], [-72.97590304166079, 44.50317266397178], [-72.97590706497431, 44.50315992347896], [-72.97591108828783, 44.50314827263355], [-72.97591561451554, 44.5031372923404], [-72.97592039220035, 44.50312656350434], [-72.97592592425644, 44.503114661201835], [-72.97593237832189, 44.50310133397579], [-72.97593975439668, 44.50308800674975], [-72.97594796866179, 44.50307543389499], [-72.97595559619367, 44.503064285963774], [-72.97596188262105, 44.50305422767997], [-72.9759678337723, 44.503044839948416], [-72.97597428783774, 44.50303494930267], [-72.97598275355995, 44.50302354991436], [-72.97599289566278, 44.5030109770596], [-72.97600337304175, 44.502998907119036], [-72.97601326368749, 44.50298784300685], [-72.9760230705142, 44.50297711417079], [-72.9760333802551, 44.502965714782476], [-72.9760441929102, 44.50295381247997], [-72.97605534084141, 44.50294241309166], [-72.9760682489723, 44.50293176807463], [-72.976083336398, 44.5029213745147], [-72.97609951347113, 44.502910897135735], [-72.97611434943974, 44.50290083885193], [-72.97612600028515, 44.50289153493941], [-72.97613530419767, 44.50288323685527], [-72.97614335082471, 44.50287586078048], [-72.97615198418498, 44.50286831706762], [-72.97616262920201, 44.50285943225026], [-72.9761752858758, 44.502849373966455], [-72.97618844546378, 44.50283965095878], [-72.97620143741369, 44.50283185578883], [-72.97621451318264, 44.50282565318048], [-72.97622792422771, 44.50281970202923], [-72.97624234110117, 44.502813164144754], [-72.97625809907913, 44.50280612334609], [-72.97627377323806, 44.50279916636646], [-72.97628793865442, 44.5027918741107], [-72.9763008467853, 44.502784330397844], [-72.9763130005449, 44.50277645140886], [-72.97632398083806, 44.50276798568666], [-72.97633454203606, 44.502758933231235], [-72.97634501941502, 44.50275004841387], [-72.97635491006076, 44.50274149887264], [-72.97636329196393, 44.502732614055276], [-72.97637125477195, 44.50272255577147], [-72.97638022340834, 44.502711072564125], [-72.97638986259699, 44.502700259909034], [-72.97639983706176, 44.50269095599651], [-72.97641090117395, 44.502682741731405], [-72.97642204910517, 44.50267519801855], [-72.97643294557929, 44.502668073400855], [-72.97644333913922, 44.50266161933541], [-72.97645398415625, 44.502655416727066], [-72.97646513208747, 44.502648459747434], [-72.9764757771045, 44.502641167491674], [-72.97648591920733, 44.50263471342623], [-72.97649597749114, 44.50262909755111], [-72.97650553286076, 44.50262381695211], [-72.97651441767812, 44.50261853635311], [-72.97652204521, 44.50261250138283], [-72.97652782872319, 44.50260479003191], [-72.97653193585575, 44.502594815567136], [-72.97653294168413, 44.502584002912045], [-72.97653051093221, 44.50257495045662], [-72.97652640379965, 44.50256807729602], [-72.97652179375291, 44.502562042325735], [-72.97651575878263, 44.50255483388901], [-72.97650779597461, 44.50254511088133], [-72.97649790532887, 44.50253304094076], [-72.97648734413087, 44.50252113863826], [-72.9764773696661, 44.50251108035445], [-72.97646882012486, 44.50250269845128], [-72.97646136023104, 44.50249574147165], [-72.9764530621469, 44.502488784492016], [-72.97644258476794, 44.502480905503035], [-72.97642992809415, 44.502472607418895], [-72.97641651704907, 44.50246506370604], [-72.97640402801335, 44.502458022907376], [-72.97639355063438, 44.50245140120387], [-72.97638533636928, 44.50244586914778], [-72.97637829557061, 44.502441342920065], [-72.97637083567679, 44.502436900511384], [-72.97636195085943, 44.502432122826576], [-72.97635113820434, 44.5024274289608], [-72.97633856534958, 44.502423740923405], [-72.97632607631385, 44.50242164544761], [-72.97631476074457, 44.50242139399052], [-72.97630327753723, 44.50242298655212], [-72.97628927975893, 44.50242600403726], [-72.97627226449549, 44.502430111169815], [-72.97625449486077, 44.50243488885462], [-72.97623806633055, 44.5024395827204], [-72.976223398, 44.50244410894811], [-72.97620948404074, 44.5024482998997], [-72.97619582153857, 44.502451652660966], [-72.9761800635606, 44.50245416723192], [-72.97616112045944, 44.502456011250615], [-72.97614217735827, 44.50245718471706], [-72.97612465918064, 44.5024583581835], [-72.97610848210752, 44.502459950745106], [-72.97609297558665, 44.50246145948768], [-72.97607621178031, 44.50246296823025], [-72.97605819068849, 44.50246397405863], [-72.97604067251086, 44.50246506370604], [-72.97602424398065, 44.502466237172484], [-72.97600890509784, 44.50246665626764], [-72.97599331475794, 44.50246640481055], [-72.97597579658031, 44.502466237172484], [-72.97595702111721, 44.50246648862958], [-72.97593891620636, 44.50246741063893], [-72.97592257149518, 44.50246908701956], [-72.97590723261237, 44.50247101485729], [-72.97589264810085, 44.50247285887599], [-72.97587630338967, 44.502474535256624], [-72.97585685737431, 44.50247612781823], [-72.97583841718733, 44.5024773851037], [-72.97582282684743, 44.50247813947499], [-72.97580824233592, 44.50247906148434], [-72.97579390928149, 44.50248006731272], [-72.97578007914126, 44.50248132459819], [-72.97576666809618, 44.50248274952173], [-72.97575384378433, 44.502484342083335], [-72.97574169002473, 44.50248568318784], [-72.97573037445545, 44.50248660519719], [-72.97571696341038, 44.502487778663635], [-72.97570137307048, 44.502489790320396], [-72.9756866209209, 44.50249305926263], [-72.97567438334227, 44.50249674730003], [-72.97566440887749, 44.50250026769936], [-72.97565485350788, 44.50250362046063], [-72.97564429230988, 44.502507308498025], [-72.97563364729285, 44.50251108035445], [-72.9756242595613, 44.50251451693475], [-72.97561545856297, 44.50251686386764], [-72.97560598701239, 44.50251786969602], [-72.97559559345245, 44.50251694768667], [-72.97558469697833, 44.502513594925404], [-72.97557396814227, 44.5025085657835], [-72.97556365840137, 44.502502446994185], [-72.97555427066982, 44.50249582529068], [-72.97554647549987, 44.50248937122524], [-72.97553926706314, 44.50248249806464], [-72.97553189098835, 44.50247478671372], [-72.97552501782775, 44.502466823905706], [-72.97551915049553, 44.50245869345963], [-72.97551445662975, 44.50245031155646], [-72.97551068477333, 44.502442264929414], [-72.97550733201206, 44.502434972673655], [-72.97550381161273, 44.50242793187499], [-72.9755002912134, 44.5024205558002], [-72.97549727372825, 44.50241334736347], [-72.97549484297633, 44.502406641840935], [-72.97549224458635, 44.50240010395646], [-72.9754894785583, 44.50239406898618], [-72.97548671253026, 44.50238845311105], [-72.97548394650221, 44.502382753416896], [-72.97548159956932, 44.50237805955112], [-72.97547967173159, 44.50237462297082], [-72.97547766007483, 44.502371521666646], [-72.97547548078, 44.50236791744828], [-72.97547271475196, 44.502363642677665], [-72.97546944580972, 44.50235861353576], [-72.97546559013426, 44.50235283002257], [-72.97546139918268, 44.50234662741423], [-72.97545729205012, 44.50234092772007], [-72.97545377165079, 44.5023359823972], [-72.97545083798468, 44.50233112089336], [-72.97544815577567, 44.502325588837266], [-72.97544572502375, 44.50231980532408], [-72.97544371336699, 44.502314273267984], [-72.97544212080538, 44.50230857357383], [-72.97544069588184, 44.502303041517735], [-72.97543910332024, 44.50229784473777], [-72.97543700784445, 44.5022926479578], [-72.97543373890221, 44.502287451177835], [-72.97542912885547, 44.502282505854964], [-72.97542334534228, 44.50227756053209], [-72.975417310372, 44.50227303430438], [-72.97541278414428, 44.50227010063827], [-72.97540926374495, 44.50226825661957], [-72.97540574334562, 44.50226683169603], [-72.97540239058435, 44.50226574204862], [-72.97539903782308, 44.502264903858304], [-72.97539593651891, 44.50226431712508], [-72.9753930028528, 44.502263981848955], [-72.97539048828185, 44.50226373039186], [-72.97538830898702, 44.502263478934765], [-72.97538654878736, 44.5022633112967], [-72.97538512386382, 44.50226314365864], [-72.97538378275931, 44.50226289220154], [-72.97538252547383, 44.50226264074445], [-72.97538126818836, 44.50226213783026], [-72.97537984326482, 44.502261551097035], [-72.97537816688418, 44.50226046144962], [-72.97537640668452, 44.50225886888802], [-72.97537456266582, 44.50225652195513], [-72.97537229955196, 44.50225350446999], [-72.97536911442876, 44.50224922969937], [-72.97536425292492, 44.50224336236715], [-72.97535855323076, 44.50223682448268], [-72.97535436227918, 44.5022305380553], [-72.97535226680338, 44.502225425094366], [-72.97535134479403, 44.50222156941891], [-72.97535075806081, 44.50221729464829], [-72.97535067424178, 44.50221193023026], [-72.97535017132759, 44.50220698490739], [-72.97534799203277, 44.502203380689025], [-72.97534447163343, 44.50220053084195], [-72.97533969394863, 44.502197513356805], [-72.97533416189253, 44.50219349004328], [-72.97532862983644, 44.50218812562525], [-72.97532452270389, 44.50218200683594], [-72.975322175771, 44.50217563658953], [-72.97532150521874, 44.50216943398118], [-72.97532125376165, 44.502163818106055], [-72.97532016411424, 44.50215870514512], [-72.97531773336232, 44.50215375982225], [-72.97531496733427, 44.50214906595647], [-72.97531262040138, 44.50214487500489], [-72.9753100220114, 44.50214051641524], [-72.97530650161207, 44.502134984359145], [-72.97530205920339, 44.50212936848402], [-72.97529677860439, 44.502124674618244], [-72.97529065981507, 44.50211998075247], [-72.97528479248285, 44.5021150354296], [-72.97528035007417, 44.50210967101157], [-72.97527682967484, 44.50210346840322], [-72.97527347691357, 44.502096846699715], [-72.97526953741908, 44.502090057358146], [-72.97526442445815, 44.50208293274045], [-72.97525813803077, 44.50207622721791], [-72.97525118105114, 44.50207027606666], [-72.97524439170957, 44.502065079286695], [-72.97523852437735, 44.50206055305898], [-72.97523383051157, 44.502056278288364], [-72.97523039393127, 44.50205133296549], [-72.97522846609354, 44.50204496271908], [-72.97522871755064, 44.50203641317785], [-72.9752325732261, 44.50202660635114], [-72.97523961402476, 44.50201663188636], [-72.97524900175631, 44.50200632214546], [-72.97526090405881, 44.501995174214244], [-72.97527448274195, 44.5019836910069], [-72.97528864815831, 44.501972794532776], [-72.97530197538435, 44.50196290388703], [-72.97531379386783, 44.5019541028887], [-72.97532485798001, 44.50194622389972], [-72.9753361735493, 44.501938512548804], [-72.97534874640405, 44.50193063355982], [-72.97536333091557, 44.50192208401859], [-72.97537883743644, 44.501913115382195], [-72.97539426013827, 44.50190448202193], [-72.97540976665914, 44.50189677067101], [-72.97542493790388, 44.501890232786536], [-72.97544069588184, 44.50188470073044], [-72.97545787878335, 44.5018800906837], [-72.97547724097967, 44.501875983551145], [-72.97549735754728, 44.501872630789876], [-72.97551671974361, 44.501869613304734], [-72.97553515993059, 44.50186642818153], [-72.9755518399179, 44.5018629077822], [-72.97556642442942, 44.50185913592577], [-72.9755814280361, 44.50185628607869], [-72.97559894621372, 44.501854944974184], [-72.97561772167683, 44.50185435824096], [-72.97563708387315, 44.501854022964835], [-72.97565535642207, 44.50185335241258], [-72.97567036002874, 44.50185243040323], [-72.97568242996931, 44.50185134075582], [-72.97569408081472, 44.50184983201325], [-72.97570824623108, 44.50184740126133], [-72.97572475858033, 44.501844216138124], [-72.97574202530086, 44.501839857548475], [-72.97575820237398, 44.50183407403529], [-72.97577169723809, 44.501826614141464], [-72.97578259371221, 44.501817813143134], [-72.97579122707248, 44.5018092636019], [-72.9757986869663, 44.50180146843195], [-72.975805811584, 44.501794343814254], [-72.97581360675395, 44.501787051558495], [-72.97582374885678, 44.50177883729339], [-72.97583657316864, 44.50177037157118], [-72.975850738585, 44.50176291167736], [-72.97586414963007, 44.50175687670708], [-72.9758761357516, 44.501751847565174], [-72.97588820569217, 44.50174681842327], [-72.97590144909918, 44.50174145400524], [-72.9759157821536, 44.50173592194915], [-72.97593011520803, 44.50173064135015], [-72.97594327479601, 44.50172561220825], [-72.97595484182239, 44.50172091834247], [-72.97596590593457, 44.50171639211476], [-72.97597906552255, 44.50171111151576], [-72.97599457204342, 44.50170507654548], [-72.97601016238332, 44.501699544489384], [-72.97602424398065, 44.50169594027102], [-72.97603807412088, 44.50169451534748], [-72.97605316154659, 44.501694263890386], [-72.97606866806746, 44.50169401243329], [-72.97608300112188, 44.5016935095191], [-72.9760959930718, 44.50169342570007], [-72.97611032612622, 44.50169384479523], [-72.97612683847547, 44.501693760976195], [-72.97614351846278, 44.501692755147815], [-72.9761596955359, 44.501691246405244], [-72.97617545351386, 44.501689821481705], [-72.97619196586311, 44.50168915092945], [-72.97621048986912, 44.501689905300736], [-72.97622901387513, 44.501691246405244], [-72.97624644823372, 44.50169141404331], [-72.97626270912588, 44.50169024057686], [-72.97627620398998, 44.5016882289201], [-72.97628726810217, 44.50168604962528], [-72.97629875130951, 44.501683954149485], [-72.97631358727813, 44.50168127194047], [-72.97633269801736, 44.501678086817265], [-72.97635180875659, 44.50167532078922], [-72.97636706382036, 44.50167330913246], [-72.97637896612287, 44.50167154893279], [-72.97638894058764, 44.501669369637966], [-72.97640000469983, 44.50166660360992], [-72.97641257755458, 44.501663502305746], [-72.97642607241869, 44.50166040100157], [-72.9764395672828, 44.50165696442127], [-72.9764512181282, 44.501653192564845], [-72.97646169550717, 44.50165000744164], [-72.97647351399064, 44.501647744327784], [-72.97648658975959, 44.50164615176618], [-72.97649899497628, 44.50164472684264], [-72.97650938853621, 44.50164321810007], [-72.97651802189648, 44.50164162553847], [-72.97652673907578, 44.5016401167959], [-72.97653637826443, 44.50163869187236], [-72.97654693946242, 44.50163768604398], [-72.97655775211751, 44.501637015491724], [-72.97656730748713, 44.50163684785366], [-72.97657451592386, 44.501637015491724], [-72.97657979652286, 44.501637015491724], [-72.9765841551125, 44.501637099310756], [-72.97658926807344, 44.50163726694882], [-72.9765965603292, 44.50163785368204], [-72.97660636715591, 44.50163919478655], [-72.9766174312681, 44.50164112262428], [-72.9766290821135, 44.50164313428104], [-72.97664073295891, 44.50164481066167], [-72.976651545614, 44.50164573267102], [-72.97666110098362, 44.50164598412812], [-72.97667048871517, 44.50164606794715], [-72.97668046317995, 44.50164615176618], [-72.97668968327343, 44.50164606794715], [-72.9766980651766, 44.501645816490054], [-72.97670636326075, 44.501645397394896], [-72.97671516425908, 44.501645313575864], [-72.97672488726676, 44.50164598412812], [-72.97673586755991, 44.501646822318435], [-72.97674776986241, 44.50164766050875], [-72.97675925306976, 44.50164849869907], [-72.97676947899163, 44.50164908543229], [-72.97677936963737, 44.50164908543229], [-72.97679018229246, 44.5016485825181], [-72.97680208459496, 44.50164757668972], [-72.97681499272585, 44.50164648704231], [-72.97682865522802, 44.501645900309086], [-72.97684323973954, 44.501645900309086], [-72.97685866244137, 44.501646319404244], [-72.97687400132418, 44.50164715759456], [-72.9768885858357, 44.501648331061006], [-72.97690241597593, 44.50164983980358], [-72.97691515646875, 44.501651683822274], [-72.97692705877125, 44.50165302492678], [-72.97693837434053, 44.50165377929807], [-72.97694809734821, 44.50165436603129], [-72.97695538960397, 44.50165528804064], [-72.97696092166007, 44.50165637768805], [-72.97696536406875, 44.501657634973526], [-72.97696880064905, 44.50165897607803], [-72.97697148285806, 44.501660065725446], [-72.97697433270514, 44.50166090391576], [-72.97697810456157, 44.50166174210608], [-72.97698380425572, 44.501662412658334], [-72.97699126414955, 44.50166308321059], [-72.97699947841465, 44.50166333466768], [-72.97700811177492, 44.50166366994381], [-72.97701925970614, 44.501664424315095], [-72.97703300602734, 44.50166517868638], [-72.9770471714437, 44.50166559778154], [-72.97706041485071, 44.50166626833379], [-72.97707206569612, 44.50166744180024], [-72.97708380036056, 44.50166895054281], [-72.97709721140563, 44.50167054310441], [-72.9771124664694, 44.501671716570854], [-72.9771285597235, 44.50167188420892], [-72.97714423388243, 44.50167087838054], [-72.97715856693685, 44.501669453457], [-72.97717113979161, 44.50166769325733], [-72.97718270681798, 44.501665430143476], [-72.97719393856823, 44.501662999391556], [-72.9772060085088, 44.50166065245867], [-72.97721941955388, 44.501658556982875], [-72.97723341733217, 44.50165721587837], [-72.97724540345371, 44.50165621004999], [-72.97725370153785, 44.5016554556787], [-72.97726065851748, 44.501655120402575], [-72.97726996243, 44.50165478512645], [-72.97728144563735, 44.501654198393226], [-72.97729343175888, 44.501653192564845], [-72.9773045796901, 44.50165143236518], [-72.977314889431, 44.50164900161326], [-72.97732419334352, 44.501646403223276], [-72.9773339163512, 44.501643888652325], [-72.9773460701108, 44.5016417093575], [-72.97736040316522, 44.501640452072024], [-72.97737599350512, 44.50163927860558], [-72.97739141620696, 44.50163785368204], [-72.97740533016622, 44.50163693167269], [-72.97741731628776, 44.50163676403463], [-72.97742662020028, 44.50163718312979], [-72.97743391245604, 44.501638021320105], [-72.97744170762599, 44.501639027148485], [-72.97745226882398, 44.501639530062675], [-72.97746467404068, 44.50163978151977], [-72.97747607342899, 44.50164087116718], [-72.9774877242744, 44.5016433019191], [-72.97750247642398, 44.50164615176618], [-72.97751965932548, 44.50164807960391], [-72.97753617167473, 44.50164891779423], [-72.97754991799593, 44.501649253070354], [-72.97756131738424, 44.501649336889386], [-72.97757263295352, 44.501648750156164], [-72.97758545726538, 44.50164707377553], [-72.9775981977582, 44.50164464302361], [-72.97760917805135, 44.50164212845266], [-72.97761781141162, 44.5016398653388], [-72.97762451693416, 44.50163818895817], [-72.97763055190444, 44.50163676403463], [-72.9776357486844, 44.50163550674915], [-72.97763876616955, 44.5016348361969], [-72.97764061018825, 44.501634668558836], [-72.97764278948307, 44.50163500383496], [-72.97764572314918, 44.50163592584431], [-72.97764957882464, 44.501637602224946], [-72.9776550270617, 44.50163969770074], [-72.97766240313649, 44.50164263136685], [-72.97767095267773, 44.50164573267102], [-72.97768084332347, 44.50164715759456], [-72.97769291326404, 44.501646403223276], [-72.97770699486136, 44.50164472684264], [-72.97772333957255, 44.50164271518588], [-72.97774236649275, 44.50164036825299], [-72.97776147723198, 44.50163818895817], [-72.97777648083866, 44.501636093482375], [-72.97778620384634, 44.50163349509239], [-72.97779265791178, 44.50163030996919], [-72.97779793851078, 44.50162720866501], [-72.97780296765268, 44.501624358817935], [-72.97780808061361, 44.50162209570408], [-72.97781419940293, 44.50162008404732], [-72.97782191075385, 44.50161790475249], [-72.97783087939024, 44.50161530636251], [-72.97784026712179, 44.50161228887737], [-72.977848732844, 44.50160901993513], [-72.97785552218556, 44.50160608626902], [-72.97785988077521, 44.50160415843129], [-72.97786206007004, 44.50160348787904], [-72.97786298207939, 44.501603320240974], [-72.97786298207939, 44.50160348787904], [-72.9778624791652, 44.5016036555171], [-72.97786189243197, 44.50160373933613], [-72.97786180861294, 44.5016036555171], [-72.97786239534616, 44.50160323642194], [-72.9778640717268, 44.50160256586969], [-72.97786734066904, 44.50160164386034], [-72.977872537449, 44.50160055421293], [-72.97787857241929, 44.50159971602261], [-72.97788393683732, 44.50159921310842], [-72.97788762487471, 44.50159912928939], [-72.97788946889341, 44.50159954838455], [-72.97789005562663, 44.50160005129874], [-72.97789005562663, 44.501600470393896], [-72.97788988798857, 44.50160080567002], [-72.9778897203505, 44.501600973308086], [-72.97788955271244, 44.501600973308086], [-72.97788955271244, 44.501600973308086], [-72.97788955271244, 44.501600889489055], [-72.9778897203505, 44.50160072185099], [-72.9778899718076, 44.501600470393896], [-72.97789039090276, 44.50160005129874], [-72.97789106145501, 44.501599380746484], [-72.97789215110242, 44.5015983749181], [-72.97789374366403, 44.50159711763263], [-72.97789592295885, 44.50159577652812], [-72.9778984375298, 44.50159443542361], [-72.97790086828172, 44.50159326195717], [-72.97790296375751, 44.50159233994782], [-72.97790455631912, 44.501591585576534], [-72.97790564596653, 44.501591082662344], [-72.97790648415685, 44.501590663567185], [-72.97790732234716, 44.50159041211009], [-72.97790849581361, 44.501590160652995], [-72.97791008837521, 44.50158999301493], [-72.97791235148907, 44.5015899091959], [-72.97791553661227, 44.5015899091959], [-72.97791981138289, 44.50159024447203], [-72.97792559489608, 44.50159091502428], [-72.97793196514249, 44.501592172309756], [-72.97793741337955, 44.50159384869039], [-72.97794219106436, 44.50159577652812], [-72.97794747166336, 44.5015983749181], [-72.97795308753848, 44.50160114094615], [-72.97795820049942, 44.501603823155165], [-72.97796289436519, 44.50160650536418], [-72.97796758823097, 44.50160977430642], [-72.97797186300159, 44.501613546162844], [-72.97797555103898, 44.5016174018383], [-72.97797949053347, 44.50162067078054], [-72.9779832623899, 44.50162318535149], [-72.97798602841794, 44.50162502937019], [-72.97798820771277, 44.50162595137954], [-72.97799021936953, 44.50162620283663], [-72.97799189575016, 44.50162620283663], [-72.97799306921661, 44.50162620283663], [-72.97799365594983, 44.50162653811276], [-72.97799365594983, 44.50162804685533], [-72.97799248248339, 44.5016313996166], [-72.97799122519791, 44.50163542293012], [-72.97799105755985, 44.50163835659623], [-72.9779919795692, 44.501640452072024], [-72.97799348831177, 44.50164229609072], [-72.9779954161495, 44.50164455920458], [-72.97799717634916, 44.501646319404244], [-72.97799851745367, 44.50164707377553], [-72.97799960710108, 44.50164724141359], [-72.97800052911043, 44.5016469899565], [-72.97800128348172, 44.501646319404244], [-72.97800178639591, 44.501645313575864], [-72.97800245694816, 44.501644391566515], [-72.9780041333288, 44.50164405629039], [-72.97800698317587, 44.50164447538555], [-72.97800874337554, 44.50164380483329], [-72.97800790518522, 44.50164212845266], [-72.97800430096686, 44.50164137408137], [-72.97799943946302, 44.50164162553847], [-72.97799667343497, 44.501641457900405], [-72.97799617052078, 44.50164087116718], [-72.97799642197788, 44.50164020061493], [-72.97799692489207, 44.501639446243644], [-72.97799767926335, 44.50163860805333], [-72.97799851745367, 44.50163768604398], [-72.97799943946302, 44.50163693167269], [-72.97800027765334, 44.501636596396565], [-72.97800094820559, 44.50163684785366], [-72.97800119966269, 44.501637602224946], [-72.97800103202462, 44.501638524234295], [-72.97800036147237, 44.50163961388171], [-72.97800011001527, 44.50164028443396], [-72.9780004452914, 44.501640535891056], [-72.97800052911043, 44.50164070352912], [-72.97800027765334, 44.50164087116718], [-72.97799977473915, 44.50164120644331], [-72.97799868509173, 44.50164204463363], [-72.97799734398723, 44.50164313428104], [-72.97799625433981, 44.50164422392845], [-72.97799558378756, 44.5016451459378], [-72.97799566760659, 44.50164573267102], [-72.97799625433981, 44.50164615176618], [-72.97799717634916, 44.50164623558521], [-72.97799826599658, 44.501646403223276], [-72.97799952328205, 44.50164665468037], [-72.97800111584365, 44.5016469899565], [-72.97800304368138, 44.501647325232625], [-72.9780057258904, 44.50164724141359], [-72.97800882719457, 44.50164615176618], [-72.97801226377487, 44.50164380483329], [-72.97801653854549, 44.50163927860558], [-72.97802140004933, 44.50163232162595], [-72.97802533954382, 44.50162553228438], [-72.97802751883864, 44.501621006056666], [-72.97802860848606, 44.50161891058087], [-72.97802885994315, 44.501618072390556], [-72.97802869230509, 44.50161773711443], [-72.97802835702896, 44.50161723420024], [-72.97802785411477, 44.50161639600992], [-72.97802726738155, 44.50161530636251], [-72.97802684828639, 44.50161337852478], [-72.97802668064833, 44.50161044485867], [-72.97802693210542, 44.50160617008805], [-72.97802827320993, 44.501600470393896], [-72.97803103923798, 44.50159393250942], [-72.97803455963731, 44.50158747844398], [-72.97803883440793, 44.50158211402595], [-72.97804478555918, 44.501577420160174], [-72.97805165871978, 44.50157188810408], [-72.97805811278522, 44.5015656016767], [-72.9780641477555, 44.5015587285161], [-72.97807018272579, 44.5015502627939], [-72.97807588241994, 44.50154162943363], [-72.97808124683797, 44.50153484009206], [-72.97808703035116, 44.501529559493065], [-72.97809323295951, 44.501525200903416], [-72.97809993848205, 44.50152134522796], [-72.97810647636652, 44.50151841156185], [-72.97811184078455, 44.50151648372412], [-72.97811611555517, 44.501514974981546], [-72.9781198874116, 44.50151355005801], [-72.97812382690609, 44.501512041315436], [-72.97812868840992, 44.50151028111577], [-72.97813371755183, 44.50150843709707], [-72.97813807614148, 44.5015069283545], [-72.97814176417887, 44.50150575488806], [-72.97814478166401, 44.50150500051677], [-72.9781471285969, 44.501504665240645], [-72.97814888879657, 44.501504581421614], [-72.97815022990108, 44.501504665240645], [-72.97815157100558, 44.50150474905968], [-72.97815333120525, 44.50150483287871], [-72.97815475612879, 44.50150483287871], [-72.97815576195717, 44.50150474905968], [-72.97815643250942, 44.50150441378355], [-72.97815576195717, 44.5015037432313], [-72.97815383411944, 44.501502234488726], [-72.97815157100558, 44.501499803736806], [-72.97815022990108, 44.501496283337474], [-72.97815123572946, 44.50149117037654], [-72.9781540017575, 44.50148496776819], [-72.97815626487136, 44.5014794357121], [-72.9781576897949, 44.501475747674704], [-72.97815911471844, 44.501473316922784], [-72.97816079109907, 44.50147122144699], [-72.97816229984164, 44.50146920979023], [-72.97816364094615, 44.501467449590564], [-72.97816565260291, 44.501465521752834], [-72.97816908918321, 44.50146283954382], [-72.97817353159189, 44.50145948678255], [-72.97817780636251, 44.50145663693547], [-72.97818224877119, 44.50145370326936], [-72.97818736173213, 44.50144976377487], [-72.97819247469306, 44.501444986090064], [-72.97819800674915, 44.501438699662685], [-72.9782044608146, 44.50143065303564], [-72.97821041196585, 44.50142243877053], [-72.97821577638388, 44.50141464360058], [-72.97822155989707, 44.50140709988773], [-72.97822725959122, 44.50140064582229], [-72.97823295928538, 44.501395700499415], [-72.97823991626501, 44.50139092281461], [-72.9782475437969, 44.501385977491736], [-72.9782544169575, 44.50138161890209], [-72.97826011665165, 44.501378517597914], [-72.97826539725065, 44.501376170665026], [-72.97827101312578, 44.5013739913702], [-72.97827797010541, 44.501371225342155], [-72.97828484326601, 44.50136845931411], [-72.97829255461693, 44.501365358009934], [-72.9783027805388, 44.50136066414416], [-72.97831359319389, 44.50135479681194], [-72.97832247801125, 44.50134851038456], [-72.97832859680057, 44.5013428106904], [-72.97833228483796, 44.50133769772947], [-72.97833538614213, 44.501331662759185], [-72.97833940945566, 44.50132302939892], [-72.97834443859756, 44.50131196528673], [-72.97834862954915, 44.501301320269704], [-72.97835139557719, 44.50129226781428], [-72.97835399396718, 44.50128304772079], [-72.97835709527135, 44.501273576170206], [-72.97836053185165, 44.501265110448], [-72.97836405225098, 44.50125874020159], [-72.97836841084063, 44.501253543421626], [-72.97837293706834, 44.50124734081328], [-72.97837620601058, 44.50123988091946], [-72.97837805002928, 44.501231499016285], [-72.97837872058153, 44.50122185982764], [-72.97837830148637, 44.50121155008674], [-72.97837754711509, 44.5012014079839], [-72.97837729565799, 44.501192439347506], [-72.97837754711509, 44.50118531472981], [-72.97837796621025, 44.50117944739759], [-72.97837872058153, 44.5011739153415], [-72.97837972640991, 44.50116788037121], [-72.97838157042861, 44.501161091029644], [-72.97838475555182, 44.501154804602265], [-72.97838961705565, 44.50114977546036], [-72.97839674167335, 44.50114516541362], [-72.97840571030974, 44.50114097446203], [-72.97841501422226, 44.501137202605605], [-72.97842297703028, 44.50113359838724], [-72.97842825762928, 44.501129826530814], [-72.97843169420958, 44.5011255517602], [-72.97843487933278, 44.501120103523135], [-72.97843781299889, 44.501114655286074], [-72.9784389026463, 44.50111121870577], [-72.97843739390373, 44.50111046433449], [-72.97843437641859, 44.50111205689609], [-72.97843093983829, 44.50111490674317], [-72.97842775471509, 44.5011184271425], [-72.97842532396317, 44.5011218637228], [-72.97842398285866, 44.501124545931816], [-72.97842314466834, 44.50112605467439], [-72.97842264175415, 44.501125970855355], [-72.97842205502093, 44.50112471356988], [-72.97842163592577, 44.50112278573215], [-72.97842079773545, 44.50111985206604], [-72.97841945663095, 44.50111549347639], [-72.97841819934547, 44.50110912322998], [-72.97841744497418, 44.50110032223165], [-72.97841694206, 44.501089341938496], [-72.97841610386968, 44.501078613102436], [-72.97841526567936, 44.501069728285074], [-72.97841526567936, 44.50106235221028], [-72.97841660678387, 44.501055646687746], [-72.97841928899288, 44.501049192622304], [-72.97842239029706, 44.50104299001396], [-72.97842524014413, 44.50103720650077], [-72.97842808999121, 44.501031590625644], [-72.9784304369241, 44.501027315855026], [-72.97843194566667, 44.50102488510311], [-72.97843278385699, 44.501023795455694], [-72.97843328677118, 44.50102320872247], [-72.97843337059021, 44.50102295726538], [-72.97843328677118, 44.50102262198925], [-72.97843311913311, 44.50102228671312], [-72.97843270003796, 44.50102161616087], [-72.9784322809428, 44.50102052651346], [-72.97843194566667, 44.50101885013282], [-72.9784320294857, 44.50101625174284], [-72.97843328677118, 44.50101247988641], [-72.97843563370407, 44.501008205115795], [-72.97843839973211, 44.50100393034518], [-72.97844057902694, 44.50100049376488], [-72.97844250686467, 44.500997895374894], [-72.97844468615949, 44.50099538080394], [-72.97844778746367, 44.5009923633188], [-72.97845172695816, 44.50098875910044], [-72.97845692373812, 44.500984232872725], [-72.97846471890807, 44.50097752735019], [-72.97847427427769, 44.50096897780895], [-72.97848290763795, 44.500960847362876], [-72.97848869115114, 44.50095531530678], [-72.9784927982837, 44.50095171108842], [-72.9784978274256, 44.50094802305102], [-72.97850478440523, 44.50094332918525], [-72.97851392067969, 44.50093762949109], [-72.97852523624897, 44.50093084014952], [-72.97853856347501, 44.50092229060829], [-72.97855205833912, 44.500912483781576], [-72.97856404446065, 44.500903179869056], [-72.97857418656349, 44.50089471414685], [-72.97858349047601, 44.500886499881744], [-72.9785924591124, 44.50087937526405], [-72.97860251739621, 44.50087292119861], [-72.97861475497484, 44.500865964218974], [-72.97862791456282, 44.50085833668709], [-72.97863939777017, 44.50085154734552], [-72.97864995896816, 44.50084609910846], [-72.97866228036582, 44.50084090232849], [-72.97867711633444, 44.500834783539176], [-72.97869220376015, 44.50082858093083], [-72.97870452515781, 44.50082388706505], [-72.9787134937942, 44.50082120485604], [-72.97872120514512, 44.500819109380245], [-72.978728832677, 44.50081676244736], [-72.97873578965664, 44.50081391260028], [-72.97874140553176, 44.50081039220095], [-72.97874551266432, 44.50080611743033], [-72.9787481110543, 44.50080184265971], [-72.9787497036159, 44.500798154622316], [-72.97875087708235, 44.500795137137175], [-72.97875230200589, 44.50079279020429], [-72.97875481657684, 44.500790275633335], [-72.97875909134746, 44.50078717432916], [-72.97876604832709, 44.5007833186537], [-72.97877476550639, 44.50077887624502], [-72.97878348268569, 44.50077351182699], [-72.97879186458886, 44.50076722539961], [-72.97880033031106, 44.50076077133417], [-72.97880795784295, 44.50075490400195], [-72.97881424427032, 44.50074945576489], [-72.97882011160254, 44.5007439237088], [-72.9788255598396, 44.50073881074786], [-72.97882857732475, 44.500735541805625], [-72.97882840968668, 44.50073386542499], [-72.97882564365864, 44.500733111053705], [-72.97882187180221, 44.50073252432048], [-72.97881835140288, 44.5007317699492], [-72.97881633974612, 44.50073051266372], [-72.97881675884128, 44.500728249549866], [-72.97882002778351, 44.50072447769344], [-72.97882572747767, 44.5007196161896], [-72.97883377410471, 44.50071441940963], [-72.97884391620755, 44.50070880353451], [-72.97885623760521, 44.500701846554875], [-72.97887031920254, 44.500694470480084], [-72.97888481989503, 44.50068893842399], [-72.9788984823972, 44.50068634003401], [-72.97891147434711, 44.50068558566272], [-72.97892522066832, 44.50068449601531], [-72.97893955372274, 44.500681813806295], [-72.97895288094878, 44.5006781257689], [-72.97896453179419, 44.500674018636346], [-72.97897534444928, 44.5006696600467], [-72.9789848998189, 44.50066580437124], [-72.97899143770337, 44.50066303834319], [-72.97899579629302, 44.500660775229335], [-72.97899981960654, 44.500658763572574], [-72.97900417819619, 44.50065650045872], [-72.97901004552841, 44.50065423734486], [-72.97901893034577, 44.50065272860229], [-72.97903041355312, 44.500650046393275], [-72.97904290258884, 44.50064342468977], [-72.97905597835779, 44.50063370168209], [-72.97906930558383, 44.50062347576022], [-72.97908053733408, 44.50061517767608], [-72.97908833250403, 44.50060872361064], [-72.97909386456013, 44.50060302391648], [-72.979098809883, 44.50059740804136], [-72.97910450957716, 44.50059154070914], [-72.97911205329001, 44.500584583729506], [-72.97912018373609, 44.5005763694644], [-72.97912797890604, 44.500567484647036], [-72.97913510352373, 44.5005589351058], [-72.97914180904627, 44.50055105611682], [-72.97914910130203, 44.500543596223], [-72.97915848903358, 44.500536220148206], [-72.97917013987899, 44.50052951462567], [-72.979183383286, 44.50052515603602], [-72.97919704578817, 44.50052339583635], [-72.97921079210937, 44.500522976741195], [-72.9792227782309, 44.50052280910313], [-72.9792314954102, 44.500522976741195], [-72.97923736274242, 44.50052356347442], [-72.97924130223691, 44.500524485483766], [-72.97924440354109, 44.50052565895021], [-72.9792470857501, 44.50052708387375], [-72.97925018705428, 44.500528844073415], [-72.9792542103678, 44.50053093954921], [-72.97926007770002, 44.50053362175822], [-72.97926862724125, 44.50053747743368], [-72.97927960753441, 44.500543093308806], [-72.97929209657013, 44.50054996646941], [-72.97930433414876, 44.500556252896786], [-72.97931564971805, 44.5005605276674], [-72.97932646237314, 44.500563042238355], [-72.97933618538082, 44.500564970076084], [-72.97934398055077, 44.50056589208543], [-72.97935009934008, 44.50056463479996], [-72.97935487702489, 44.50056228786707], [-72.97935814596713, 44.500559689477086], [-72.97935998998582, 44.5005570910871], [-72.97936107963324, 44.500554744154215], [-72.97936183400452, 44.50055264867842], [-72.97936242073774, 44.50055063702166], [-72.97936300747097, 44.500548457726836], [-72.97936392948031, 44.50054602697492], [-72.97936543822289, 44.5005433447659], [-72.97936803661287, 44.500540578737855], [-72.97937222756445, 44.50053839944303], [-72.97937960363925, 44.50053772889078], [-72.97939008101821, 44.50053848326206], [-72.97940072603524, 44.500540075823665], [-72.9794112034142, 44.50054183602333], [-72.97942285425961, 44.500543596223], [-72.97943676821887, 44.50054560787976], [-72.97945302911103, 44.50054770335555], [-72.97946836799383, 44.50054971501231], [-72.97948010265827, 44.500551307573915], [-72.97948940657079, 44.50055298395455], [-72.97949887812138, 44.500555247068405], [-72.97950985841453, 44.50055801309645], [-72.97952184453607, 44.50056103058159], [-72.97953257337213, 44.5005642157048], [-72.9795409552753, 44.50056756846607], [-72.97954791225493, 44.50057117268443], [-72.97955394722521, 44.50057511217892], [-72.97955872491002, 44.50057854875922], [-72.97956249676645, 44.50058106333017], [-72.979566603899, 44.500583158805966], [-72.97957339324057, 44.50058491900563], [-72.97958211041987, 44.500586008653045], [-72.97959049232304, 44.500586092472076], [-72.9795998800546, 44.500585589557886], [-72.97961094416678, 44.500584583729506], [-72.97962108626962, 44.500582655891776], [-72.97962779179215, 44.50058030895889], [-72.97963181510568, 44.50057812966406], [-72.97963458113372, 44.50057603418827], [-72.97963650897145, 44.500574357807636], [-72.97963785007596, 44.50057318434119], [-72.9796390235424, 44.50057251378894], [-72.97964019700885, 44.50057201087475], [-72.97964145429432, 44.50057159177959], [-72.97964338213205, 44.50057100504637], [-72.97964690253139, 44.50056958012283], [-72.97965184785426, 44.50056714937091], [-72.9796580504626, 44.50056388042867], [-72.97966534271836, 44.50056036002934], [-72.97967288643122, 44.500556671991944], [-72.9796807654202, 44.500553235411644], [-72.9796894825995, 44.50055063702166], [-72.97969845123589, 44.50054929591715], [-72.97970607876778, 44.50054870918393], [-72.97971228137612, 44.5005486253649], [-72.9797188192606, 44.50054896064103], [-72.9797254409641, 44.50054963119328], [-72.97973155975342, 44.50055072084069], [-72.97973826527596, 44.500551810488105], [-72.9797465633601, 44.5005520619452], [-72.9797552805394, 44.50055147521198], [-72.97976315952837, 44.50055122375488], [-72.97976911067963, 44.50055105611682], [-72.97977279871702, 44.50054996646941], [-72.97977464273572, 44.500547954812646], [-72.97977481037378, 44.50054627843201], [-72.97977346926928, 44.50054510496557], [-72.97977145761251, 44.50054418295622], [-72.97976911067963, 44.50054342858493], [-72.97976659610868, 44.50054275803268], [-72.97976391389966, 44.50054183602333], [-72.97976106405258, 44.500540578737855], [-72.97975804656744, 44.50053890235722], [-72.97975519672036, 44.500536723062396], [-72.97975284978747, 44.50053395703435], [-72.97975100576878, 44.50052993372083], [-72.97975016757846, 44.50052339583635], [-72.97975016757846, 44.500513756647706], [-72.97975058667362, 44.500501938164234], [-72.97975150868297, 44.500490790233016], [-72.9797534365207, 44.50048182159662], [-72.97975678928196, 44.50047352351248], [-72.97976198606193, 44.50046505779028], [-72.97976860776544, 44.500456592068076], [-72.97977657057345, 44.50044804252684], [-72.97978612594306, 44.50043915770948], [-72.97979719005525, 44.50043035671115], [-72.97980850562453, 44.50042222626507], [-72.97981856390834, 44.500415436923504], [-72.97982677817345, 44.50041049160063], [-72.97983440570533, 44.50040604919195], [-72.9798448830843, 44.500399846583605], [-72.97985846176744, 44.50039121322334], [-72.97987220808864, 44.50038149021566], [-72.97988360747695, 44.50037168338895], [-72.97989182174206, 44.50036254711449], [-72.97989877872169, 44.50035458430648], [-72.9799067415297, 44.500347124412656], [-72.9799152072519, 44.50034008361399], [-72.97992342151701, 44.50033379718661], [-72.97993096522987, 44.50032826513052], [-72.97993800602853, 44.50032331980765], [-72.9799450468272, 44.50031720101833], [-72.9799519199878, 44.50031016021967], [-72.97995837405324, 44.50030303560197], [-72.97996449284256, 44.500296749174595], [-72.97996960580349, 44.50029205530882], [-72.97997354529798, 44.500288954004645], [-72.97997698187828, 44.50028685852885], [-72.97998008318245, 44.50028518214822], [-72.97998326830566, 44.50028342194855], [-72.97998662106693, 44.50028124265373], [-72.97998963855207, 44.5002790633589], [-72.9799918178469, 44.50027696788311], [-72.97999332658947, 44.500274788588285], [-72.97999450005591, 44.500272274017334], [-72.97999626025558, 44.50027017854154], [-72.9799986910075, 44.50026925653219], [-72.98000103794038, 44.50026925653219], [-72.98000363633037, 44.500269843265414], [-72.98000648617744, 44.50027110055089], [-72.98000925220549, 44.500272860750556], [-72.98001151531935, 44.50027504004538], [-72.98001335933805, 44.50027730315924], [-72.98001478426158, 44.50027956627309], [-72.98001579008996, 44.50028182938695], [-72.98001662828028, 44.50028375722468], [-72.98001713119447, 44.50028543360531], [-72.98001713119447, 44.50028719380498], [-72.98001679591835, 44.500288870185614], [-72.98001646064222, 44.50029063038528], [-72.98001612536609, 44.500292390584946], [-72.98001646064222, 44.50029406696558], [-72.98001796938479, 44.50029540807009], [-72.98002140596509, 44.50029591098428], [-72.98002769239247, 44.50029549188912], [-72.98003708012402, 44.5002949051559], [-72.98004755750299, 44.50029507279396], [-72.98005560413003, 44.500295743346214], [-72.9800592083484, 44.50029641389847], [-72.98005979508162, 44.50029700063169], [-72.9800592083484, 44.50029758736491], [-72.98005811870098, 44.50029792264104], [-72.98005702905357, 44.500297755002975], [-72.98005610704422, 44.50029733590782], [-72.98005535267293, 44.50029666535556], [-72.98005443066359, 44.50029616244137], [-72.98005317337811, 44.50029549188912], [-72.98005199991167, 44.50029423460364], [-72.98005107790232, 44.500292390584946], [-72.9800499882549, 44.500289959833026], [-72.9800486471504, 44.50028669089079], [-72.98004713840783, 44.500282164663076], [-72.98004588112235, 44.50027680024505], [-72.98004504293203, 44.50027118436992], [-72.9800452105701, 44.50026565231383], [-72.98004638403654, 44.50026020407677], [-72.98004965297878, 44.50025416910648], [-72.98005593940616, 44.50024830177426], [-72.98006432130933, 44.500243440270424], [-72.98007546924055, 44.50023883022368], [-72.98008955083787, 44.50023396871984], [-72.98010564409196, 44.50022902339697], [-72.98012198880315, 44.50022424571216], [-72.98013632185757, 44.500220473855734], [-72.98014822416008, 44.50021795928478], [-72.98015878535807, 44.50021594762802], [-72.98016951419413, 44.500214606523514], [-72.98018242232502, 44.50021309778094], [-72.9801971744746, 44.500209828838706], [-72.98021058551967, 44.50020521879196], [-72.98022106289864, 44.500200022011995], [-72.98022869043052, 44.500194741413], [-72.98023547977209, 44.500188790261745], [-72.98024226911366, 44.50018183328211], [-72.980248471722, 44.500175127759576], [-72.98025526106358, 44.500169679522514], [-72.98026439733803, 44.50016590766609], [-72.9802764672786, 44.500163812190294], [-72.98029063269496, 44.50016347691417], [-72.98030622303486, 44.50016372837126], [-72.98032172955573, 44.50016423128545], [-72.98033564351499, 44.50016490183771], [-72.98034846782684, 44.5001654047519], [-72.98036246560514, 44.50016490183771], [-72.98037738539279, 44.50016372837126], [-72.98039155080914, 44.50016255490482], [-72.98040429130197, 44.50016154907644], [-72.98041585832834, 44.500160459429026], [-72.98042608425021, 44.50015953741968], [-72.98043563961983, 44.50015886686742], [-72.98044452443719, 44.500158531591296], [-72.98045257106423, 44.50015886686742], [-72.98046078532934, 44.50016004033387], [-72.98046908341348, 44.5001619681716], [-72.98047821968794, 44.50016456656158], [-72.98048878088593, 44.50016817077994], [-72.98049992881715, 44.50017244555056], [-72.98051082529128, 44.50017688795924], [-72.98052113503218, 44.50018124654889], [-72.98053119331598, 44.50018560513854], [-72.98054024577141, 44.500189293175936], [-72.98054804094136, 44.50019147247076], [-72.98055726103485, 44.500191640108824], [-72.98056916333735, 44.50019004754722], [-72.98058081418276, 44.50018795207143], [-72.98059129156172, 44.50018703006208], [-72.98060193657875, 44.50018853880465], [-72.98061442561448, 44.50019138865173], [-72.98062993213534, 44.50019423849881], [-72.98064560629427, 44.50019666925073], [-72.98065918497741, 44.50019926764071], [-72.9806705005467, 44.50020220130682], [-72.98068139702082, 44.5002047996968], [-72.98069204203784, 44.50020614080131], [-72.98070159740746, 44.500206895172596], [-72.98071132041514, 44.5002082362771], [-72.98072171397507, 44.500210331752896], [-72.98073085024953, 44.50021293014288], [-72.98073696903884, 44.500215109437704], [-72.9807408247143, 44.50021636672318], [-72.98074333928525, 44.50021670199931], [-72.9807445127517, 44.500216199085116], [-72.9807447642088, 44.500215109437704], [-72.98074468038976, 44.50021401979029], [-72.98074442893267, 44.50021301396191], [-72.98074417747557, 44.50021209195256], [-72.98074400983751, 44.50021150521934], [-72.98074392601848, 44.50021108612418], [-72.98074392601848, 44.50021091848612], [-72.98074400983751, 44.500210750848055], [-72.98074392601848, 44.50021058320999], [-72.98074400983751, 44.50021049939096], [-72.98074434511364, 44.50021058320999], [-72.98074459657073, 44.50021108612418], [-72.9807445127517, 44.500211672857404], [-72.98074400983751, 44.50021251104772], [-72.98074250109494, 44.500213181599975], [-72.98074007034302, 44.500213684514165], [-72.98073713667691, 44.50021427124739], [-72.98073462210596, 44.50021494179964], [-72.98073252663016, 44.500215696170926], [-72.9807305149734, 44.50021645054221], [-72.9807291738689, 44.5002172049135], [-72.98072816804051, 44.50021795928478], [-72.9807270783931, 44.500218629837036], [-72.9807257372886, 44.500219048932195], [-72.98072431236506, 44.50021930038929], [-72.98072297126055, 44.50021946802735], [-72.98072171397507, 44.500219551846385], [-72.9807204566896, 44.50021963566542], [-72.98071919940412, 44.50021971948445], [-72.98071769066155, 44.50021980330348], [-72.98071559518576, 44.50021980330348], [-72.9807133320719, 44.50021980330348], [-72.9807114880532, 44.500219551846385], [-72.98071023076773, 44.500219132751226], [-72.98070914112031, 44.500218546018004], [-72.98070796765387, 44.50021795928478], [-72.98070712946355, 44.5002172049135], [-72.98070637509227, 44.50021645054221], [-72.98070536926389, 44.500215612351894], [-72.9807043634355, 44.50021477416158], [-72.98070377670228, 44.500214187428355], [-72.98070402815938, 44.50021410360932], [-72.98070478253067, 44.500214690342546], [-72.98070587217808, 44.50021586380899], [-72.9807067103684, 44.50021745637059], [-72.98070679418743, 44.50021938420832], [-72.98070570454001, 44.50022122822702], [-72.98070352524519, 44.50022332370281], [-72.98070050776005, 44.5002256706357], [-72.98069698736072, 44.500228352844715], [-72.98069355078042, 44.50023120269179], [-72.98068944364786, 44.50023396871984], [-72.98068458214402, 44.50023690238595], [-72.98067972064018, 44.50023991987109], [-72.98067561350763, 44.5002428535372], [-72.98067301511765, 44.50024536810815], [-72.98067142255604, 44.50024763122201], [-72.98066974617541, 44.500250313431025], [-72.98066723160446, 44.500252828001976], [-72.9806647170335, 44.50025408528745], [-72.98066245391965, 44.5002550072968], [-72.98066002316773, 44.50025651603937], [-72.98065792769194, 44.50025836005807], [-72.9806565027684, 44.5002602878958], [-72.98065532930195, 44.50026171281934], [-72.98065457493067, 44.50026280246675], [-72.98065432347357, 44.50026364065707], [-72.98065423965454, 44.500263975933194], [-72.98065415583551, 44.500263975933194], [-72.98065398819745, 44.500263473019004], [-72.98065365292132, 44.500262551009655], [-72.98065315000713, 44.50026095844805], [-72.98065214417875, 44.50025877915323], [-72.98065063543618, 44.500256264582276], [-72.98064862377942, 44.50025383383036], [-72.98064627684653, 44.500251738354564], [-72.98064367845654, 44.50025006197393], [-72.98064082860947, 44.500248804688454], [-72.98063797876239, 44.50024796649814], [-72.98063512891531, 44.500247379764915], [-72.9806321952492, 44.500246960669756], [-72.98062808811665, 44.50024603866041], [-72.98062087967992, 44.50024369172752], [-72.98061233013868, 44.50024067424238], [-72.98060579225421, 44.50023899786174], [-72.98060151748359, 44.50023924931884], [-72.98059741035104, 44.50024042278528], [-72.9805922973901, 44.50024168007076], [-72.9805872682482, 44.50024276971817], [-72.98058207146823, 44.50024327263236], [-72.98057729378343, 44.500243440270424], [-72.980573521927, 44.50024327263236], [-72.98057050444186, 44.5002428535372], [-72.98056807368994, 44.50024184770882], [-72.98056581057608, 44.500240506604314], [-72.98056388273835, 44.500239081680775], [-72.98056229017675, 44.50023790821433], [-72.98056061379611, 44.50023698620498], [-72.98055868595839, 44.50023631565273], [-72.98055650666356, 44.50023589655757], [-72.9805542435497, 44.500235728919506], [-72.98055231571198, 44.500235728919506], [-72.98055097460747, 44.500235728919506], [-72.98054971732199, 44.5002359803766], [-72.98054854385555, 44.500236231833696], [-72.98054753802717, 44.50023648329079], [-72.98054661601782, 44.50023681856692], [-72.98054594546556, 44.50023698620498], [-72.98054544255137, 44.50023723766208], [-72.98054510727525, 44.50023740530014], [-72.98054468818009, 44.500237572938204], [-72.9805441852659, 44.50023790821433], [-72.98054343089461, 44.50023832730949], [-72.98054225742817, 44.50023899786174], [-72.98054058104753, 44.50023983605206], [-72.98053831793368, 44.50024075806141], [-72.98053605481982, 44.50024168007076], [-72.98053370788693, 44.50024268589914], [-72.98053085803986, 44.500243943184614], [-72.98052717000246, 44.50024553574622], [-72.98052255995572, 44.500247463583946], [-72.98051753081381, 44.500249391421676], [-72.98051157966256, 44.50025140307844], [-72.98050395213068, 44.500252744182944], [-72.98049448058009, 44.50025240890682], [-72.98048316501081, 44.50025022961199], [-72.98047101125121, 44.50024763122201], [-72.9804593604058, 44.50024561956525], [-72.98044913448393, 44.50024377554655], [-72.98044142313302, 44.500242015346885], [-72.98043522052467, 44.50024025514722], [-72.9804300237447, 44.50023883022368], [-72.98042365349829, 44.50023673474789], [-72.98041393049061, 44.50023287907243], [-72.98040219582617, 44.50022843666375], [-72.98038995824754, 44.500223910436034], [-72.980377972126, 44.500219551846385], [-72.9803660698235, 44.500216115266085], [-72.98035366460681, 44.50021477416158], [-72.98033991828561, 44.50021552853286], [-72.98032382503152, 44.50021686963737], [-72.9803060553968, 44.500218546018004], [-72.98028870485723, 44.500221060588956], [-72.98027403652668, 44.50022508390248], [-72.98026213422418, 44.500230364501476], [-72.98025115393102, 44.5002359803766], [-72.98023950308561, 44.50024134479463], [-72.98022659495473, 44.500246373936534], [-72.98021284863353, 44.50025048106909], [-72.98019968904555, 44.5002534147352], [-72.98018694855273, 44.50025559403002], [-72.98017303459346, 44.50025794096291], [-72.98015819862485, 44.50026079080999], [-72.98014411702752, 44.50026414357126], [-72.98013037070632, 44.500267496332526], [-72.98011628910899, 44.50027101673186], [-72.98010212369263, 44.50027462095022], [-72.98008904792368, 44.500278225168586], [-72.98007974401116, 44.50028082355857], [-72.98007421195507, 44.500283086672425], [-72.98006784170866, 44.50028685852885], [-72.98005795106292, 44.50029272586107], [-72.98004504293203, 44.500299263745546], [-72.9800314642489, 44.50030487962067], [-72.98002031631768, 44.500308986753225], [-72.98001134768128, 44.50031124986708], [-72.98000145703554, 44.50031225569546], [-72.97999014146626, 44.500312339514494], [-72.97997832298279, 44.50031158514321], [-72.97996675595641, 44.50031007640064], [-72.97995418310165, 44.50030781328678], [-72.97993993386626, 44.50030479580164], [-72.97992568463087, 44.50030186213553], [-72.97991252504289, 44.50030001811683], [-72.97990070655942, 44.500299179926515], [-72.97988989390433, 44.500298677012324], [-72.97987807542086, 44.50029783882201], [-72.97986441291869, 44.5002964977175], [-72.97985142096877, 44.500294737517834], [-72.97983968630433, 44.500292390584946], [-72.97982820309699, 44.50028979219496], [-72.97981479205191, 44.50028669089079], [-72.97979936935008, 44.50028333812952], [-72.97978403046727, 44.50028082355857], [-72.97976894304156, 44.500279314816], [-72.9797531850636, 44.500278141349554], [-72.97973558306694, 44.50027680024505], [-72.97971772961318, 44.500275207683444], [-72.97970213927329, 44.500273782759905], [-72.97968856059015, 44.5002721901983], [-72.97967447899282, 44.500269424170256], [-72.97965947538614, 44.500265484675765], [-72.97964564524591, 44.500260623171926], [-72.97963332384825, 44.50025509111583], [-72.97962142154574, 44.500248804688454], [-72.97960985451937, 44.50024193152785], [-72.97959837131202, 44.50023447163403], [-72.97958646900952, 44.50022709555924], [-72.97957448288798, 44.500220473855734], [-72.97956241294742, 44.500214606523514], [-72.97955000773072, 44.500208823010325], [-72.97953626140952, 44.50020186603069], [-72.97952276654541, 44.5001944899559], [-72.97951170243323, 44.500187365338206], [-72.97950172796845, 44.50018057599664], [-72.97949108295143, 44.50017428956926], [-72.97947918064892, 44.50016817077994], [-72.97946568578482, 44.50016221962869], [-72.97945143654943, 44.50015727430582], [-72.97943836078048, 44.50015375390649], [-72.97942595556378, 44.50015174224973], [-72.97941321507096, 44.50015056878328], [-72.97940215095878, 44.50014897622168], [-72.97939351759851, 44.500147718936205], [-72.97938622534275, 44.50014830566943], [-72.9793802741915, 44.50015040114522], [-72.9793752450496, 44.500153586268425], [-72.97937063500285, 44.50015685521066], [-72.97936719842255, 44.50015978887677], [-72.97936594113708, 44.50016230344772], [-72.97936619259417, 44.500163896009326], [-72.97936677932739, 44.50016456656158], [-72.97936661168933, 44.500164818018675], [-72.97936451621354, 44.5001651532948], [-72.9793596547097, 44.500166242942214], [-72.97935144044459, 44.50016808696091], [-72.97934054397047, 44.50016993097961], [-72.97932922840118, 44.500171188265085], [-72.9793179128319, 44.500172110274434], [-72.97930567525327, 44.50017420575023], [-72.97929184511304, 44.50017780996859], [-72.97927650623024, 44.50018300674856], [-72.97926049679518, 44.50018954463303], [-72.97924490645528, 44.50019683688879], [-72.97923116013408, 44.500203458592296], [-72.97921950928867, 44.500208320096135], [-72.97920911572874, 44.5002119243145], [-72.97919805161655, 44.50021527707577], [-72.97918413765728, 44.50021921657026], [-72.97916930168867, 44.500223910436034], [-72.97915630973876, 44.50022860430181], [-72.9791450779885, 44.50023296289146], [-72.97913451679051, 44.50023690238595], [-72.97912336885929, 44.50024092569947], [-72.97911238856614, 44.50024478137493], [-72.97910291701555, 44.500247882679105], [-72.97909202054143, 44.50025090016425], [-72.97907777130604, 44.500254252925515], [-72.97906209714711, 44.50025735422969], [-72.97904734499753, 44.50025970116258], [-72.97903426922858, 44.500261042267084], [-72.97902077436447, 44.50026171281934], [-72.97900442965329, 44.500262048095465], [-72.97898716293275, 44.50026221573353], [-72.97897098585963, 44.50026263482869], [-72.97895623371005, 44.500263473019004], [-72.97894206829369, 44.50026473030448], [-72.97892614267766, 44.50026665814221], [-72.97890845686197, 44.500269340351224], [-72.97889227978885, 44.50027252547443], [-72.97887995839119, 44.50027504004538], [-72.97886990010738, 44.500276297330856], [-72.97885908745229, 44.50027713552117], [-72.97884634695947, 44.5002774707973], [-72.97883285209537, 44.50027688406408], [-72.97882011160254, 44.50027554295957], [-72.97880737110972, 44.500274034217], [-72.97879429534078, 44.500272776931524], [-72.97878130339086, 44.500271854922175], [-72.97876831144094, 44.50027126818895], [-72.97875448130071, 44.50027101673186], [-72.97873998060822, 44.50027110055089], [-72.97872598282993, 44.50027210637927], [-72.97871273942292, 44.50027361512184], [-72.97869781963527, 44.50027537532151], [-72.97868005000055, 44.500277722254395], [-72.97866186127067, 44.50028082355857], [-72.97864526510239, 44.50028526596725], [-72.97863017767668, 44.50029054656625], [-72.97861483879387, 44.50029557570815], [-72.97859690152109, 44.50030010193586], [-72.9785768687725, 44.50030370615423], [-72.97855641692877, 44.500306975096464], [-72.97853655181825, 44.500310411676764], [-72.97851744107902, 44.5003139320761], [-72.97849975526333, 44.500317284837365], [-72.97848357819021, 44.50032013468444], [-72.97846807166934, 44.50032256543636], [-72.9784526489675, 44.50032449327409], [-72.97843663953245, 44.500326085835695], [-72.97842054627836, 44.5003276783973], [-72.97840587794781, 44.5003292709589], [-72.97839296981692, 44.500331450253725], [-72.97838140279055, 44.50033471919596], [-72.97836983576417, 44.50033899396658], [-72.9783580172807, 44.50034427456558], [-72.97834678553045, 44.50035030953586], [-72.97833773307502, 44.500356428325176], [-72.97833329066634, 44.500362211838365], [-72.97833295539021, 44.50036774389446], [-72.97833379358053, 44.50037377886474], [-72.97833421267569, 44.50038023293018], [-72.9783334583044, 44.50038685463369], [-72.97833094373345, 44.50039339251816], [-72.9783268366009, 44.50039976276457], [-72.97832080163062, 44.500407138839364], [-72.97831367701292, 44.50041585601866], [-72.97830722294748, 44.50042490847409], [-72.97830185852945, 44.50043370947242], [-72.97829641029239, 44.50044309720397], [-72.97828995622694, 44.50045323930681], [-72.97828266397119, 44.50046254321933], [-72.9782747849822, 44.50047042220831], [-72.97826598398387, 44.50047821737826], [-72.97825634479523, 44.500486850738525], [-72.97824528068304, 44.50049699284136], [-72.97823245637119, 44.50050822459161], [-72.97821871004999, 44.5005192887038], [-72.97820496372879, 44.50052951462567], [-72.97819130122662, 44.50053898617625], [-72.97817705199122, 44.50054753571749], [-72.97816154547036, 44.50055533088744], [-72.97814620658755, 44.50056287460029], [-72.97813229262829, 44.50056999921799], [-72.97811930067837, 44.5005761180073], [-72.97810597345233, 44.50058123096824], [-72.97809063456953, 44.500586008653045], [-72.97807412222028, 44.500590367242694], [-72.97805878333747, 44.5005935523659], [-72.97804503701627, 44.50059598311782], [-72.97803129069507, 44.5005985815078], [-72.97801595181227, 44.500602185726166], [-72.9780004452914, 44.50060687959194], [-72.97798678278923, 44.50061165727675], [-72.97797588631511, 44.500615764409304], [-72.97796649858356, 44.5006194524467], [-72.9779573623091, 44.50062297284603], [-72.97794914804399, 44.500626157969236], [-72.97794227488339, 44.50062917545438], [-72.97793716192245, 44.50063227675855], [-72.97793414443731, 44.50063554570079], [-72.97793313860893, 44.50063864700496], [-72.97793389298022, 44.50064141303301], [-72.97793640755117, 44.50064426288009], [-72.97794068232179, 44.5006469450891], [-72.97794646583498, 44.50064945966005], [-72.97795409336686, 44.50065281242132], [-72.97796373255551, 44.50065759010613], [-72.9779747966677, 44.500663289800286], [-72.97798703424633, 44.50066840276122], [-72.9779970087111, 44.50067217461765], [-72.97800396569073, 44.50067527592182], [-72.97801092267036, 44.50067963451147], [-72.97801888547838, 44.50068550184369], [-72.9780260939151, 44.500691536813974], [-72.97803179360926, 44.50069606304169], [-72.97803673893213, 44.50069916434586], [-72.97804118134081, 44.500701762735844], [-72.97804553993046, 44.50070452876389], [-72.97804964706302, 44.500707713887095], [-72.97805316746235, 44.50071123428643], [-72.9780556820333, 44.50071492232382], [-72.97805693931878, 44.50071861036122], [-72.97805685549974, 44.50072196312249], [-72.97805618494749, 44.500724729150534], [-72.97805509530008, 44.50072690844536], [-72.97805392183363, 44.5007280819118], [-72.97805283218622, 44.50072757899761], [-72.97805149108171, 44.500726321712136], [-72.97804981470108, 44.5007246453315], [-72.97804763540626, 44.50072296895087], [-72.97804503701627, 44.50072154402733], [-72.97804235480726, 44.500720370560884], [-72.97804000787437, 44.50071919709444], [-72.97803808003664, 44.50071835890412], [-72.978036403656, 44.50071768835187], [-72.97803539782763, 44.50071718543768], [-72.97803539782763, 44.500716933980584], [-72.97803623601794, 44.500716431066394], [-72.97803774476051, 44.50071567669511], [-72.97803967259824, 44.50071483850479], [-72.97804151661694, 44.50071425177157], [-72.97804319299757, 44.50071383267641], [-72.97804453410208, 44.50071374885738], [-72.9780456237495, 44.500714000314474], [-72.97804654575884, 44.50071441940963], [-72.97804738394916, 44.500715006142855], [-72.97804805450141, 44.50071559287608], [-72.97804864123464, 44.50071567669511], [-72.9780490603298, 44.50071542523801], [-72.97804931178689, 44.500715006142855], [-72.97804931178689, 44.50071425177157], [-72.97804889269173, 44.50071316212416], [-72.97804797068238, 44.50071190483868], [-72.9780467133969, 44.50071073137224], [-72.9780453722924, 44.50070989318192], [-72.97804394736886, 44.50070955790579], [-72.97804269008338, 44.50070955790579], [-72.97804143279791, 44.50070997700095], [-72.9780403431505, 44.50071081519127], [-72.97803942114115, 44.50071232393384], [-72.97803866676986, 44.500714587047696], [-72.97803799621761, 44.50071810744703], [-72.97803724184632, 44.50072322040796], [-72.97803648747504, 44.500729255378246], [-72.97803590074182, 44.5007349550724], [-72.97803590074182, 44.50074057094753], [-72.978036403656, 44.500745767727494], [-72.97803749330342, 44.50075155124068], [-72.97803942114115, 44.500758927315474], [-72.97804210335016, 44.50076672248542], [-72.97804503701627, 44.50077384710312], [-72.97804763540626, 44.50077963061631], [-72.97805048525333, 44.50078432448208], [-72.9780543409288, 44.500788850709796], [-72.97805953770876, 44.50079379603267], [-72.97806590795517, 44.5007991604507], [-72.97807227820158, 44.50080452486873], [-72.9780783969909, 44.500809302553535], [-72.97808443196118, 44.50081382878125], [-72.97809038311243, 44.50081835500896], [-72.97809566371143, 44.50082271359861], [-72.9781003575772, 44.50082656927407], [-72.97810479998589, 44.50082975439727], [-72.9781095776707, 44.50083260424435], [-72.9781159479171, 44.500836208462715], [-72.97812399454415, 44.50084081850946], [-72.97813262790442, 44.50084584765136], [-72.97814059071243, 44.500850876793265], [-72.978147380054, 44.50085540302098], [-72.97815232537687, 44.500859677791595], [-72.97815618105233, 44.50086495839059], [-72.97816104255617, 44.50087149627507], [-72.97816665843129, 44.500877782702446], [-72.97817260958254, 44.5008834823966], [-72.97817881219089, 44.50088867917657], [-72.97818409278989, 44.50089303776622], [-72.97818979248405, 44.50089739635587], [-72.97819742001593, 44.500903179869056], [-72.97820655629039, 44.500909550115466], [-72.97821644693613, 44.500915836542845], [-72.97822633758187, 44.50092229060829], [-72.97823488712311, 44.500928493216634], [-72.97824159264565, 44.50093410909176], [-72.97824695706367, 44.500940227881074], [-72.97825165092945, 44.50094752013683], [-72.97825609333813, 44.500954393297434], [-72.97826112248003, 44.50096042826772], [-72.97826774418354, 44.50096746906638], [-72.9782750364393, 44.50097559951246], [-72.978282161057, 44.50098314322531], [-72.97828987240791, 44.500990184023976], [-72.97829850576818, 44.50099823065102], [-72.97830713912845, 44.50100745074451], [-72.97831325791776, 44.501016670838], [-72.9783149342984, 44.50102505274117], [-72.97831233590841, 44.50103477574885], [-72.97830789349973, 44.50104525312781], [-72.97830353491008, 44.501055143773556], [-72.97830001451075, 44.5010650344193], [-72.97829657793045, 44.50107391923666], [-72.97829238697886, 44.501082049682736], [-72.97828827984631, 44.50108959339559], [-72.97828542999923, 44.501095963642], [-72.97828383743763, 44.501101495698094], [-72.97828249633312, 44.50110677629709], [-72.9782816581428, 44.50111147016287], [-72.97828098759055, 44.501115158200264], [-72.9782803170383, 44.501117672771215], [-72.97827981412411, 44.50111901387572], [-72.97827914357185, 44.50111951678991], [-72.97827813774347, 44.50111993588507], [-72.9782763775438, 44.50112119317055], [-72.9782750364393, 44.50112320482731], [-72.97827553935349, 44.50112479738891], [-72.97827755101025, 44.501125048846006], [-72.97828073613346, 44.50112488120794], [-72.9782855976373, 44.50112563557923], [-72.9782919678837, 44.50112731195986], [-72.97829900868237, 44.50112907215953], [-72.97830672003329, 44.501130329445004], [-72.97831568866968, 44.501131838187575], [-72.97832532785833, 44.501133766025305], [-72.97833546996117, 44.50113594532013], [-72.97834577970207, 44.50113778933883], [-72.97835491597652, 44.501138627529144], [-72.97836262732744, 44.501138711348176], [-72.97836941666901, 44.5011390466243], [-72.97837662510574, 44.50114080682397], [-72.97838517464697, 44.501146171242], [-72.97839322127402, 44.50115438550711], [-72.97839975915849, 44.50116301886737], [-72.97840495593846, 44.50117131695151], [-72.9784082248807, 44.501180201768875], [-72.9784100688994, 44.50118975713849], [-72.97841157764196, 44.501198725774884], [-72.97841333784163, 44.50120694003999], [-72.9784150980413, 44.501214819028974], [-72.97841685824096, 44.50122303329408], [-72.97841845080256, 44.501232421025634], [-72.97841954044998, 44.50124256312847], [-72.97841970808804, 44.501253543421626], [-72.97841870225966, 44.50126586481929], [-72.97841627150774, 44.50127868913114], [-72.97841174528003, 44.50129075907171], [-72.97840420156717, 44.50130257755518], [-72.97839330509305, 44.50131590478122], [-72.97837947495282, 44.501330656930804], [-72.97836396843195, 44.50134574435651], [-72.97834913246334, 44.50135940685868], [-72.97833664342761, 44.50137089006603], [-72.97832641750574, 44.501381032168865], [-72.97831770032644, 44.50139100663364], [-72.9783114977181, 44.501400142908096], [-72.97830881550908, 44.50140718370676], [-72.97830889932811, 44.501412296667695], [-72.97831024043262, 44.50141598470509], [-72.97831200063229, 44.50141883455217], [-72.97831367701292, 44.50142134912312], [-72.97831476666033, 44.50142377987504], [-72.9783146828413, 44.50142637826502], [-72.97831325791776, 44.50142931193113], [-72.97831024043262, 44.50143216177821], [-72.9783062171191, 44.501434760168195], [-72.9783022776246, 44.50143643654883], [-72.97829842194915, 44.50143702328205], [-72.97829456627369, 44.50143660418689], [-72.9782903753221, 44.501435682177544], [-72.97828593291342, 44.50143492780626], [-72.97828174196184, 44.50143484398723], [-72.97827780246735, 44.501435263082385], [-72.97827444970608, 44.50143543072045], [-72.97827176749706, 44.50143551453948], [-72.97827025875449, 44.50143702328205], [-72.97827076166868, 44.50144180096686], [-72.97827243804932, 44.50144934467971], [-72.97827227041125, 44.50145546346903], [-72.97826992347836, 44.501458732411265], [-72.97826690599322, 44.50146074406803], [-72.97826221212745, 44.50146418064833], [-72.97825500369072, 44.50147021561861], [-72.97824712470174, 44.50147650204599], [-72.97824100591242, 44.501480692997575], [-72.97823580913246, 44.50148329138756], [-72.9782285168767, 44.50148647651076], [-72.97821904532611, 44.501491421833634], [-72.97820982523263, 44.50149653479457], [-72.97820211388171, 44.50150080956519], [-72.97819515690207, 44.501504162326455], [-72.97818744555116, 44.50150793418288], [-72.9781783092767, 44.50151279568672], [-72.97816917300224, 44.5015172380954], [-72.97816347330809, 44.5015174895525], [-72.97816154547036, 44.50151262804866], [-72.97816121019423, 44.501505587249994], [-72.97816171310842, 44.50149795971811], [-72.9781624674797, 44.50149024836719], [-72.97816330567002, 44.50148253701627], [-72.97816414386034, 44.501474825665355], [-72.97816531732678, 44.50146711431444], [-72.97816724516451, 44.50145948678255], [-72.97817034646869, 44.501451859250665], [-72.9781748726964, 44.50144423171878], [-72.97818090766668, 44.50143660418689], [-72.9781883675605, 44.501428976655006], [-72.97819624654949, 44.501421600580215], [-72.9782042093575, 44.50141439214349], [-72.97821233980358, 44.501406932249665], [-72.97822013497353, 44.50139896944165], [-72.97823027707636, 44.50138966552913], [-72.97824301756918, 44.50137893669307], [-72.97825399786234, 44.501367788761854], [-72.97826145775616, 44.50135739520192], [-72.97826707363129, 44.5013480912894], [-72.97827336005867, 44.5013393741101], [-72.97828140668571, 44.50132990255952], [-72.97829146496952, 44.50131883844733], [-72.97830177471042, 44.50130701996386], [-72.97831040807068, 44.50129562057555], [-72.97831661067903, 44.50128564611077], [-72.978321807459, 44.501277012750506], [-72.97832650132477, 44.501268127933145], [-72.9783305246383, 44.50125857256353], [-72.97833329066634, 44.50124968774617], [-72.9783353023231, 44.501241724938154], [-72.97833723016083, 44.50123325921595], [-72.97833865508437, 44.501224206760526], [-72.97833848744631, 44.50121599249542], [-72.97833614051342, 44.50120844878256], [-72.97833127900958, 44.50119998306036], [-72.97832465730608, 44.50119034387171], [-72.97831845469773, 44.501181123778224], [-72.97831451520324, 44.50117500498891], [-72.97831342555583, 44.501171819865704], [-72.97831476666033, 44.50116913765669], [-72.97831736505032, 44.5011667907238], [-72.97832046635449, 44.5011651981622], [-72.97832381911576, 44.50116435997188], [-72.97832717187703, 44.501164108514786], [-72.97832985408604, 44.501164024695754], [-72.97833169810474, 44.50116377323866], [-72.97833228483796, 44.50116318650544], [-72.97833178192377, 44.50116276741028], [-72.97833060845733, 44.50116285122931], [-72.97832884825766, 44.50116293504834], [-72.97832641750574, 44.50116285122931], [-72.97832231037319, 44.50116276741028], [-72.97831610776484, 44.50116301886737], [-72.97830646857619, 44.501163605600595], [-72.97829389572144, 44.50116469524801], [-72.97828182578087, 44.50116561725736], [-72.97827277332544, 44.50116528198123], [-72.97826673835516, 44.50116327032447], [-72.97826204448938, 44.50115899555385], [-72.97825877554715, 44.5011530444026], [-72.9782578535378, 44.50114566832781], [-72.9782591946423, 44.50113678351045], [-72.97826254740357, 44.50112815015018], [-72.97826749272645, 44.50111993588507], [-72.9782729409635, 44.50111046433449], [-72.97827721573412, 44.50109923258424], [-72.97827830538154, 44.501086827367544], [-72.97827604226768, 44.50107450596988], [-72.97827101312578, 44.50106277130544], [-72.9782644752413, 44.50105195865035], [-72.97825651243329, 44.50104265473783], [-72.9782470408827, 44.50103368610144], [-72.97823664732277, 44.50102471746504], [-72.97822650521994, 44.50101616792381], [-72.9782166145742, 44.501007702201605], [-72.97820705920458, 44.50099864974618], [-72.97819725237787, 44.50098976492882], [-72.97818819992244, 44.50098314322531], [-72.97817931510508, 44.50097911991179], [-72.97816833481193, 44.50097568333149], [-72.97815643250942, 44.500971995294094], [-72.9781457874924, 44.50096822343767], [-72.97813673503697, 44.5009648706764], [-72.97812919132411, 44.50096168555319], [-72.97812164761126, 44.500957829877734], [-72.97811427153647, 44.50095355510712], [-72.97810664400458, 44.500949112698436], [-72.97809708863497, 44.50094433501363], [-72.97808635979891, 44.50093922205269], [-72.97807596623898, 44.50093285180628], [-72.97806741669774, 44.50092472136021], [-72.97806213609874, 44.50091600418091], [-72.97805794514716, 44.50090812519193], [-72.97805232927203, 44.5009009167552], [-72.97804587520659, 44.50089345686138], [-72.97803883440793, 44.500885074958205], [-72.97803204506636, 44.500876273959875], [-72.97802584245801, 44.500867975875735], [-72.9780194722116, 44.50086001306772], [-72.97801268287003, 44.50085146352649], [-72.97800530679524, 44.5008419919759], [-72.97799818217754, 44.500832352787256], [-72.97799181193113, 44.500822462141514], [-72.97798577696085, 44.500811314210296], [-72.97798024490476, 44.50079865753651], [-72.97797555103898, 44.500785833224654], [-72.97797186300159, 44.50077342800796], [-72.97796851024032, 44.50076160952449], [-72.97796406783164, 44.50075046159327], [-72.97795719467103, 44.500739984214306], [-72.97794763930142, 44.50073009356856], [-72.97793598845601, 44.50072095729411], [-72.97792324796319, 44.5007124915719], [-72.97791184857488, 44.50070511549711], [-72.97790363430977, 44.50069966726005], [-72.97789634205401, 44.50069488957524], [-72.97788804396987, 44.50068935751915], [-72.9778796620667, 44.50068449601531], [-72.97787128016353, 44.50068122707307], [-72.97786214388907, 44.500678880140185], [-72.97785074450076, 44.500677455216646], [-72.97783666290343, 44.50067703612149], [-72.97782191075385, 44.50067711994052], [-72.97780808061361, 44.500676868483424], [-72.97779525630176, 44.50067569501698], [-72.97778402455151, 44.500673934817314], [-72.97777480445802, 44.50067167170346], [-72.97776675783098, 44.500669157132506], [-72.9777586273849, 44.50066672638059], [-72.97775058075786, 44.50066454708576], [-72.9777432885021, 44.50066287070513], [-72.97773649916053, 44.50066144578159], [-72.97772979363799, 44.50065960176289], [-72.97772333957255, 44.500656919553876], [-72.97771680168808, 44.50065281242132], [-72.97770950943232, 44.50064652599394], [-72.97770288772881, 44.50063856318593], [-72.97769886441529, 44.50063076801598], [-72.97769702039659, 44.50062339194119], [-72.97769542783499, 44.50061568059027], [-72.97769341617823, 44.50060738250613], [-72.97769065015018, 44.50059807859361], [-72.97768721356988, 44.500587517395616], [-72.9776825197041, 44.50057645328343], [-72.97767573036253, 44.50056656263769], [-72.97766734845936, 44.50055885128677], [-72.9776587150991, 44.50055357068777], [-72.97765016555786, 44.500550301745534], [-72.9776412807405, 44.50054854154587], [-72.9776323121041, 44.500548373907804], [-72.97762476839125, 44.500549882650375], [-72.97761814668775, 44.50055298395455], [-72.97761127352715, 44.500557174906135], [-72.97760515473783, 44.5005607791245], [-72.9775997903198, 44.500563126057386], [-72.97759249806404, 44.500564550980926], [-72.97758135013282, 44.50056522153318], [-72.97756877727807, 44.500565053895116], [-72.97755721025169, 44.500564467161894], [-72.97754715196788, 44.500564048066735], [-72.97753600403666, 44.50056438334286], [-72.97752125188708, 44.5005658082664], [-72.97750406898558, 44.5005692448467], [-72.97748780809343, 44.500573771074414], [-72.97747464850545, 44.50057846494019], [-72.9774634167552, 44.5005829911679], [-72.97745017334819, 44.50058810412884], [-72.9774343315512, 44.50059413909912], [-72.97741932794452, 44.500599168241024], [-72.97740591689944, 44.500602688640356], [-72.97739351168275, 44.5006057061255], [-72.97738160938025, 44.50060872361064], [-72.97737096436322, 44.500611908733845], [-72.97736316919327, 44.500614842399955], [-72.97735872678459, 44.50061702169478], [-72.9773566313088, 44.500618698075414], [-72.97735537402332, 44.50061962008476], [-72.97735411673784, 44.50062003917992], [-72.97735185362399, 44.50061987154186], [-72.9773476626724, 44.50061886571348], [-72.97734146006405, 44.500616854056716], [-72.97733500599861, 44.50061400420964], [-72.97732913866639, 44.50061023235321], [-72.97732352279127, 44.5006057061255], [-72.97731949947774, 44.50060143135488], [-72.97731773927808, 44.5005969889462], [-72.97731773927808, 44.50059254653752], [-72.97731941565871, 44.50058910995722], [-72.97732167877257, 44.500587014481425], [-72.97732352279127, 44.50058626011014], [-72.97732419334352, 44.50058626011014], [-72.97732327133417, 44.50058659538627], [-72.97731983475387, 44.500586930662394], [-72.97731346450746, 44.50058709830046], [-72.97730399295688, 44.50058734975755], [-72.9772924259305, 44.50058760121465], [-72.97727960161865, 44.500587433576584], [-72.97726518474519, 44.50058634392917], [-72.9772493429482, 44.50058416463435], [-72.97723274677992, 44.50058173388243], [-72.97721548005939, 44.50057947076857], [-72.9771972913295, 44.50057653710246], [-72.9771782644093, 44.50057301670313], [-72.97716141678393, 44.50056974776089], [-72.97714842483401, 44.500567484647036], [-72.97713627107441, 44.50056564062834], [-72.97712235711515, 44.50056438334286], [-72.97710785642266, 44.500564550980926], [-72.97709503211081, 44.50056639499962], [-72.97708396799862, 44.500569915398955], [-72.97707382589579, 44.50057511217892], [-72.97706292942166, 44.500582069158554], [-72.97705077566206, 44.50059053488076], [-72.97703862190247, 44.50059941969812], [-72.97702806070447, 44.500607550144196], [-72.97702043317258, 44.50061501003802], [-72.97701431438327, 44.50062230229378], [-72.97700811177492, 44.500629929825664], [-72.97700115479529, 44.50063797645271], [-72.97699444927275, 44.500646106898785], [-72.97698908485472, 44.500653902068734], [-72.97698564827442, 44.50066043995321], [-72.97698363661766, 44.50066546909511], [-72.97698170877993, 44.5006696600467], [-72.97698028385639, 44.5006728451699], [-72.97698045149446, 44.50067569501698], [-72.97698145732284, 44.500680807977915], [-72.97698430716991, 44.500686675310135], [-72.97698933631182, 44.50069069862366], [-72.97699436545372, 44.50069430284202], [-72.97699796967208, 44.5006989967078], [-72.97699914313853, 44.50070452876389], [-72.9769988078624, 44.500711066648364], [-72.97699838876724, 44.500719364732504], [-72.97699738293886, 44.50072858482599], [-72.97699553892016, 44.500738056376576], [-72.97699344344437, 44.5007473602891], [-72.97699118033051, 44.50075691565871], [-72.9769882466644, 44.50076689012349], [-72.9769848100841, 44.500776529312134], [-72.97698237933218, 44.50078449212015], [-72.97698154114187, 44.50079061090946], [-72.97698154114187, 44.50079605914652], [-72.976981876418, 44.500801004469395], [-72.97698196023703, 44.50080569833517], [-72.97698095440865, 44.50081097893417], [-72.97697827219963, 44.50081743299961], [-72.97697391360998, 44.500824892893434], [-72.97696821391582, 44.50083252042532], [-72.9769605025649, 44.50084031559527], [-72.97695145010948, 44.50084769167006], [-72.97694315202534, 44.50085406191647], [-72.9769351053983, 44.5008610188961], [-72.97692705877125, 44.500869484618306], [-72.97691985033453, 44.50087887234986], [-72.97691373154521, 44.50088809244335], [-72.97690853476524, 44.500896306708455], [-72.97690375708044, 44.5009025093168], [-72.97689814120531, 44.50090787373483], [-72.97689143568277, 44.50091348960996], [-72.97688540071249, 44.50091910548508], [-72.97688137739897, 44.50092472136021], [-72.97687861137092, 44.50093117542565], [-72.97687542624772, 44.50093855150044], [-72.97687090002, 44.50094508938491], [-72.97686520032585, 44.50095078907907], [-72.97685807570815, 44.50095766223967], [-72.97684952616692, 44.500966127961874], [-72.97684055753052, 44.50097534805536], [-72.9768315050751, 44.50098414905369], [-72.97682345844805, 44.50099102221429], [-72.97681608237326, 44.50099680572748], [-72.97680828720331, 44.501002840697765], [-72.9768003243953, 44.50100879184902], [-72.97679219394922, 44.50101365335286], [-72.97678238712251, 44.501018011942506], [-72.97677174210548, 44.501022370532155], [-72.97676260583103, 44.50102689675987], [-72.97675472684205, 44.5010320097208], [-72.97674785368145, 44.50103695504367], [-72.976741399616, 44.50104114599526], [-72.97673393972218, 44.50104475021362], [-72.97672673128545, 44.50104751624167], [-72.97672186978161, 44.50104902498424], [-72.97671885229647, 44.50104936026037], [-72.97671617008746, 44.501049276441336], [-72.97671323642135, 44.501048773527145], [-72.97670921310782, 44.5010478515178], [-72.97670477069914, 44.50104743242264], [-72.97670116648078, 44.50104835443199], [-72.97669881954789, 44.50105061754584], [-72.9766969755292, 44.50105371885002], [-72.97669504769146, 44.50105765834451], [-72.97669194638729, 44.50106218457222], [-72.97668750397861, 44.501066878437996], [-72.97668322920799, 44.50107140466571], [-72.9766808822751, 44.501075176522136], [-72.97667970880866, 44.501078529283404], [-72.97667786478996, 44.50108163058758], [-72.97667652368546, 44.50108372606337], [-72.97667669132352, 44.50108431279659], [-72.97667719423771, 44.501083977520466], [-72.97667761333287, 44.501083390787244], [-72.976677948609, 44.50108263641596], [-72.976677948609, 44.5010822173208], [-72.97667736187577, 44.501081965863705], [-72.9766756016761, 44.50108129531145], [-72.97667157836258, 44.50108028948307], [-72.97666478902102, 44.50107894837856], [-72.97665640711784, 44.50107702054083], [-72.97664735466242, 44.50107400305569], [-72.97663729637861, 44.50107039883733], [-72.97662690281868, 44.50106754899025], [-72.9766187723726, 44.50106654316187], [-72.9766124021262, 44.50106712989509], [-72.97660678625107, 44.50106863863766], [-72.97660200856626, 44.50107090175152], [-72.97659781761467, 44.50107383541763], [-72.97659513540566, 44.501076098531485], [-72.97659404575825, 44.5010769367218], [-72.97659371048212, 44.50107685290277], [-72.97659320756793, 44.50107634998858], [-72.97659203410149, 44.50107576325536], [-72.97658977098763, 44.50107551179826], [-72.97658574767411, 44.501076098531485], [-72.97657904215157, 44.50107827782631], [-72.97656973823905, 44.50108171440661], [-72.97655909322202, 44.50108464807272], [-72.9765481967479, 44.50108598917723], [-72.97653746791184, 44.50108598917723], [-72.97652581706643, 44.50108464807272], [-72.97651316039264, 44.50108238495886], [-72.97650310210884, 44.5010803733021], [-72.97649790532887, 44.50107970274985], [-72.97649580985308, 44.501080038025975], [-72.97649488784373, 44.501081043854356], [-72.97649287618697, 44.50108272023499], [-72.97648876905441, 44.50108414515853], [-72.97648223116994, 44.50108515098691], [-72.97647326253355, 44.50108699500561], [-72.97646169550717, 44.501089844852686], [-72.97644903883338, 44.50109286233783], [-72.97643629834056, 44.501095712184906], [-72.9764255695045, 44.50109923258424], [-72.97641919925809, 44.501103423535824], [-72.97641618177295, 44.50110769830644], [-72.9764150083065, 44.5011115539819], [-72.97641458921134, 44.50111507438123], [-72.97641458921134, 44.50111784040928], [-72.97641484066844, 44.50111951678991], [-72.97641576267779, 44.5011202711612], [-72.97641752287745, 44.5011202711612], [-72.9764200374484, 44.50111985206604], [-72.97642305493355, 44.50111993588507], [-72.97642598859966, 44.50112119317055], [-72.9764287546277, 44.501123037189245], [-72.97643160447478, 44.50112362392247], [-72.97643470577896, 44.50112228281796], [-72.97643805854023, 44.50112018734217], [-72.9764411598444, 44.50111834332347], [-72.97644442878664, 44.50111775659025], [-72.9764482844621, 44.50111993588507], [-72.97645272687078, 44.50112387537956], [-72.97645716927946, 44.501126976683736], [-72.97646169550717, 44.50112856924534], [-72.97646764665842, 44.50113016180694], [-72.97647485509515, 44.501132341101766], [-72.97648206353188, 44.501134268939495], [-72.97649002633989, 44.50113544240594], [-72.97650067135692, 44.50113703496754], [-72.97651408240199, 44.5011392980814], [-72.97652799636126, 44.50114189647138], [-72.97654040157795, 44.501143991947174], [-72.97655113041401, 44.50114533305168], [-72.97656076960266, 44.501146003603935], [-72.97657208517194, 44.50114675797522], [-72.97658566385508, 44.50114784762263], [-72.97659873962402, 44.501148853451014], [-72.9766103066504, 44.50114902108908], [-72.97662078402936, 44.501148434355855], [-72.97663142904639, 44.50114767998457], [-72.9766417387873, 44.50114759616554], [-72.97665104269981, 44.5011477638036], [-72.97666076570749, 44.501147512346506], [-72.97667006962001, 44.501146925613284], [-72.97667685896158, 44.501146171242], [-72.97668230719864, 44.501146003603935], [-72.97668968327343, 44.50114759616554], [-72.97669949010015, 44.5011496078223], [-72.9767086263746, 44.50115061365068], [-72.97671642154455, 44.50115103274584], [-72.97672463580966, 44.50115161947906], [-72.97673385590315, 44.501152792945504], [-72.97674357891083, 44.501154720783234], [-72.97675288282335, 44.50115748681128], [-72.97676118090749, 44.50116042047739], [-72.97676771879196, 44.50116276741028], [-72.97677408903837, 44.501165030524135], [-72.9767826385796, 44.501168048009276], [-72.97679303213954, 44.501171400770545], [-72.97680275514722, 44.50117408297956], [-72.97681055031717, 44.50117567554116], [-72.97681666910648, 44.50117642991245], [-72.97682178206742, 44.50117642991245], [-72.97682723030448, 44.50117668136954], [-72.97683385200799, 44.50117793865502], [-72.97684256918728, 44.50118095614016], [-72.9768537171185, 44.50118623673916], [-72.97686344012618, 44.50119218789041], [-72.97686872072518, 44.50119646266103], [-72.97687165439129, 44.50119906105101], [-72.97687500715256, 44.50120098888874], [-72.97687869518995, 44.50120274908841], [-72.97688137739897, 44.50120341964066], [-72.97688364051282, 44.50120333582163], [-72.97688799910247, 44.50120375491679], [-72.97689462080598, 44.501205179840326], [-72.97690224833786, 44.50120744295418], [-72.97691029496491, 44.501209957525134], [-72.97691825777292, 44.50121213681996], [-72.97692839987576, 44.501214902848005], [-72.97694088891149, 44.50121892616153], [-72.97695145010948, 44.50122286565602], [-72.9769570659846, 44.50122605077922], [-72.97695865854621, 44.501228565350175], [-72.97695815563202, 44.501230577006936], [-72.9769570659846, 44.501232421025634], [-72.97695580869913, 44.501233929768205], [-72.97695455141366, 44.50123510323465], [-72.97695321030915, 44.501235941424966], [-72.97695170156658, 44.50123661197722], [-72.976950192824, 44.501237366348505], [-72.9769486002624, 44.50123803690076], [-72.97694742679596, 44.501238791272044], [-72.97694667242467, 44.50123962946236], [-72.97694667242467, 44.50124046765268], [-72.97694801352918, 44.501241724938154], [-72.97695103101432, 44.50124331749976], [-72.97695429995656, 44.50124507769942], [-72.9769570659846, 44.50124641880393], [-72.97696008346975, 44.50124700553715], [-72.97696318477392, 44.50124700553715], [-72.9769657831639, 44.501246586441994], [-72.97696804627776, 44.50124599970877], [-72.97697022557259, 44.50124541297555], [-72.97697206959128, 44.50124482624233], [-72.97697374597192, 44.501244155690074], [-72.97697525471449, 44.50124331749976], [-72.97697709873319, 44.50124239549041], [-72.97697969712317, 44.50124113820493], [-72.97698388807476, 44.50123971328139], [-72.97699118033051, 44.50123820453882], [-72.97700149007142, 44.50123711489141], [-72.97701297327876, 44.501236863434315], [-72.9770244564861, 44.501236360520124], [-72.97703510150313, 44.50123518705368], [-72.97704448923469, 44.50123476795852], [-72.9770522005856, 44.501235438510776], [-72.97705706208944, 44.501236947253346], [-72.9770595766604, 44.50123853981495], [-72.97706133686006, 44.501239797100425], [-72.97706309705973, 44.50124097056687], [-72.97706485725939, 44.50124206021428], [-72.97706678509712, 44.501243233680725], [-72.97706921584904, 44.50124491006136], [-72.97707198187709, 44.501247173175216], [-72.97707525081933, 44.501250106841326], [-72.97707877121866, 44.50125362724066], [-72.97708187252283, 44.50125714763999], [-72.97708421945572, 44.501260332763195], [-72.9770854767412, 44.50126284733415], [-72.97708556056023, 44.50126494280994], [-72.97708489000797, 44.50126687064767], [-72.97708388417959, 44.501268211752176], [-72.97708321362734, 44.50126896612346], [-72.9770831298083, 44.50126896612346], [-72.97708388417959, 44.5012685470283], [-72.97708581201732, 44.50126804411411], [-72.97708849422634, 44.50126754119992], [-72.97709226608276, 44.50126745738089], [-72.97709729522467, 44.501268211752176], [-72.97710341401398, 44.50126930139959], [-72.97710986807942, 44.50126980431378], [-72.97711581923068, 44.50126946903765], [-72.97712084837258, 44.5012685470283], [-72.97712503932416, 44.50126728974283], [-72.97712839208543, 44.50126611627638], [-72.97713115811348, 44.5012653619051], [-72.97713375650346, 44.501265110448], [-72.97713652253151, 44.50126552954316], [-72.97713979147375, 44.501266703009605], [-72.97714356333017, 44.50126904994249], [-72.97714691609144, 44.50127164833248], [-72.9771489277482, 44.50127332471311], [-72.97714959830046, 44.50127391144633], [-72.9771494306624, 44.501273995265365], [-72.97714909538627, 44.50127424672246], [-72.97714909538627, 44.50127483345568], [-72.97715010121465, 44.501276006922126], [-72.97715219669044, 44.501277431845665], [-72.97715404070914, 44.501278353855014], [-72.97715513035655, 44.501278437674046], [-72.97715638764203, 44.50127827003598], [-72.97715839929879, 44.50127810239792], [-72.97716099768877, 44.501277850940824], [-72.97716435045004, 44.50127768330276], [-72.97716828994453, 44.50127768330276], [-72.97717315144837, 44.501277850940824], [-72.97717885114253, 44.501278353855014], [-72.97718413174152, 44.501278437674046], [-72.97718840651214, 44.50127810239792], [-72.97719217836857, 44.5012775156647], [-72.97719527967274, 44.50127667747438], [-72.97719838097692, 44.50127583928406], [-72.97720181755722, 44.50127491727471], [-72.9772057570517, 44.50127391144633], [-72.97721003182232, 44.50127273797989], [-72.9772149771452, 44.50127122923732], [-72.97722034156322, 44.50126946903765], [-72.97722671180964, 44.50126846320927], [-72.97723467461765, 44.501269636675715], [-72.97724355943501, 44.50127273797989], [-72.97725110314786, 44.501276509836316], [-72.97725629992783, 44.501281371340156], [-72.97726040706038, 44.501288160681725], [-72.97726417891681, 44.50129495002329], [-72.9772681184113, 44.50129855424166], [-72.97727297991514, 44.50129922479391], [-72.97727943398058, 44.50129905715585], [-72.97728655859828, 44.50129905715585], [-72.97729477286339, 44.50129981152713], [-72.97730550169945, 44.50130148790777], [-72.97731765545905, 44.50130391865969], [-72.97732989303768, 44.50130735523999], [-72.97734187915921, 44.50131204910576], [-72.97735361382365, 44.50131816789508], [-72.97736451029778, 44.50132495723665], [-72.97737448476255, 44.50133191421628], [-72.97738345339894, 44.50133870355785], [-72.97739183530211, 44.501345325261354], [-72.977399462834, 44.5013517793268], [-72.97740692272782, 44.50135873630643], [-72.97741337679327, 44.50136602856219], [-72.97741832211614, 44.501373656094074], [-72.97742209397256, 44.50138237327337], [-72.97742494381964, 44.50139167718589], [-72.97742687165737, 44.50140098109841], [-72.97742829658091, 44.50140919536352], [-72.97742938622832, 44.501415733247995], [-72.97743005678058, 44.50142193585634], [-72.97743047587574, 44.50142822228372], [-72.97742988914251, 44.50143400579691], [-72.97742787748575, 44.501439202576876], [-72.9774251114577, 44.501443058252335], [-72.97742226161063, 44.501444986090064], [-72.97741941176355, 44.50144515372813], [-72.97741631045938, 44.501444483175874], [-72.9774129576981, 44.501443561166525], [-72.97740960493684, 44.501442639157176], [-72.97740574926138, 44.50144238770008], [-72.97740097157657, 44.50144272297621], [-72.97739518806338, 44.50144364498556], [-72.97738865017891, 44.50144473463297], [-72.97738152556121, 44.50144615955651], [-72.97737373039126, 44.501447919756174], [-72.97736551612616, 44.501450099051], [-72.97735696658492, 44.50145219452679], [-72.9773479141295, 44.50145445764065], [-72.97733752056956, 44.50145705603063], [-72.97732654027641, 44.50145948678255], [-72.97731497325003, 44.50146107934415], [-72.97730265185237, 44.50146174989641], [-72.97729108482599, 44.501461582258344], [-72.97727951779962, 44.50146049261093], [-72.97726702876389, 44.5014585647732], [-72.97725479118526, 44.501456217840314], [-72.97724456526339, 44.501454290002584], [-72.97723593190312, 44.50145294889808], [-72.9772284720093, 44.501452781260014], [-72.97722143121064, 44.501453870907426], [-72.97721363604069, 44.50145588256419], [-72.97720584087074, 44.501458229497075], [-72.97719812951982, 44.50146082788706], [-72.97718991525471, 44.50146376155317], [-72.97718262299895, 44.50146661140025], [-72.97717717476189, 44.501469461247325], [-72.97717315144837, 44.50147247873247], [-72.97717013396323, 44.501475328579545], [-72.97716787084937, 44.50147750787437], [-72.97716577537358, 44.50147884897888], [-72.97716426663101, 44.50147960335016], [-72.97716384753585, 44.501480273902416], [-72.97716384753585, 44.5014810282737], [-72.97716359607875, 44.50148195028305], [-72.9771626740694, 44.50148278847337], [-72.97716049477458, 44.501483626663685], [-72.97715680673718, 44.50148429721594], [-72.9771507717669, 44.501484464854], [-72.9771425575018, 44.501484129577875], [-72.97713316977024, 44.50148371048272], [-72.97712378203869, 44.501482704654336], [-72.9771143104881, 44.501480692997575], [-72.97710416838527, 44.50147767551243], [-72.97709385864437, 44.501474406570196], [-72.97708354890347, 44.50147205963731], [-72.97707323916256, 44.50147055089474], [-72.97706427052617, 44.50146929360926], [-72.9770572297275, 44.50146862305701], [-72.9770522005856, 44.50146862305701], [-72.97704935073853, 44.501469042152166], [-72.97704759053886, 44.50146954506636], [-72.977045327425, 44.50147055089474], [-72.97704122029245, 44.5014725625515], [-72.97703560441732, 44.50147566385567], [-72.97703065909445, 44.501479268074036], [-72.97702688723803, 44.501482620835304], [-72.97702361829579, 44.501485051587224], [-72.97702026553452, 44.50148672796786], [-72.97701632604003, 44.50148832052946], [-72.97701154835522, 44.501489996910095], [-72.97700551338494, 44.50149125419557], [-72.9769988078624, 44.501491505652666], [-72.97699310816824, 44.50149075128138], [-72.97698883339763, 44.50148966163397], [-72.97698522917926, 44.50148832052946], [-72.97698145732284, 44.50148681178689], [-72.97697860747576, 44.501485135406256], [-72.97697726637125, 44.50148295611143], [-72.97697684727609, 44.50148044154048], [-72.976976595819, 44.50147767551243], [-72.9769763443619, 44.501474909484386], [-72.9769763443619, 44.50147214345634], [-72.97697684727609, 44.50146937742829], [-72.97697776928544, 44.50146694667637], [-72.97697885893285, 44.50146485120058], [-72.97697986476123, 44.50146325863898], [-72.97698061913252, 44.5014622528106], [-72.97698154114187, 44.501461582258344], [-72.97698271460831, 44.50146107934415], [-72.97698355279863, 44.50146107934415], [-72.97698405571282, 44.501461582258344], [-72.97698388807476, 44.50146275572479], [-72.97698212787509, 44.50146485120058], [-72.97697768546641, 44.501468036323786], [-72.97697081230581, 44.501471891999245], [-72.97696209512651, 44.50147558003664], [-72.97695153392851, 44.50147893279791], [-72.9769398830831, 44.50148153118789], [-72.97692697495222, 44.501481615006924], [-72.97691348008811, 44.50147985480726], [-72.9769018292427, 44.501477256417274], [-72.97689462080598, 44.50147457420826], [-72.97689110040665, 44.501471975818276], [-72.9768885858357, 44.50146920979023], [-72.97688682563603, 44.50146669521928], [-72.97688481397927, 44.50146392919123], [-72.97688238322735, 44.50146082788706], [-72.9768796171993, 44.501457726582885], [-72.97687584534287, 44.50145361945033], [-72.97687064856291, 44.50144909322262], [-72.97686603851616, 44.50144523754716], [-72.97686352394521, 44.501442136242986], [-72.9768621828407, 44.501439537853], [-72.97686176374555, 44.50143744237721], [-72.9768621828407, 44.5014361012727], [-72.97686310485005, 44.50143543072045], [-72.97686444595456, 44.50143517926335], [-72.97686645761132, 44.50143559835851], [-72.97686922363937, 44.50143643654883], [-72.97687207348645, 44.501437693834305], [-72.97687542624772, 44.501439202576876], [-72.97687928192317, 44.50144121423364], [-72.9768828023225, 44.50144347734749], [-72.97688548453152, 44.501445991918445], [-72.97688665799797, 44.50144859030843], [-72.9768864903599, 44.50145127251744], [-72.97688590362668, 44.50145403854549], [-72.97688540071249, 44.501456804573536], [-72.9768848977983, 44.50145940296352], [-72.97688422724605, 44.50146191753447], [-72.97688263468444, 44.50146443210542], [-72.97687944956124, 44.50146719813347], [-72.9768743366003, 44.5014707185328], [-72.97686687670648, 44.50147507712245], [-72.97685748897493, 44.501480273902416], [-72.97684667631984, 44.5014863088727], [-72.97683427110314, 44.50149326585233], [-72.97682161442935, 44.50149946846068], [-72.97680987976491, 44.50150357559323], [-72.97679680399597, 44.50150650925934], [-72.9767812974751, 44.50150969438255], [-72.97676428221166, 44.501513466238976], [-72.9767469316721, 44.50151665136218], [-72.97673075459898, 44.50151807628572], [-72.97671625390649, 44.50151807628572], [-72.97670275904238, 44.50151816010475], [-72.97668909654021, 44.50151899829507], [-72.9766742605716, 44.501520255580544], [-72.9766570776701, 44.50152134522796], [-72.97663955949247, 44.501521680504084], [-72.97662388533354, 44.50152184814215], [-72.97660930082202, 44.50152184814215], [-72.97659412957728, 44.501521261408925], [-72.97657870687544, 44.501519752666354], [-72.97656328417361, 44.5015174895525], [-72.97654777765274, 44.50151480734348], [-72.97653344459832, 44.501511454582214], [-72.97651978209615, 44.50150793418288], [-72.97650435939431, 44.501504665240645], [-72.97648566775024, 44.50150131247938], [-72.97646588645875, 44.5014984626323], [-72.97644753009081, 44.50149603188038], [-72.9764308501035, 44.501493349671364], [-72.97641458921134, 44.50149016454816], [-72.97639723867178, 44.50148681178689], [-72.9763785470277, 44.501483626663685], [-72.9763597715646, 44.501481195911765], [-72.97634216956794, 44.50147910043597], [-72.97632465139031, 44.50147692114115], [-72.97630704939365, 44.501474825665355], [-72.97629129141569, 44.50147264637053], [-72.97627762891352, 44.50147013179958], [-72.97626480460167, 44.50146761722863], [-72.97625097446144, 44.501465521752834], [-72.97623513266444, 44.50146443210542], [-72.97621753066778, 44.50146418064833], [-72.97619976103306, 44.501464515924454], [-72.97618450596929, 44.50146476738155], [-72.97617218457162, 44.50146493501961], [-72.97616028226912, 44.50146594084799], [-72.97614645212889, 44.501468539237976], [-72.97613186761737, 44.5014725625515], [-72.97611719928682, 44.501477340236306], [-72.97610278241336, 44.50148245319724], [-72.97608870081604, 44.50148781761527], [-72.97607470303774, 44.50149360112846], [-72.97606045380235, 44.50149988755584], [-72.97604687511921, 44.50150592252612], [-72.97603354789317, 44.50151170603931], [-72.9760193824768, 44.501517824828625], [-72.97600437887013, 44.50152427889407], [-72.97598920762539, 44.501531487330794], [-72.97597495839, 44.50153945013881], [-72.97596196644008, 44.50154732912779], [-72.97594989649951, 44.501554537564516], [-72.97593791037798, 44.50156048871577], [-72.9759250022471, 44.501565769314766], [-72.97591142356396, 44.50157079845667], [-72.9758970066905, 44.50157624669373], [-72.97588233835995, 44.50158253312111], [-72.97586901113391, 44.50158881954849], [-72.97585953958333, 44.50159393250942], [-72.97585476189852, 44.50159787200391], [-72.9758520796895, 44.50160156004131], [-72.9758502356708, 44.50160508044064], [-72.97584948129952, 44.501607678830624], [-72.97584956511855, 44.50160952284932], [-72.97584973275661, 44.501611199229956], [-72.97584956511855, 44.50161304324865], [-72.97584881074727, 44.50161539018154], [-72.9758470505476, 44.50161824002862], [-72.97584428451955, 44.501621006056666], [-72.97584009356797, 44.50162368826568], [-72.9758335556835, 44.50162595137954], [-72.97582349739969, 44.50162787921727], [-72.97580991871655, 44.50162863358855], [-72.97579491510987, 44.50162787921727], [-72.97578142024577, 44.501626286655664], [-72.97577060759068, 44.501624526456], [-72.97576029784977, 44.50162318535149], [-72.97574797645211, 44.50162301771343], [-72.97573372721672, 44.50162444263697], [-72.97571830451488, 44.501627795398235], [-72.97570212744176, 44.50163282454014], [-72.97568578273058, 44.50163936242461], [-72.9756694380194, 44.50164623558521], [-72.9756535962224, 44.50165210291743], [-72.9756382573396, 44.501657132059336], [-72.97562283463776, 44.50166157446802], [-72.97560648992658, 44.50166568160057], [-72.97558880411088, 44.50166962109506], [-72.97557111829519, 44.50167381204665], [-72.97555393539369, 44.50167833827436], [-72.97553817741573, 44.50168177485466], [-72.97552417963743, 44.5016847923398], [-72.97550942748785, 44.5016884803772], [-72.97549249604344, 44.501693258062005], [-72.97547455877066, 44.501699544489384], [-72.97545779496431, 44.501706417649984], [-72.9754432104528, 44.50171303935349], [-72.97543021850288, 44.50171907432377], [-72.97541655600071, 44.50172485783696], [-72.97540071420372, 44.50173072516918], [-72.97538386657834, 44.50173650868237], [-72.97536727041006, 44.50174170546234], [-72.97535050660372, 44.50174581259489], [-72.975332736969, 44.50174908153713], [-72.97531521879137, 44.50175109319389], [-72.97529920935631, 44.50175159610808], [-72.97528428956866, 44.501751847565174], [-72.97526970505714, 44.501752853393555], [-72.97525486908853, 44.501754865050316], [-72.97523827292025, 44.501758301630616], [-72.97522075474262, 44.50176324695349], [-72.97520441003144, 44.50176861137152], [-72.97518990933895, 44.5017728023231], [-72.97517716884613, 44.501775819808245], [-72.97516459599137, 44.50177908875048], [-72.97515059821308, 44.50178344734013], [-72.9751355946064, 44.50178914703429], [-72.97512084245682, 44.501796355471015], [-72.97510684467852, 44.5018039830029], [-72.9750941041857, 44.50181068852544], [-72.9750822018832, 44.50181672349572], [-72.97506954520941, 44.50182334519923], [-72.9750560503453, 44.501830134540796], [-72.97504213638604, 44.5018367562443], [-72.97502847388387, 44.50184337794781], [-72.97501573339105, 44.501849580556154], [-72.97500341199338, 44.50185528025031], [-72.97499058768153, 44.50186123140156], [-72.9749770089984, 44.50186827220023], [-72.97496234066784, 44.5018764026463], [-72.97494666650891, 44.50188520364463], [-72.97493082471192, 44.50189433991909], [-72.97491573728621, 44.501903392374516], [-72.97490123659372, 44.50191202573478], [-72.97488757409155, 44.50191982090473], [-72.97487609088421, 44.50192593969405], [-72.97486569732428, 44.50193147175014], [-72.97485371120274, 44.50193826109171], [-72.97483962960541, 44.50194706209004], [-72.97482596710324, 44.501956114545465], [-72.97481347806752, 44.50196365825832], [-72.9748004861176, 44.501969777047634], [-72.97478623688221, 44.50197539292276], [-72.97477123327553, 44.50198092497885], [-72.9747571516782, 44.50198628939688], [-72.9747439082712, 44.50199165381491], [-72.97473100014031, 44.50199735350907], [-72.97471825964749, 44.5020027179271], [-72.97470518387854, 44.502007411792874], [-72.97469110228121, 44.50201218947768], [-72.97467534430325, 44.502018140628934], [-72.97465757466853, 44.5020251814276], [-72.97463930211961, 44.50203322805464], [-72.97462304122746, 44.502041190862656], [-72.97460795380175, 44.50204856693745], [-72.97459295019507, 44.502054853364825], [-72.9745779465884, 44.50205996632576], [-72.97456244006753, 44.50206449255347], [-72.97454508952796, 44.502069018781185], [-72.97452673316002, 44.50207362882793], [-72.9745084606111, 44.502077819779515], [-72.9744912777096, 44.50208092108369], [-72.97447694465518, 44.50208276510239], [-72.97446445561945, 44.50208477675915], [-72.97445112839341, 44.502088045701385], [-72.9744346998632, 44.50209307484329], [-72.97441592440009, 44.502098271623254], [-72.97439656220376, 44.50210304930806], [-72.97437837347388, 44.50210740789771], [-72.97436278313398, 44.50211126357317], [-72.97434886917472, 44.50211486779153], [-72.97433621250093, 44.50211855582893], [-72.97432355582714, 44.50212299823761], [-72.97430980950594, 44.502128614112735], [-72.97429480589926, 44.50213573873043], [-72.97427988611162, 44.50214386917651], [-72.97426588833332, 44.502151580527425], [-72.9742531478405, 44.5021581184119], [-72.974241245538, 44.50216373428702], [-72.97422900795937, 44.50216935016215], [-72.97421517781913, 44.50217622332275], [-72.97419958747923, 44.50218443758786], [-72.97418424859643, 44.502192651852965], [-72.97417083755136, 44.50219986028969], [-72.97415843233466, 44.50220514088869], [-72.97414686530828, 44.502208745107055], [-72.97413437627256, 44.502212181687355], [-72.97411987558007, 44.502216121181846], [-72.97410361468792, 44.50222081504762], [-72.97408618032932, 44.502225928008556], [-72.97406849451363, 44.502230705693364], [-72.97405089251697, 44.50223481282592], [-72.9740340448916, 44.50223841704428], [-72.97401887364686, 44.502242524176836], [-72.97400403767824, 44.50224855914712], [-72.97398827970028, 44.50225543230772], [-72.97397185117006, 44.50226272456348], [-72.97395617701113, 44.50227010063827], [-72.97394293360412, 44.50227688997984], [-72.97393186949193, 44.50228384695947], [-72.97392080537975, 44.50229147449136], [-72.9739079810679, 44.50230035930872], [-72.9738937318325, 44.50230924412608], [-72.97387965023518, 44.502317206934094], [-72.97386582009494, 44.50232466682792], [-72.97385383397341, 44.50233078561723], [-72.97384553588927, 44.50233464129269], [-72.97383774071932, 44.50233858078718], [-72.97382726334035, 44.502345034852624], [-72.97381527721882, 44.50235308147967], [-72.97380312345922, 44.502361631020904], [-72.97379130497575, 44.50236959382892], [-72.97378040850163, 44.50237546116114], [-72.97377102077007, 44.50237965211272], [-72.97376062721014, 44.50238384306431], [-72.97374696470797, 44.50238836929202], [-72.9737317096442, 44.5023928117007], [-72.97371695749462, 44.502397421747446], [-72.97370388172567, 44.50240186415613], [-72.97369281761348, 44.502406138926744], [-72.97368250787258, 44.50241141952574], [-72.97367194667459, 44.502417370676994], [-72.97366155311465, 44.50242340564728], [-72.97365199774504, 44.50242935679853], [-72.97364478930831, 44.502434469759464], [-72.97363984398544, 44.50243949890137], [-72.97363590449095, 44.502446455881], [-72.9736331384629, 44.50245592743158], [-72.97363330610096, 44.50246690772474], [-72.97363732941449, 44.5024776365608], [-72.97364302910864, 44.502486772835255], [-72.97364839352667, 44.50249389745295], [-72.97365451231599, 44.50250060297549], [-72.97366281040013, 44.50250797905028], [-72.97367320396006, 44.5025156904012], [-72.97368577681482, 44.502523485571146], [-72.97370153479278, 44.502532789483666], [-72.97371888533235, 44.502542512491345], [-72.9737353976816, 44.50255139730871], [-72.97375149093568, 44.50255944393575], [-72.97376540489495, 44.50256631709635], [-72.97377755865455, 44.50257335789502], [-72.97379004769027, 44.50258224271238], [-72.97380303964019, 44.50259305536747], [-72.97381619922817, 44.50260520912707], [-72.97382944263518, 44.5026174467057], [-72.97384369187057, 44.50262985192239], [-72.9738575220108, 44.50264141894877], [-72.97386950813234, 44.50265164487064], [-72.9738799855113, 44.50266103260219], [-72.97388912178576, 44.50266966596246], [-72.97389850951731, 44.50267846696079], [-72.97390840016305, 44.50268726795912], [-72.97391703352332, 44.50269456021488], [-72.97392541542649, 44.502700259909034], [-72.97393480315804, 44.50270512141287], [-72.97394452616572, 44.50270931236446], [-72.97395374625921, 44.50271291658282], [-72.9739613737911, 44.50271559879184], [-72.97396740876138, 44.50271719135344], [-72.97397470101714, 44.50271828100085], [-72.97398400492966, 44.50272004120052], [-72.97399288974702, 44.5027226395905], [-72.97399967908859, 44.50272565707564], [-72.97400462441146, 44.502729093655944], [-72.97400780953467, 44.50273286551237], [-72.97400906682014, 44.502736972644925], [-72.97401007264853, 44.50274242088199], [-72.97401091083884, 44.50274887494743], [-72.97401074320078, 44.502754490822554], [-72.97400889918208, 44.50275935232639], [-72.97400588169694, 44.50276446528733], [-72.97400227747858, 44.50276790186763], [-72.97399842180312, 44.50276932679117], [-72.97399473376572, 44.502769745886326], [-72.9739909619093, 44.50276991352439], [-72.97398677095771, 44.502770751714706], [-72.97398249618709, 44.50277276337147], [-72.97397989779711, 44.502776535227895], [-72.97397788614035, 44.502779468894005], [-72.97397528775036, 44.502779468894005], [-72.9739732760936, 44.5027781277895], [-72.97397235408425, 44.50277728959918], [-72.9739730246365, 44.50277770869434], [-72.97397553920746, 44.50277988798916], [-72.97398023307323, 44.502782905474305], [-72.97398643568158, 44.502786342054605], [-72.97399397939444, 44.50279053300619], [-72.9740044567734, 44.5027971547097], [-72.97401761636138, 44.5028056204319], [-72.97403186559677, 44.502814169973135], [-72.97404636628926, 44.50282162986696], [-72.97406002879143, 44.50282800011337], [-72.97407226637006, 44.502833783626556], [-72.97408324666321, 44.50283973477781], [-72.97409439459443, 44.5028471108526], [-72.97410713508725, 44.502856666222215], [-72.97412054613233, 44.50286705978215], [-72.97413269989192, 44.50287728570402], [-72.97414233908057, 44.5028867572546], [-72.97414996661246, 44.50289555825293], [-72.97415776178241, 44.50290477834642], [-72.97416723333299, 44.50291559100151], [-72.97417796216905, 44.50292732566595], [-72.9741891939193, 44.50293864123523], [-72.97420009039342, 44.50294869951904], [-72.97420939430594, 44.50295724906027], [-72.97421769239008, 44.50296546332538], [-72.9742269963026, 44.502974934875965], [-72.97423738986254, 44.50298482552171], [-72.97424862161279, 44.50299412943423], [-72.97426044009626, 44.50300385244191], [-72.97427267767489, 44.503014665097], [-72.97428508289158, 44.50302606448531], [-72.9742978233844, 44.5030371285975], [-72.97430955804884, 44.50304752215743], [-72.97431978397071, 44.5030577480793], [-72.97432749532163, 44.503067303448915], [-72.97433478757739, 44.50307669118047], [-72.9743427503854, 44.50308498926461], [-72.97435113228858, 44.503091778606176], [-72.97435951419175, 44.50309798121452], [-72.97436487860978, 44.50310309417546], [-72.97436814755201, 44.5031077042222], [-72.97437334433198, 44.50311440974474], [-72.97437988221645, 44.50312287546694], [-72.97438717447221, 44.50313150882721], [-72.97439597547054, 44.50313938781619], [-72.97440628521144, 44.50314684771001], [-72.9744170140475, 44.50315388850868], [-72.97442891635, 44.50316076166928], [-72.97444241121411, 44.503167467191815], [-72.97445590607822, 44.503173250705004], [-72.97446889802814, 44.503177776932716], [-72.9744809679687, 44.50318129733205], [-72.97449278645217, 44.503184985369444], [-72.97450619749725, 44.50319060124457], [-72.97452170401812, 44.50319739058614], [-72.97453729435802, 44.50320325791836], [-72.97455263324082, 44.50320736505091], [-72.97456797212362, 44.50321080163121], [-72.97458280809224, 44.50321448966861], [-72.97459898516536, 44.50321943499148], [-72.9746178444475, 44.50322622433305], [-72.974635027349, 44.503233432769775], [-72.97464961186051, 44.50323997065425], [-72.974664112553, 44.50324600562453], [-72.97467919997871, 44.50325187295675], [-72.97469512559474, 44.5032580755651], [-72.97471046447754, 44.503263775259256], [-72.97472496517003, 44.50326846912503], [-72.97474030405283, 44.50327266007662], [-72.97475480474532, 44.50327701866627], [-72.97476670704782, 44.503281796351075], [-72.97477710060775, 44.503286154940724], [-72.97478824853897, 44.50328975915909], [-72.97480124048889, 44.503293447196484], [-72.97481683082879, 44.5032977219671], [-72.97483409754932, 44.50330174528062], [-72.97485195100307, 44.503305265679955], [-72.97486863099039, 44.503308199346066], [-72.97488229349256, 44.50330954045057], [-72.97489369288087, 44.50330945663154], [-72.97490375116467, 44.503309205174446], [-72.97491389326751, 44.50330945663154], [-72.97492613084614, 44.50331071391702], [-72.9749418888241, 44.503313479945064], [-72.97495974227786, 44.50331733562052], [-72.97497709281743, 44.50332077220082], [-72.97499218024313, 44.50332353822887], [-72.97500601038337, 44.50332739390433], [-72.97501975670457, 44.50333342887461], [-72.97503350302577, 44.50334181077778], [-72.97504724934697, 44.50335195288062], [-72.97505906783044, 44.50336226262152], [-72.97506904229522, 44.50337248854339], [-72.97507759183645, 44.50338221155107], [-72.97508547082543, 44.503391264006495], [-72.97509418800473, 44.50340090319514], [-72.97510382719338, 44.50341104529798], [-72.97511422075331, 44.50342210941017], [-72.97512662597, 44.50343459844589], [-72.97513986937702, 44.50344733893871], [-72.97515244223177, 44.50345991179347], [-72.97516392543912, 44.50347114354372], [-72.97517297789454, 44.50347935780883], [-72.97518135979772, 44.503485979512334], [-72.97519133426249, 44.50349360704422], [-72.97520306892693, 44.50350249186158], [-72.9752151388675, 44.50351078994572], [-72.97522578388453, 44.50351716019213], [-72.97523567453027, 44.50352202169597], [-72.97524556517601, 44.50352696701884], [-72.97525704838336, 44.503533923998475], [-72.97527104616165, 44.50354389846325], [-72.97528470866382, 44.50355529785156], [-72.97529728151858, 44.503566613420844], [-72.97530951909721, 44.50357667170465], [-72.97531940974295, 44.503584215417504], [-72.97532846219838, 44.503591591492295], [-72.97533893957734, 44.50360072776675], [-72.97534924931824, 44.50361078605056], [-72.97535872086883, 44.503621933981776], [-72.97536651603878, 44.50363383628428], [-72.97537129372358, 44.50364565476775], [-72.97537330538034, 44.503658059984446], [-72.9753739759326, 44.503670800477266], [-72.97537338919938, 44.50368412770331], [-72.97537120990455, 44.503698041662574], [-72.97536794096231, 44.503712374717], [-72.97536383382976, 44.50372662395239], [-72.97535897232592, 44.50373953208327], [-72.9753528535366, 44.50375109910965], [-72.97534480690956, 44.503762163221836], [-72.97533508390188, 44.50377322733402], [-72.97532385215163, 44.50378521345556], [-72.97531102783978, 44.50379837304354], [-72.9752981197089, 44.503811029717326], [-72.97528563067317, 44.50382309965789], [-72.97527372837067, 44.50383483432233], [-72.97526291571558, 44.50384589843452], [-72.97525252215564, 44.503856878727674], [-72.97524271532893, 44.50386743992567], [-72.97523290850222, 44.503876995295286], [-72.97522293403745, 44.503885796293616], [-72.97521279193461, 44.50389468111098], [-72.97520197927952, 44.503904320299625], [-72.97519049607217, 44.50391530059278], [-72.97517959959805, 44.50392695143819], [-72.97516945749521, 44.50393876992166], [-72.97516040503979, 44.50394991785288], [-72.97515286132693, 44.503959473222494], [-72.97514489851892, 44.50396911241114], [-72.97513542696834, 44.50397975742817], [-72.97512394376099, 44.503991240635514], [-72.97511070035398, 44.50400331057608], [-72.97509720548987, 44.50401546433568], [-72.9750840459019, 44.504027869552374], [-72.97507122159004, 44.5040403585881], [-72.97505915164948, 44.504051841795444], [-72.97504666261375, 44.504063073545694], [-72.97503400593996, 44.50407422147691], [-72.97502252273262, 44.50408427976072], [-72.97501288354397, 44.504093416035175], [-72.97500525601208, 44.50410154648125], [-72.97499796375632, 44.50410976074636], [-72.97499000094831, 44.504119316115975], [-72.97498161904514, 44.50413038022816], [-72.97497298568487, 44.504142198711634], [-72.97496418468654, 44.504153933376074], [-72.97495488077402, 44.50416508130729], [-72.97494574449956, 44.504175558686256], [-72.97493786551058, 44.50418536551297], [-72.97493141144514, 44.50419425033033], [-72.9749252088368, 44.504202380776405], [-72.97491825185716, 44.50421084649861], [-72.97491003759205, 44.504220485687256], [-72.9749006498605, 44.504231130704284], [-72.97488966956735, 44.5042422786355], [-72.97487776726484, 44.50425359420478], [-72.97486536204815, 44.50426507741213], [-72.97485278919339, 44.50427630916238], [-72.97484097070992, 44.50428678654134], [-72.97483133152127, 44.50429558753967], [-72.97482278198004, 44.50430338270962], [-72.97481398098171, 44.50431117787957], [-72.97480501234531, 44.50431905686855], [-72.9747952055186, 44.50432777404785], [-72.9747833032161, 44.50433841906488], [-72.9747714009136, 44.504349986091256], [-72.97476209700108, 44.50436046347022], [-72.97475648112595, 44.504368510097265], [-72.97475379891694, 44.504374880343676], [-72.97475229017437, 44.504381250590086], [-72.97475111670792, 44.50438837520778], [-72.97475002706051, 44.5043979305774], [-72.97474910505116, 44.50440916232765], [-72.97474809922278, 44.50442139990628], [-72.97474412369463, 44.50443805325757]]}}, {"type": "Feature", "properties": {"name": "walk-02", "distance_km": 4.282, "points": 4391, "clipped": true}, "geometry": {"type": "LineString", "coordinates": [[-72.9747507814318, 44.50443238019943], [-72.97475622966886, 44.504425674676895], [-72.9747589956969, 44.504419304430485], [-72.97476436011493, 44.50441553257406], [-72.97477056272328, 44.504411928355694], [-72.97477760352194, 44.50440673157573], [-72.97478422522545, 44.504397260025144], [-72.97478975728154, 44.5043839327991], [-72.9747954569757, 44.504369432106614], [-72.97480174340308, 44.50435451231897], [-72.97480786219239, 44.50433976016939], [-72.97481372952461, 44.50432534329593], [-72.97481942921877, 44.504311261698604], [-72.97482554800808, 44.5042975153774], [-72.97483242116868, 44.50428385287523], [-72.97484055161476, 44.504269771277905], [-72.97484943643212, 44.504255605861545], [-72.97485840506852, 44.504242446273565], [-72.97486661933362, 44.50423079542816], [-72.97487441450357, 44.5042200665921], [-72.97488254494965, 44.50421000830829], [-72.97489168122411, 44.50420028530061], [-72.97490157186985, 44.50419081375003], [-72.97491163015366, 44.50418100692332], [-72.97492110170424, 44.504171032458544], [-72.9749299865216, 44.50416122563183], [-72.97493878751993, 44.50415192171931], [-72.97494825907052, 44.50414253398776], [-72.97495848499238, 44.504132978618145], [-72.97496854327619, 44.5041233394295], [-72.97497784718871, 44.50411370024085], [-72.97498639672995, 44.5041040610522], [-72.97499503009021, 44.50409458950162], [-72.97500383108854, 44.50408536940813], [-72.97501238062978, 44.504076233133674], [-72.97502093017101, 44.50406709685922], [-72.97502956353128, 44.50405812822282], [-72.97503735870123, 44.50404966250062], [-72.97504406422377, 44.504042034968734], [-72.9750507697463, 44.50403449125588], [-72.9750581458211, 44.50402619317174], [-72.97506602481008, 44.50401697307825], [-72.97507432289422, 44.50400725007057], [-72.97508295625448, 44.503997191786766], [-72.97509209252894, 44.503987384960055], [-72.97510114498436, 44.503977661952376], [-72.97510961070657, 44.50396802276373], [-72.9751181602478, 44.50395829975605], [-72.97512729652226, 44.50394857674837], [-72.97513651661575, 44.50393885374069], [-72.97514556907117, 44.50392938219011], [-72.97515445388854, 44.50392007827759], [-72.97516350634396, 44.50391077436507], [-72.97517289407551, 44.50390105135739], [-72.97518320381641, 44.503890573978424], [-72.97519435174763, 44.50388009659946], [-72.97520575113595, 44.50387028977275], [-72.97521614469588, 44.50386148877442], [-72.97522561624646, 44.50385319069028], [-72.97523492015898, 44.5038450602442], [-72.97524363733828, 44.503836845979095], [-72.97525185160339, 44.50382829643786], [-72.97525998204947, 44.50381890870631], [-72.97526735812426, 44.50380926951766], [-72.97527364455163, 44.50380046851933], [-72.9752788413316, 44.503792338073254], [-72.97528336755931, 44.50378429144621], [-72.97528764232993, 44.503775741904974], [-72.97529174946249, 44.503766521811485], [-72.97529459930956, 44.5037570502609], [-72.97529619187117, 44.50374783016741], [-72.97529736533761, 44.50373844243586], [-72.97529845498502, 44.50372871942818], [-72.97529954463243, 44.50371874496341], [-72.97530080191791, 44.50370877049863], [-72.97530272975564, 44.50369879603386], [-72.97530650161207, 44.50368857011199], [-72.9753132071346, 44.503678008913994], [-72.97532284632325, 44.503667280077934], [-72.97533315606415, 44.50365772470832], [-72.9753425437957, 44.50364942662418], [-72.97535117715597, 44.50364179909229], [-72.97535981051624, 44.50363400392234], [-72.97536877915263, 44.50362587347627], [-72.9753774125129, 44.50361782684922], [-72.9753861296922, 44.50361078605056], [-72.97539593651891, 44.50360441580415], [-72.97540733590722, 44.50359829701483], [-72.9754189029336, 44.50359217822552], [-72.97543021850288, 44.503585724160075], [-72.97544128261507, 44.50357868336141], [-72.97545251436532, 44.503571977838874], [-72.97546416521072, 44.50356552377343], [-72.9754757322371, 44.50355898588896], [-72.97548721544445, 44.50355311855674], [-72.97549853101373, 44.503548089414835], [-72.97550925984979, 44.50354389846325], [-72.97551998868585, 44.50354062952101], [-72.975530968979, 44.503537779673934], [-72.97554144635797, 44.50353509746492], [-72.9755515884608, 44.50353224761784], [-72.97556139528751, 44.50352881103754], [-72.97557069920003, 44.50352478772402], [-72.97557891346514, 44.50352059677243], [-72.97558587044477, 44.50351665727794], [-72.97559182159603, 44.50351271778345], [-72.97559668309987, 44.5035083591938], [-72.97560028731823, 44.5035033300519], [-72.97560296952724, 44.50349796563387], [-72.97560506500304, 44.50349251739681], [-72.97560690902174, 44.50348732061684], [-72.97560925595462, 44.503482626751065], [-72.97561193816364, 44.503478184342384], [-72.97561487182975, 44.5034739933908], [-72.97561822459102, 44.50347013771534], [-72.97562224790454, 44.5034668687731], [-72.97562685795128, 44.503464521840215], [-72.97563188709319, 44.50346276164055], [-72.97563733533025, 44.50346133671701], [-72.97564412467182, 44.50345940887928], [-72.97565250657499, 44.50345647521317], [-72.97566164284945, 44.503452368080616], [-72.97566927038133, 44.50344817712903], [-72.97567530535161, 44.50344432145357], [-72.97568092122674, 44.50343996286392], [-72.97568620182574, 44.50343501754105], [-72.97569097951055, 44.50342956930399], [-72.97569575719535, 44.503423450514674], [-72.97570128925145, 44.50341657735407], [-72.97570757567883, 44.50340903364122], [-72.97571428120136, 44.50340140610933], [-72.97572081908584, 44.50339403003454], [-72.97572693787515, 44.50338665395975], [-72.97573263756931, 44.503379445523024], [-72.97573909163475, 44.503372237086296], [-72.97574697062373, 44.50336494483054], [-72.97575568780303, 44.50335773639381], [-72.97576474025846, 44.50335094705224], [-72.97577396035194, 44.503344325348735], [-72.9757833480835, 44.5033376198262], [-72.9757934063673, 44.50333024375141], [-72.97580388374627, 44.5033217780292], [-72.97581302002072, 44.503313312307], [-72.9758195579052, 44.50330660678446], [-72.97582517378032, 44.50330107472837], [-72.97583263367414, 44.50329470448196], [-72.97584244050086, 44.50328724458814], [-72.9758520796895, 44.50328011997044], [-72.97586062923074, 44.50327433645725], [-72.9758679214865, 44.50326939113438], [-72.97587437555194, 44.50326528400183], [-72.97587948851287, 44.503262769430876], [-72.97588451765478, 44.50326201505959], [-72.97588954679668, 44.50326243415475], [-72.97589432448149, 44.50326545163989], [-72.9758985992521, 44.50327115133405], [-72.9759004432708, 44.50327852740884], [-72.97589926980436, 44.50328649021685], [-72.975895665586, 44.50329520739615], [-72.97589021734893, 44.503305265679955], [-72.97588284127414, 44.50331607833505], [-72.97587370499969, 44.50332739390433], [-72.97586322762072, 44.503339380025864], [-72.97585191205144, 44.50335128232837], [-72.97584084793925, 44.50336150825024], [-72.97582978382707, 44.50337081216276], [-72.97581838443875, 44.50338078662753], [-72.9758076556027, 44.50339143164456], [-72.9757970944047, 44.50340266339481], [-72.9757865332067, 44.50341439805925], [-72.97577563673258, 44.50342655181885], [-72.9757643211633, 44.50343887321651], [-72.97575367614627, 44.50345027260482], [-72.97574378550053, 44.50345882214606], [-72.97573381103575, 44.50346477329731], [-72.97572341747582, 44.503470389172435], [-72.9757120180875, 44.50347692705691], [-72.97569894231856, 44.50348497368395], [-72.97568519599736, 44.50349410995841], [-72.97567178495228, 44.50350341387093], [-72.97565879300237, 44.50351263396442], [-72.97564588487148, 44.50352202169597], [-72.97563373111188, 44.503530990332365], [-72.97562249936163, 44.50353937223554], [-72.97561277635396, 44.50354750268161], [-72.97560405917466, 44.503555884584785], [-72.97559534199536, 44.503564685583115], [-72.97558587044477, 44.50357432477176], [-72.97557572834194, 44.50358463451266], [-72.97556541860104, 44.503594441339374], [-72.9755552764982, 44.50360273942351], [-72.9755449667573, 44.503609696403146], [-72.97553448937833, 44.5036156475544], [-72.97552342526615, 44.50362126342952], [-72.97551093623042, 44.503626795485616], [-72.97549718990922, 44.50363174080849], [-72.97548352740705, 44.50363534502685], [-72.97547263093293, 44.503637524321675], [-72.9754656739533, 44.50363920070231], [-72.97546156682074, 44.50364079326391], [-72.97545863315463, 44.50364230200648], [-72.97545628622174, 44.50364355929196], [-72.97545460984111, 44.50364464893937], [-72.9754532687366, 44.50364573858678], [-72.97545209527016, 44.503646744415164], [-72.97545108944178, 44.50364766642451], [-72.97545025125146, 44.5036484207958], [-72.97544949688017, 44.50364909134805], [-72.97544874250889, 44.503649678081274], [-72.97544790431857, 44.503650180995464], [-72.97544740140438, 44.50365034863353], [-72.97544740140438, 44.503650180995464], [-72.97544765286148, 44.50364959426224], [-72.9754479881376, 44.50364867225289], [-72.97544807195663, 44.50364766642451], [-72.97544731758535, 44.503646828234196], [-72.97544513829052, 44.50364649295807], [-72.97544044442475, 44.50364699587226], [-72.97543214634061, 44.50364883989096], [-72.97542124986649, 44.5036518573761], [-72.97541001811624, 44.503655126318336], [-72.97539912164211, 44.50365738943219], [-72.97538755461574, 44.50365889817476], [-72.97537405975163, 44.50365940108895], [-72.97535955905914, 44.503657976165414], [-72.97534581273794, 44.50365445576608], [-72.97533323988318, 44.50364959426224], [-72.97532091848552, 44.5036447327584], [-72.97530641779304, 44.50363911688328], [-72.9752894025296, 44.50363174080849], [-72.97527289018035, 44.50362302362919], [-72.97525838948786, 44.50361413881183], [-72.97524573281407, 44.50360584072769], [-72.9752341657877, 44.50359779410064], [-72.97522192820907, 44.50358890928328], [-72.9752096068114, 44.5035791862756], [-72.97519711777568, 44.50356854125857], [-72.97518412582576, 44.503557309508324], [-72.97517197206616, 44.50354599393904], [-72.97516082413495, 44.50353375636041], [-72.97515193931758, 44.50352151878178], [-72.9751445632428, 44.50351037085056], [-72.97513701952994, 44.50350106693804], [-72.9751287214458, 44.503492852672935], [-72.97511874698102, 44.50348296202719], [-72.97510717995465, 44.50347164645791], [-72.97509527765214, 44.5034602470696], [-72.9750835429877, 44.503448847681284], [-72.97507331706583, 44.50343795120716], [-72.97506459988654, 44.50342730619013], [-72.97505722381175, 44.503416661173105], [-72.97505051828921, 44.50340777635574], [-72.97504297457635, 44.50340140610933], [-72.97503375448287, 44.50339587405324], [-72.97502336092293, 44.50339017435908], [-72.97501246444881, 44.503384390845895], [-72.9750010650605, 44.50337927788496], [-72.97498966567218, 44.50337525457144], [-72.97497667372227, 44.503371231257915], [-72.97496049664915, 44.50336704030633], [-72.97494322992861, 44.50336360372603], [-72.97492663376033, 44.503361005336046], [-72.97491070814431, 44.50335865840316], [-72.97489679418504, 44.50335631147027], [-72.97488422133029, 44.50335371308029], [-72.97487248666584, 44.503350695595145], [-72.97486033290625, 44.50334709137678], [-72.97484599985182, 44.50334298424423], [-72.9748295713216, 44.50333887711167], [-72.97481280751526, 44.503335021436214], [-72.97479713335633, 44.50333141721785], [-72.97478372231126, 44.50332739390433], [-72.97477198764682, 44.50332295149565], [-72.97476042062044, 44.50331817381084], [-72.97474742867053, 44.503313312307], [-72.97473217360675, 44.503308115527034], [-72.97471557743847, 44.50330249965191], [-72.97469914890826, 44.503296883776784], [-72.97468389384449, 44.50329277664423], [-72.97466989606619, 44.50329026207328], [-72.97465656884015, 44.50328833423555], [-72.97464299015701, 44.503286238759756], [-72.97462823800743, 44.50328347273171], [-72.97461172565818, 44.503279868513346], [-72.97459336929023, 44.50327618047595], [-72.97457442618906, 44.503272995352745], [-72.97455632127821, 44.503269558772445], [-72.97453947365284, 44.503264697268605], [-72.97452480532229, 44.50325899757445], [-72.9745124001056, 44.50325321406126], [-72.97450074926019, 44.50324784964323], [-72.97448851168156, 44.503242736682296], [-72.97447459772229, 44.503237288445234], [-72.97445984557271, 44.50323075056076], [-72.97444559633732, 44.50322303920984], [-72.97443201765418, 44.50321465730667], [-72.97442028298974, 44.50320619158447], [-72.97441022470593, 44.50319688767195], [-72.97440066933632, 44.503186494112015], [-72.97439170069993, 44.50317501090467], [-72.97438214533031, 44.503163024783134], [-72.97437116503716, 44.50315053574741], [-72.97435892745852, 44.503138130530715], [-72.97434593550861, 44.50312656350434], [-72.9743326921016, 44.503116086125374], [-72.97431970015168, 44.503107368946075], [-72.97430729493499, 44.50310016050935], [-72.97429664991796, 44.50309345498681], [-72.9742880165577, 44.50308574363589], [-72.9742787964642, 44.50307627208531], [-72.97426739707589, 44.50306470505893], [-72.97425490804017, 44.50305322185159], [-72.9742425866425, 44.50304249301553], [-72.9742309357971, 44.503032518550754], [-72.97422070987523, 44.50302438810468], [-72.97421157360077, 44.50301759876311], [-72.97420185059309, 44.503010641783476], [-72.97419053502381, 44.503002762794495], [-72.9741772916168, 44.502993961796165], [-72.97416295856237, 44.502985244616866], [-72.97414829023182, 44.50297652743757], [-72.97413454391062, 44.50296772643924], [-72.97412373125553, 44.502959763631225], [-72.97411526553333, 44.50295272283256], [-72.97410629689693, 44.50294526293874], [-72.97409607097507, 44.50293662957847], [-72.97408634796739, 44.50292740948498], [-72.97407779842615, 44.5029179379344], [-72.97407126054168, 44.50290813110769], [-72.97406698577106, 44.5028989110142], [-72.97406438738108, 44.502890361472964], [-72.97406162135303, 44.50288231484592], [-72.97405726276338, 44.50287544168532], [-72.97405022196472, 44.50286898761988], [-72.9740388225764, 44.50286186300218], [-72.97402281314135, 44.50285440310836], [-72.97400495968759, 44.502847446128726], [-72.97398786060512, 44.50284090824425], [-72.97397277317941, 44.50283395126462], [-72.97396053560078, 44.502826407551765], [-72.97395098023117, 44.50281844474375], [-72.973942598328, 44.50281039811671], [-72.97393471933901, 44.50280168093741], [-72.97392583452165, 44.50279195792973], [-72.97391451895237, 44.502780474722385], [-72.97390127554536, 44.50276790186763], [-72.97388887032866, 44.50275633484125], [-72.97387797385454, 44.50274686329067], [-72.97386758029461, 44.50273948721588], [-72.97385727055371, 44.50273278169334], [-72.97384478151798, 44.50272456742823], [-72.97383036464453, 44.50271534733474], [-72.97381460666656, 44.50270788744092], [-72.97379683703184, 44.50270252302289], [-72.97377948649228, 44.502697912976146], [-72.9737647343427, 44.50269238092005], [-72.97375241294503, 44.50268525630236], [-72.97374109737575, 44.50267620384693], [-72.97372969798744, 44.502665558829904], [-72.9737177118659, 44.50265332125127], [-72.97370664775372, 44.50264158658683], [-72.97369759529829, 44.50263169594109], [-72.97368963249028, 44.50262289494276], [-72.97368192113936, 44.50261509977281], [-72.97367420978844, 44.50260730460286], [-72.97366607934237, 44.502598755061626], [-72.9736574459821, 44.502589451149106], [-72.97364914789796, 44.50257989577949], [-72.97364143654704, 44.50257075950503], [-72.97363372519612, 44.50256262905896], [-72.97362500801682, 44.502555252984166], [-72.97361402772367, 44.50254762545228], [-72.9736003652215, 44.50253966264427], [-72.97358628362417, 44.50253237038851], [-72.97357647679746, 44.502526335418224], [-72.97357086092234, 44.50251988135278], [-72.9735654965043, 44.5025120023638], [-72.97356038354337, 44.50250412337482], [-72.97355636022985, 44.5024982560426], [-72.97355258837342, 44.50249398127198], [-72.97354755923152, 44.50248995795846], [-72.97354068607092, 44.502485264092684], [-72.97353121452034, 44.502479396760464], [-72.97351906076074, 44.5024723559618], [-72.97350506298244, 44.502466237172484], [-72.9734898917377, 44.50246112421155], [-72.9734740499407, 44.5024567656219], [-72.97345812432468, 44.50245341286063], [-72.97344278544188, 44.50245173648], [-72.97342970967293, 44.50245131738484], [-72.97341864556074, 44.5024514850229], [-72.97340607270598, 44.502451652660966], [-72.97338989563286, 44.50245198793709], [-72.9733707010746, 44.50245265848935], [-72.97335058450699, 44.502452574670315], [-72.97333247959614, 44.50245173648], [-72.9733170568943, 44.50245098210871], [-72.97330414876342, 44.50244980864227], [-72.9732932522893, 44.50244737789035], [-72.97328285872936, 44.50244394131005], [-72.97327020205557, 44.50244000181556], [-72.97325327061117, 44.50243681669235], [-72.9732340760529, 44.50243480503559], [-72.97321454621851, 44.5024343021214], [-72.97319610603154, 44.50243488885462], [-72.97317984513938, 44.502435894683], [-72.97316484153271, 44.50243723578751], [-72.97315008938313, 44.50243824161589], [-72.97313466668129, 44.50243824161589], [-72.97311932779849, 44.50243715196848], [-72.97310583293438, 44.50243581086397], [-72.97309409826994, 44.502435475587845], [-72.97308311797678, 44.50243631377816], [-72.9730720538646, 44.50243807397783], [-72.97306082211435, 44.50244058854878], [-72.9730474948883, 44.50244343839586], [-72.97303249128163, 44.50244603678584], [-72.97301824204624, 44.50244855135679], [-72.97300483100116, 44.502451065927744], [-72.9729909170419, 44.50245299376547], [-72.97297582961619, 44.50245433486998], [-72.97295965254307, 44.5024551730603], [-72.97294221818447, 44.502455089241266], [-72.9729237779975, 44.502453580498695], [-72.97290592454374, 44.50245140120387], [-72.97288924455643, 44.50244897045195], [-72.97287449240685, 44.502446204423904], [-72.97286208719015, 44.50244368985295], [-72.97285102307796, 44.50244109146297], [-72.97284012660384, 44.50243757106364], [-72.9728283919394, 44.50243296101689], [-72.9728146456182, 44.50242684222758], [-72.97280039638281, 44.50241954997182], [-72.97278824262321, 44.50241217389703], [-72.97277810052037, 44.50240555219352], [-72.97276846133173, 44.50239842757583], [-72.97275815159082, 44.502390045672655], [-72.97274817712605, 44.50238116085529], [-72.97273996286094, 44.50237269513309], [-72.97273308970034, 44.50236381031573], [-72.9727263841778, 44.5023531652987], [-72.97272068448365, 44.50234201736748], [-72.97271666117013, 44.502330869436264], [-72.97271431423724, 44.50231888331473], [-72.97271381132305, 44.50230530463159], [-72.97271464951336, 44.502291390672326], [-72.97271515242755, 44.50227898545563], [-72.97271490097046, 44.50226775370538], [-72.97271498478949, 44.50225677341223], [-72.97271540388465, 44.50224554166198], [-72.97271615825593, 44.50223355554044], [-72.97271825373173, 44.50222039595246], [-72.97272202558815, 44.50220706872642], [-72.9727263841778, 44.50219441205263], [-72.9727303236723, 44.502182845026255], [-72.97273401170969, 44.50217278674245], [-72.97273769974709, 44.50216306373477], [-72.97274189069867, 44.502153089269996], [-72.97274658456445, 44.502143282443285], [-72.97275085933506, 44.502134481444955], [-72.9727541282773, 44.50212702155113], [-72.97275714576244, 44.502119394019246], [-72.972761252895, 44.502110509201884], [-72.9727660305798, 44.50210112147033], [-72.97277072444558, 44.50209164991975], [-72.97277642413974, 44.50208234600723], [-72.97278430312872, 44.50207429938018], [-72.9727937746793, 44.502067510038614], [-72.97280400060117, 44.50206080451608], [-72.97281447798014, 44.50205309316516], [-72.97282428480685, 44.50204445980489], [-72.97283434309065, 44.502034736797214], [-72.97284565865993, 44.50202375650406], [-72.97285655513406, 44.50201260857284], [-72.97286552377045, 44.502001628279686], [-72.9728733189404, 44.501990396529436], [-72.97288069501519, 44.50197950005531], [-72.97288756817579, 44.50196893885732], [-72.97289435751736, 44.50195787474513], [-72.97290072776377, 44.50194605626166], [-72.97290567308664, 44.50193482451141], [-72.97290910966694, 44.501924933865666], [-72.97291221097112, 44.501916132867336], [-72.97291522845626, 44.50190842151642], [-72.97291782684624, 44.501901464536786], [-72.9729200899601, 44.50189375318587], [-72.97292252071202, 44.50188419781625], [-72.97292545437813, 44.50187363661826], [-72.97292972914875, 44.501863745972514], [-72.9729356803, 44.50185511261225], [-72.97294347546995, 44.50184647925198], [-72.97295303083956, 44.50183717533946], [-72.97296350821853, 44.501828122884035], [-72.97297423705459, 44.5018195733428], [-72.97298488207161, 44.50181127525866], [-72.97299527563155, 44.50180297717452], [-72.9730060044676, 44.50179409235716], [-72.9730170685798, 44.501784117892385], [-72.9730271268636, 44.50177397578955], [-72.97303542494774, 44.501765090972185], [-72.9730429686606, 44.501757295802236], [-72.97305126674473, 44.50174924917519], [-72.97306107357144, 44.5017402805388], [-72.97307331115007, 44.50173030607402], [-72.97308722510934, 44.50172033160925], [-72.97310172580183, 44.50171102769673], [-72.97311572358012, 44.50170264579356], [-72.9731275420636, 44.50169627554715], [-72.97313701361418, 44.5016919169575], [-72.97314682044089, 44.50168755836785], [-72.97315956093371, 44.50168127194047], [-72.97317339107394, 44.50167347677052], [-72.97318696975708, 44.50166517868638], [-72.97320088371634, 44.50165721587837], [-72.97321437858045, 44.50164958834648], [-72.97322619706392, 44.501641960814595], [-72.97323717735708, 44.50163399800658], [-72.97324857674539, 44.50162544846535], [-72.97326123341918, 44.50161614455283], [-72.97327414155006, 44.50160642154515], [-72.97328621149063, 44.50159661471844], [-72.97329694032669, 44.50158705934882], [-72.97330574132502, 44.50157884508371], [-72.97331370413303, 44.50157146900892], [-72.97332175076008, 44.501563757658005], [-72.97333063557744, 44.501555040478706], [-72.97334052622318, 44.50154489837587], [-72.9733514226973, 44.501533918082714], [-72.97336231917143, 44.50152385979891], [-72.97337246127427, 44.50151522643864], [-72.97338184900582, 44.50150768272579], [-72.97339165583253, 44.501499803736806], [-72.97340255230665, 44.50149066746235], [-72.9734137840569, 44.50148044154048], [-72.97342509962618, 44.501469461247325], [-72.9734364990145, 44.501458229497075], [-72.97344622202218, 44.501447416841984], [-72.97345351427794, 44.501437693834305], [-72.973458962515, 44.50142914429307], [-72.97346348874271, 44.50142126530409], [-72.97346860170364, 44.50141347013414], [-72.97347522340715, 44.501404417678714], [-72.97348234802485, 44.50139402411878], [-72.97348896972835, 44.50138321146369], [-72.97349475324154, 44.50137357227504], [-72.97350053675473, 44.501365944743156], [-72.9735068231821, 44.50135890394449], [-72.9735136963427, 44.50135060586035], [-72.9735208209604, 44.50134071521461], [-72.97352869994938, 44.50132956728339], [-72.97353624366224, 44.50131816789508], [-72.97354227863252, 44.501307271420956], [-72.97354663722217, 44.501297464594245], [-72.97354990616441, 44.50128933414817], [-72.97355309128761, 44.5012825448066], [-72.97355694696307, 44.50127575546503], [-72.97356164082885, 44.501267205923796], [-72.97356658615172, 44.50125731527805], [-72.9735710285604, 44.501247089356184], [-72.9735747165978, 44.5012376178056], [-72.97357739880681, 44.501231079921126], [-72.97357924282551, 44.501227559521794], [-72.97358083538711, 44.5012257155031], [-72.97358234412968, 44.501224625855684], [-72.97358418814838, 44.5012238714844], [-72.97358670271933, 44.50122261419892], [-72.97359047457576, 44.50122009962797], [-72.97359609045088, 44.50121557340026], [-72.97360363416374, 44.501209957525134], [-72.97361268661916, 44.501204593107104], [-72.97362299636006, 44.50120006687939], [-72.97363364137709, 44.50119696557522], [-72.97364403493702, 44.50119520537555], [-72.97365467995405, 44.50119403190911], [-72.9736659117043, 44.501192942261696], [-72.97367714345455, 44.50119168497622], [-72.97368820756674, 44.501190427690744], [-72.97369960695505, 44.50118958950043], [-72.97371176071465, 44.501189505681396], [-72.9737250879407, 44.50119017623365], [-72.97373816370964, 44.50119126588106], [-72.97374897636473, 44.50119218789041], [-72.97375710681081, 44.50119260698557], [-72.97376339323819, 44.50119210407138], [-72.97376909293234, 44.501190930604935], [-72.97377512790263, 44.5011892542243], [-72.97378141433, 44.50118715874851], [-72.97378786839545, 44.50118447653949], [-72.97379415482283, 44.50118179433048], [-72.97379960305989, 44.501179698854685], [-72.97380421310663, 44.50117810629308], [-72.97380832023919, 44.50117684900761], [-72.9738128464669, 44.50117508880794], [-72.97381795942783, 44.501173412427306], [-72.9738231562078, 44.501172322779894], [-72.97382877208292, 44.50117165222764], [-72.97383581288159, 44.50117081403732], [-72.97384478151798, 44.50116964057088], [-72.97385584563017, 44.50116829946637], [-72.9738678317517, 44.50116779655218], [-72.97388090752065, 44.50116821564734], [-72.97389591112733, 44.50116930529475], [-72.97391292639077, 44.50117064639926], [-72.97392977401614, 44.50117198750377], [-72.97394360415637, 44.50117299333215], [-72.97395383007824, 44.50117349624634], [-72.97396246343851, 44.501173328608274], [-72.97397042624652, 44.50117299333215], [-72.97397805377841, 44.50117299333215], [-72.97398459166288, 44.50117324478924], [-72.97398987226188, 44.501173412427306], [-72.97399490140378, 44.50117307715118], [-72.97399967908859, 44.501172322779894], [-72.97400428913534, 44.50117114931345], [-72.9740097373724, 44.501169389113784], [-72.97401585616171, 44.50116729363799], [-72.97402147203684, 44.50116586871445], [-72.97402700409293, 44.501165114343166], [-72.97403228469193, 44.50116444379091], [-72.9740372300148, 44.501163521781564], [-72.97404167242348, 44.501162180677056], [-72.97404552809894, 44.50116033665836], [-72.9740491323173, 44.50115757063031], [-72.97405265271664, 44.50115405023098], [-72.97405592165887, 44.501150362193584], [-72.97405935823917, 44.50114726088941], [-72.97406237572432, 44.501144997775555], [-72.97406547702849, 44.50114265084267], [-72.97406950034201, 44.50113946571946], [-72.97407444566488, 44.50113552622497], [-72.97408039681613, 44.501130832359195], [-72.97408676706254, 44.5011255517602], [-72.97409229911864, 44.50112035498023], [-72.97409682534635, 44.501115158200264], [-72.97410042956471, 44.501108871772885], [-72.97410361468792, 44.501101244241], [-72.97410721890628, 44.50109261088073], [-72.97411040402949, 44.5010840613395], [-72.97411249950528, 44.50107668526471], [-72.97411434352398, 44.501069728285074], [-72.97411643899977, 44.501062436029315], [-72.97411903738976, 44.501054557040334], [-72.97412239015102, 44.501045756042004], [-72.97412540763617, 44.50103628449142], [-72.97412700019777, 44.5010269805789], [-72.97412783838809, 44.50101784430444], [-72.9741286765784, 44.501008205115795], [-72.97413043677807, 44.500997979193926], [-72.9741337057203, 44.500988172367215], [-72.97413848340511, 44.50097903609276], [-72.97414468601346, 44.50096948072314], [-72.97415197826922, 44.50095950625837], [-72.97415952198207, 44.50095070526004], [-72.97416865825653, 44.50094291009009], [-72.97418123111129, 44.50093477964401], [-72.97419665381312, 44.50092639774084], [-72.97421400435269, 44.50091843493283], [-72.9742325283587, 44.50091156177223], [-72.97425071708858, 44.50090628117323], [-72.9742671456188, 44.50090334750712], [-72.97428139485419, 44.50090225785971], [-72.97429497353733, 44.50090242549777], [-72.97430980950594, 44.50090376660228], [-72.97432565130293, 44.500906113535166], [-72.97434099018574, 44.500909047201276], [-72.97435523942113, 44.500912483781576], [-72.97436873428524, 44.50091667473316], [-72.97438298352063, 44.50092162005603], [-72.97439840622246, 44.50092731975019], [-72.97441366128623, 44.50093268416822], [-72.97442799434066, 44.500937378033996], [-72.97444123774767, 44.50094098225236], [-72.97445355914533, 44.50094391591847], [-72.97446638345718, 44.500947101041675], [-72.97448105178773, 44.50095095671713], [-72.97449597157538, 44.500954980030656], [-72.97450787387788, 44.50095824897289], [-72.97451675869524, 44.500960344448686], [-72.97452522441745, 44.50096168555319], [-72.97453511506319, 44.50096260756254], [-72.97454743646085, 44.50096361339092], [-72.9745623562485, 44.50096503831446], [-72.97457727603614, 44.50096688233316], [-72.9745895974338, 44.50096872635186], [-72.97459973953664, 44.500970067456365], [-72.97460988163948, 44.50097132474184], [-72.97462086193264, 44.50097291730344], [-72.97463259659708, 44.50097476132214], [-72.97464516945183, 44.500976018607616], [-72.97465807758272, 44.50097585096955], [-72.9746707342565, 44.500974509865046], [-72.97468297183514, 44.500972498208284], [-72.97469428740442, 44.500970151275396], [-72.97470442950726, 44.50096738524735], [-72.97471490688622, 44.500964283943176], [-72.97472563572228, 44.50096151791513], [-72.97473686747253, 44.50095967389643], [-72.97475002706051, 44.500958416610956], [-72.97476394101977, 44.50095757842064], [-72.97477634623647, 44.500957326963544], [-72.97478766180575, 44.500957913696766], [-72.97479973174632, 44.50095917098224], [-72.97481272369623, 44.50096067972481], [-72.97482546418905, 44.500962272286415], [-72.97483753412962, 44.500964283943176], [-72.97485019080341, 44.50096772052348], [-72.97486502677202, 44.500972582027316], [-72.97488237731159, 44.50097828172147], [-72.97489956021309, 44.50098339468241], [-72.97491506673396, 44.5009873341769], [-72.97492956742644, 44.50099093839526], [-72.97494306229055, 44.50099412351847], [-72.9749577306211, 44.500997392460704], [-72.97497340478003, 44.501000409945846], [-72.97498757019639, 44.50100250542164], [-72.97499829903245, 44.50100401416421], [-72.97500533983111, 44.50100493617356], [-72.97501129098237, 44.50100552290678], [-72.97501766122878, 44.50100594200194], [-72.9750248696655, 44.501006277278066], [-72.97503274865448, 44.501006277278066], [-72.97504213638604, 44.50100560672581], [-72.97505294904113, 44.50100409798324], [-72.97506309114397, 44.501002337783575], [-72.97507113777101, 44.50100149959326], [-72.97507700510323, 44.50100175105035], [-72.97508094459772, 44.5010026730597], [-72.97508320771158, 44.50100393034518], [-72.97508505173028, 44.50100485235453], [-72.97508731484413, 44.50100501999259], [-72.97509108670056, 44.501004349440336], [-72.9750959482044, 44.50100250542164], [-72.97510231845081, 44.500998985022306], [-72.97510952688754, 44.500994542613626], [-72.97511589713395, 44.50099093839526], [-72.97512226738036, 44.50098834000528], [-72.9751287214458, 44.5009870827198], [-72.97513475641608, 44.50098649598658], [-72.97513970173895, 44.500985741615295], [-72.97514439560473, 44.50098498724401], [-72.97515009529889, 44.50098456814885], [-72.97515629790723, 44.5009836461395], [-72.97516241669655, 44.50098163448274], [-72.97516878694296, 44.50097920373082], [-72.9751752410084, 44.50097710825503], [-72.97518127597868, 44.50097534805536], [-72.97518664039671, 44.5009735878557], [-72.97519099898636, 44.500971743837], [-72.97519477084279, 44.50096981599927], [-72.97519854269922, 44.50096780434251], [-72.97520214691758, 44.50096587650478], [-72.97520566731691, 44.50096386484802], [-72.97520885244012, 44.50096193701029], [-72.97521186992526, 44.500960260629654], [-72.97521497122943, 44.50095875188708], [-72.97521815635264, 44.5009577460587], [-72.97522159293294, 44.50095724314451], [-72.97522561624646, 44.500957410782576], [-72.97523081302643, 44.500958332791924], [-72.97523684799671, 44.50096009299159], [-72.97524271532893, 44.50096243992448], [-72.97524799592793, 44.50096528977156], [-72.97525243833661, 44.50096839107573], [-72.9752550367266, 44.50097132474184], [-72.97525621019304, 44.50097392313182], [-72.97525729984045, 44.50097610242665], [-72.97525914385915, 44.500977946445346], [-72.9752632509917, 44.500979790464044], [-72.97527096234262, 44.50098163448274], [-72.97528035007417, 44.50098339468241], [-72.9752888996154, 44.50098507106304], [-72.9752962756902, 44.500986747443676], [-72.9753028973937, 44.50098850764334], [-72.97530943527818, 44.50099043548107], [-72.97531588934362, 44.50099286623299], [-72.97532150521874, 44.50099512934685], [-72.97532628290355, 44.50099655427039], [-72.97533114440739, 44.50099756009877], [-72.97533676028252, 44.500998482108116], [-72.9753427952528, 44.5009992364794], [-72.97534933313727, 44.50100007466972], [-72.97535587102175, 44.50099999085069], [-72.97536123543978, 44.50099932029843], [-72.9753652587533, 44.500999404117465], [-72.97536928206682, 44.50100007466972], [-72.97537447884679, 44.50100074522197], [-72.97538118436933, 44.501001415774226], [-72.97538872808218, 44.50100250542164], [-72.97539769671857, 44.5010045170784], [-72.9754085931927, 44.50100745074451], [-72.97541923820972, 44.50101038441062], [-72.9754294641316, 44.50101281516254], [-72.97544002532959, 44.50101541355252], [-72.97545108944178, 44.50101859867573], [-72.97546165063977, 44.501021951437], [-72.97546961344779, 44.50102463364601], [-72.97547522932291, 44.50102605856955], [-72.97548050992191, 44.50102689675987], [-72.97548654489219, 44.50102765113115], [-72.97549467533827, 44.50102907605469], [-72.97550498507917, 44.50103142298758], [-72.9755153786391, 44.50103427283466], [-72.97552401199937, 44.50103687122464], [-72.97553088515997, 44.501038463786244], [-72.97553842887282, 44.50103863142431], [-72.97554764896631, 44.50103712268174], [-72.9755568690598, 44.501035027205944], [-72.97556541860104, 44.501034105196595], [-72.9755740519613, 44.50103427283466], [-72.97558327205479, 44.50103477574885], [-72.97559157013893, 44.50103494338691], [-72.97559794038534, 44.50103393755853], [-72.9756033886224, 44.50103150680661], [-72.97560925595462, 44.50102807022631], [-72.97561621293426, 44.50102463364601], [-72.97562342137098, 44.50102119706571], [-72.97563021071255, 44.501017928123474], [-72.97563725151122, 44.50101532973349], [-72.97564638778567, 44.50101273134351], [-72.97565686516464, 44.50100929476321], [-72.97566499561071, 44.50100560672581], [-72.97567069530487, 44.50100217014551], [-72.97567689791322, 44.500998901203275], [-72.97568435780704, 44.50099638663232], [-72.97569341026247, 44.500995045527816], [-72.97570531256497, 44.5009942073375], [-72.97571989707649, 44.50099336914718], [-72.97573573887348, 44.50099186040461], [-72.97575107775629, 44.50098993256688], [-72.97576532699168, 44.50098808854818], [-72.97577957622707, 44.500986747443676], [-72.97579273581505, 44.50098590925336], [-72.97580296173692, 44.50098481960595], [-72.97581067308784, 44.50098339468241], [-72.97581855207682, 44.50098146684468], [-72.97582752071321, 44.50097928754985], [-72.97583615407348, 44.50097727589309], [-72.9758438654244, 44.50097585096955], [-72.97585174441338, 44.50097484514117], [-72.97586046159267, 44.50097409076989], [-72.97586968168616, 44.5009735878557], [-72.97587865032256, 44.5009733363986], [-72.97588719986379, 44.50097367167473], [-72.9758951626718, 44.50097425840795], [-72.97590337693691, 44.50097484514117], [-72.97591217793524, 44.50097526423633], [-72.97592030838132, 44.500975515693426], [-72.97592651098967, 44.50097559951246], [-72.97593120485544, 44.50097534805536], [-72.97593539580703, 44.50097459368408], [-72.97593967057765, 44.50097316876054], [-72.9759453702718, 44.50097082182765], [-72.9759524948895, 44.50096730142832], [-72.97595987096429, 44.50096311047673], [-72.9759678337723, 44.50095908716321], [-72.9759765509516, 44.50095556676388], [-72.97598560340703, 44.50095280073583], [-72.97599415294826, 44.5009511243552], [-72.97600194811821, 44.50095045380294], [-72.97601007856429, 44.500950118526816], [-72.97602030448616, 44.50094978325069], [-72.97603237442672, 44.500949531793594], [-72.97604586929083, 44.50094986706972], [-72.97606020234525, 44.50095078907907], [-72.97607420012355, 44.50095179490745], [-72.97608761116862, 44.50095280073583], [-72.97610127367079, 44.50095380656421], [-72.97611485235393, 44.50095481239259], [-72.976128263399, 44.50095606967807], [-72.97614075243473, 44.50095766223967], [-72.97615215182304, 44.50095950625837], [-72.97616388648748, 44.50096151791513], [-72.97617620788515, 44.50096403248608], [-72.9761887807399, 44.50096755288541], [-72.97620101831853, 44.50097224675119], [-72.97621250152588, 44.50097769498825], [-72.97622306272388, 44.50098414905369], [-72.97623253427446, 44.50099219568074], [-72.97624116763473, 44.501001415774226], [-72.97624845989048, 44.501010635867715], [-72.97625374048948, 44.50101910158992], [-72.97625767998397, 44.501027232035995], [-72.97626128420234, 44.50103477574885], [-72.97626572661102, 44.50104173272848], [-72.97627184540033, 44.50104902498424], [-72.97627913765609, 44.50105581432581], [-72.97628718428314, 44.50106184929609], [-72.97629539854825, 44.501067297533154], [-72.9763029422611, 44.501071656122804], [-72.97630964778364, 44.501075176522136], [-72.97631610184908, 44.501078110188246], [-72.97632230445743, 44.50108020566404], [-72.9763285908848, 44.5010822173208], [-72.97633529640734, 44.50108473189175], [-72.97634200192988, 44.501087414100766], [-72.97634904272854, 44.50109018012881], [-72.97635717317462, 44.50109302997589], [-72.97636521980166, 44.50109537690878], [-72.97637209296227, 44.50109688565135], [-72.97637896612287, 44.50109839439392], [-72.97638843767345, 44.501100573688745], [-72.97639933414757, 44.5011028368026], [-72.97640847042203, 44.50110409408808], [-72.97641651704907, 44.50110476464033], [-72.97642523422837, 44.50110535137355], [-72.97643437050283, 44.50110568664968], [-72.97644333913922, 44.50110602192581], [-72.97645239159465, 44.501106860116124], [-72.97646144405007, 44.501107446849346], [-72.97646999359131, 44.501107363030314], [-72.97647837549448, 44.50110719539225], [-72.97648726031184, 44.50110761448741], [-72.97649698331952, 44.50110903941095], [-72.97650746069849, 44.50111138634384], [-72.97651684843004, 44.50111306272447], [-72.97652439214289, 44.501113314181566], [-72.97653034329414, 44.5011131465435], [-72.97653411515057, 44.50111289508641], [-72.97653595916927, 44.50111264362931], [-72.97653671354055, 44.501112308353186], [-72.97653721645474, 44.50111214071512], [-72.97653730027378, 44.50111197307706], [-72.97653704881668, 44.50111188925803], [-72.97653696499765, 44.50111205689609], [-72.97653771936893, 44.50111264362931], [-72.97653989866376, 44.50111398473382], [-72.97654442489147, 44.50111641548574], [-72.97655012458563, 44.50111926533282], [-72.97655649483204, 44.501121612265706], [-72.97656546346843, 44.50112538412213], [-72.97657719813287, 44.50113167054951], [-72.97658851370215, 44.50113804079592], [-72.9765963088721, 44.50114298611879], [-72.97660125419497, 44.50114675797522], [-72.97660586424172, 44.501149943098426], [-72.97661156393588, 44.50115254148841], [-72.97661885619164, 44.50115446932614], [-72.97662707045674, 44.50115597806871], [-72.97663612291217, 44.501157654449344], [-72.97664576210082, 44.50115941464901], [-72.97665573656559, 44.5011615101248], [-72.97666453756392, 44.50116327032447], [-72.97667124308646, 44.501164527609944], [-72.97667828388512, 44.5011651981622], [-72.9766877554357, 44.501165114343166], [-72.97669907100499, 44.50116394087672], [-72.97671248205006, 44.501163605600595], [-72.97672891058028, 44.501165533438325], [-72.97674458473921, 44.50116813182831], [-72.97675841487944, 44.5011702273041], [-72.9767728317529, 44.501172406598926], [-72.97678775154054, 44.50117617845535], [-72.97680292278528, 44.50118187814951], [-72.9768175072968, 44.50118866749108], [-72.97683108597994, 44.50119570828974], [-72.97684474848211, 44.501203168183565], [-72.97685866244137, 44.50121079571545], [-72.97687257640064, 44.501218255609274], [-72.97688615508378, 44.50122479349375], [-72.97689872793853, 44.50122965499759], [-72.97691230662167, 44.50123434886336], [-72.97692588530481, 44.501238791272044], [-72.97693686559796, 44.50124147348106], [-72.97694826498628, 44.50124256312847], [-72.97696159221232, 44.50124306604266], [-72.97697525471449, 44.50124306604266], [-72.97698740847409, 44.50124247930944], [-72.97699771821499, 44.50124206021428], [-72.97700827941298, 44.501242730766535], [-72.97702009789646, 44.501244239509106], [-72.97703124582767, 44.5012460835278], [-72.97704021446407, 44.50124775990844], [-72.97704759053886, 44.50124935247004], [-72.97705354169011, 44.50125169940293], [-72.97705898992717, 44.50125488452613], [-72.97706527635455, 44.501258404925466], [-72.97707273624837, 44.50126159004867], [-72.97708329744637, 44.50126435607672], [-72.9770973790437, 44.50126796029508], [-72.97711347229779, 44.50127189978957], [-72.97712906263769, 44.50127466581762], [-72.97714280895889, 44.50127634219825], [-72.97715647146106, 44.50127818621695], [-72.97717063687742, 44.50128111988306], [-72.97718463465571, 44.50128447264433], [-72.97719838097692, 44.501287741586566], [-72.97721254639328, 44.501291178166866], [-72.97722704708576, 44.5012944471091], [-72.97723995521665, 44.50129721313715], [-72.97725160606205, 44.50130014680326], [-72.97726401127875, 44.501303751021624], [-72.97727800905704, 44.50130802579224], [-72.97729234211147, 44.501313054934144], [-72.97730608843267, 44.50131925754249], [-72.97731899656355, 44.501326298341155], [-72.97733165323734, 44.50133384205401], [-72.97734464518726, 44.50134163722396], [-72.97735671512783, 44.50134884566069], [-72.97736677341163, 44.50135546736419], [-72.97737590968609, 44.50136259198189], [-72.97738471068442, 44.501369800418615], [-72.97739242203534, 44.50137591920793], [-72.97740013338625, 44.501381451264024], [-72.97740868292749, 44.50138698332012], [-72.97741781920195, 44.50139310210943], [-72.97742687165737, 44.501399639993906], [-72.97743475064635, 44.50140567496419], [-72.97744128853083, 44.501410787925124], [-72.97744698822498, 44.5014154817909], [-72.97745243646204, 44.501419672742486], [-72.97745780088007, 44.50142344459891], [-72.97746350057423, 44.50142662972212], [-72.97746945172548, 44.5014294795692], [-72.97747607342899, 44.50143216177821], [-72.9774837847799, 44.501434257254004], [-72.97749191522598, 44.50143543072045], [-72.97750012949109, 44.50143660418689], [-72.97750884667039, 44.50143811292946], [-72.97751739621162, 44.501439621672034], [-72.9775257781148, 44.50144096277654], [-72.97753390856087, 44.50144238770008], [-72.97754304483533, 44.50144389644265], [-72.97755310311913, 44.50144532136619], [-72.97756114974618, 44.5014466624707], [-72.97756626270711, 44.50144808739424], [-72.9775704536587, 44.50144959613681], [-72.97757648862898, 44.501450937241316], [-72.97758403234184, 44.5014516916126], [-72.97759073786438, 44.50145118869841], [-72.9775961022824, 44.50144959613681], [-72.97760129906237, 44.501447416841984], [-72.97760657966137, 44.50144490227103], [-72.97761118970811, 44.50144238770008], [-72.97761496156454, 44.50143987312913], [-72.97761864960194, 44.501437274739146], [-72.97762309201062, 44.5014345087111], [-72.97762862406671, 44.50143149122596], [-72.9776341561228, 44.50142864137888], [-72.9776394367218, 44.50142629444599], [-72.9776444658637, 44.50142436660826], [-72.97764890827239, 44.50142277404666], [-72.97765284776688, 44.50142126530409], [-72.97765653580427, 44.50141942128539], [-72.97766047529876, 44.5014170743525], [-72.97766575589776, 44.5014136377722], [-72.97767262905836, 44.50140944682062], [-72.97768050804734, 44.50140483677387], [-72.97768872231245, 44.50140039436519], [-72.97769618220627, 44.50139687396586], [-72.97770322300494, 44.50139435939491], [-72.97771059907973, 44.50139251537621], [-72.97771797515452, 44.501390755176544], [-72.97772551886737, 44.50138874351978], [-72.97773390077055, 44.50138656422496], [-72.97774211503565, 44.50138463638723], [-72.9777501616627, 44.50138312764466], [-72.97775854356587, 44.50138237327337], [-72.9777652490884, 44.501382457092404], [-72.97777069732547, 44.50138279236853], [-72.97777681611478, 44.50138329528272], [-72.97778385691345, 44.5013843011111], [-72.97779249027371, 44.50138580985367], [-72.97780187800527, 44.501386815682054], [-72.97781151719391, 44.50138706713915], [-72.97782241366804, 44.50138715095818], [-72.97783481888473, 44.50138706713915], [-72.97784714028239, 44.501387318596244], [-72.97785627655685, 44.50138706713915], [-72.97786331735551, 44.50138606131077], [-72.97786993905902, 44.50138513930142], [-72.97787656076252, 44.501384468749166], [-72.9778844397515, 44.50138413347304], [-72.97789257019758, 44.50138388201594], [-72.97790044918656, 44.50138371437788], [-72.9779087472707, 44.50138354673982], [-72.97791813500226, 44.50138363055885], [-72.97792869620025, 44.50138421729207], [-72.97794026322663, 44.50138564221561], [-72.9779523331672, 44.501387402415276], [-72.97796331346035, 44.50138874351978], [-72.97797253355384, 44.50138907879591], [-72.9779816698283, 44.50138857588172], [-72.97799214720726, 44.501387821510434], [-72.97800321131945, 44.50138648040593], [-72.9780123475939, 44.50138413347304], [-72.97801880165935, 44.50138119980693], [-72.97802458517253, 44.501378601416945], [-72.97803120687604, 44.50137675739825], [-72.97803975641727, 44.501375164836645], [-72.97804847359657, 44.50137332081795], [-72.97805534675717, 44.50137147679925], [-72.97806104645133, 44.50136996805668], [-72.97806657850742, 44.5013687107712], [-72.97807211056352, 44.501367788761854], [-72.97807739116251, 44.501367285847664], [-72.97808250412345, 44.50136628001928], [-72.97808786854148, 44.50136326253414], [-72.97809407114983, 44.50135814957321], [-72.97810127958655, 44.50135161168873], [-72.97810915857553, 44.501344403252006], [-72.9781159479171, 44.50133727863431], [-72.97812131233513, 44.50133141130209], [-72.97812659293413, 44.501326717436314], [-72.9781331308186, 44.5013221912086], [-72.97814109362662, 44.50131741352379], [-72.97814981080592, 44.50131271965802], [-72.97815844416618, 44.50130852870643], [-72.97816690988839, 44.50130559504032], [-72.97817554324865, 44.50130366720259], [-72.9781835898757, 44.501302326098084], [-72.9781902115792, 44.50130106881261], [-72.97819591127336, 44.50129981152713], [-72.97820035368204, 44.50129821896553], [-72.9782039579004, 44.501295955851674], [-72.97820722684264, 44.50129335746169], [-72.97821074724197, 44.501290675252676], [-72.9782147705555, 44.501287741586566], [-72.97821912914515, 44.50128547847271], [-72.97822332009673, 44.50128396973014], [-72.97822734341025, 44.501282293349504], [-72.97823111526668, 44.50128061696887], [-72.97823430038989, 44.50127927586436], [-72.97823731787503, 44.50127827003598], [-72.97824025154114, 44.50127734802663], [-72.97824310138822, 44.50127634219825], [-72.97824611887336, 44.50127533636987], [-72.97824905253947, 44.50127416290343], [-72.97825190238655, 44.50127240270376], [-72.97825475223362, 44.501270139589906], [-72.97825726680458, 44.50126745738089], [-72.97825961373746, 44.50126452371478], [-72.97826229594648, 44.50126142241061], [-72.97826564870775, 44.50125815346837], [-72.97826983965933, 44.50125513598323], [-72.97827470116317, 44.501252034679055], [-72.97827964648604, 44.50124884955585], [-72.97828450798988, 44.50124532915652], [-72.97828936949372, 44.501241305842996], [-72.97829473391175, 44.50123661197722], [-72.97830169089139, 44.50123091228306], [-72.9783096536994, 44.50122504495084], [-72.97831694595516, 44.50121942907572], [-72.97832247801125, 44.50121448375285], [-72.97832650132477, 44.50120962224901], [-72.97832951880991, 44.50120375491679], [-72.97833144664764, 44.501196295022964], [-72.97833119519055, 44.50118640437722], [-72.97832817770541, 44.501175340265036], [-72.97832381911576, 44.501166455447674], [-72.97832004725933, 44.501160588115454], [-72.97831669449806, 44.50115564279258], [-72.9783128388226, 44.50115111656487], [-72.97830906696618, 44.50114717707038], [-72.97830588184297, 44.50114424340427], [-72.97830319963396, 44.50114181265235], [-72.978300685063, 44.50113946571946], [-72.97829800285399, 44.50113653205335], [-72.97829498536885, 44.501132760196924], [-72.9782919678837, 44.501128401607275], [-72.97828920185566, 44.501124043017626], [-72.9782869387418, 44.50112018734217], [-72.97828526236117, 44.50111708603799], [-72.97828417271376, 44.501114739105105], [-72.9782837536186, 44.50111306272447], [-72.97828383743763, 44.50111163780093], [-72.97828434035182, 44.50111021287739], [-72.9782853461802, 44.50110870413482], [-72.97828710637987, 44.50110753066838], [-72.97828970476985, 44.50110660865903], [-72.97829297371209, 44.501105435192585], [-72.97829691320658, 44.501103507354856], [-72.97830169089139, 44.50110090896487], [-72.97830739058554, 44.5010978076607], [-72.97831376083195, 44.50109445489943], [-72.97832147218287, 44.501090263947845], [-72.97833102755249, 44.50108548626304], [-72.97834301367402, 44.501080960035324], [-72.97835625708103, 44.50107735581696], [-72.97836841084063, 44.5010737515986], [-72.97837788239121, 44.50106997974217], [-72.9783841688186, 44.50106595642865], [-72.97838827595115, 44.50106210075319], [-72.97839129343629, 44.501057993620634], [-72.97839330509305, 44.50105397030711], [-72.97839514911175, 44.50104961171746], [-72.97839783132076, 44.501043325290084], [-72.97840202227235, 44.5010354463011], [-72.97840788960457, 44.501026729121804], [-72.97841518186033, 44.50101675465703], [-72.97842289321125, 44.501007283106446], [-72.97842917963862, 44.50100074522197], [-72.97843328677118, 44.500997392460704], [-72.9784370586276, 44.500995045527816], [-72.97844200395048, 44.50099227949977], [-72.97844753600657, 44.50098984874785], [-72.97845189459622, 44.500988591462374], [-72.97845516353846, 44.50098775327206], [-72.97845893539488, 44.50098632834852], [-72.97846404835582, 44.500983729958534], [-72.97846949659288, 44.5009804610163], [-72.97847494482994, 44.50097652152181], [-72.97848156653345, 44.50097166001797], [-72.97849170863628, 44.50096403248608], [-72.97850562259555, 44.50095288455486], [-72.97852112911642, 44.50094039551914], [-72.97853604890406, 44.5009284093976], [-72.97854895703495, 44.50091768056154], [-72.97855876386166, 44.50090820901096], [-72.97856572084129, 44.50090058147907], [-72.97857167199254, 44.50089412741363], [-72.97857938334346, 44.50088683515787], [-72.97858994454145, 44.50087795034051], [-72.97860209830105, 44.50086831115186], [-72.97861374914646, 44.500858671963215], [-72.9786238912493, 44.50084978714585], [-72.97863327898085, 44.50084215961397], [-72.9786429181695, 44.500836208462715], [-72.97865339554846, 44.50083117932081], [-72.97866462729871, 44.50082623399794], [-72.9786756914109, 44.50082078576088], [-72.97868683934212, 44.50081508606672], [-72.97869731672108, 44.500810811296105], [-72.97870469279587, 44.50080871582031], [-72.97870854847133, 44.50080796144903], [-72.97871072776616, 44.500807877629995], [-72.97871198505163, 44.50080796144903], [-72.97871232032776, 44.500808296725154], [-72.97871257178485, 44.50080871582031], [-72.97871290706098, 44.50080896727741], [-72.9787134937942, 44.50080896727741], [-72.97871391288936, 44.500808883458376], [-72.97871424816549, 44.50080863200128], [-72.97871466726065, 44.500808380544186], [-72.97871517017484, 44.50080812908709], [-72.97871584072709, 44.50080821290612], [-72.97871667891741, 44.50080896727741], [-72.97871726565063, 44.500810727477074], [-72.9787174332887, 44.50081357732415], [-72.97871701419353, 44.50081734918058], [-72.97871575690806, 44.50082179158926], [-72.9787137452513, 44.500826401636004], [-72.97871123068035, 44.50083050876856], [-72.97870494425297, 44.50083386152983], [-72.97869346104562, 44.50083754956722], [-72.97867979854345, 44.50084291398525], [-72.97866789624095, 44.500848446041346], [-72.97866068780422, 44.50085146352649], [-72.97865725122392, 44.50085146352649], [-72.97865792177618, 44.50084928423166], [-72.97866337001324, 44.50084584765136], [-72.97867259010673, 44.500841572880745], [-72.97868298366666, 44.50083788484335], [-72.9786915332079, 44.50083629228175], [-72.97869689762592, 44.500836711376905], [-72.9786994960159, 44.5008385553956], [-72.97870050184429, 44.50084123760462], [-72.97870092093945, 44.500844003632665], [-72.97870092093945, 44.50084618292749], [-72.97870066948235, 44.500847440212965], [-72.97870066948235, 44.50084735639393], [-72.97870201058686, 44.500845512375236], [-72.9787068720907, 44.50084140524268], [-72.97871491871774, 44.5008353702724], [-72.97872447408736, 44.500828916206956], [-72.97873394563794, 44.5008232165128], [-72.97874199226499, 44.50081776827574], [-72.97874886542559, 44.50081198476255], [-72.97875590622425, 44.50080561451614], [-72.97876236028969, 44.500799579545856], [-72.97876730561256, 44.500794634222984], [-72.97877124510705, 44.50079002417624], [-72.9787761066109, 44.500784408301115], [-72.97878331504762, 44.50077745132148], [-72.97879312187433, 44.50076990760863], [-72.978805443272, 44.500761944800615], [-72.9788189381361, 44.50075280852616], [-72.97883016988635, 44.50074358843267], [-72.97883947379887, 44.500736044719815], [-72.97884902916849, 44.50072933919728], [-72.97885783016682, 44.5007230527699], [-72.97886646352708, 44.50071659870446], [-72.97887727618217, 44.500710144639015], [-72.9788916092366, 44.50070503167808], [-72.97890787012875, 44.50070167891681], [-72.97892362810671, 44.500699415802956], [-72.97893905080855, 44.500696398317814], [-72.97895497642457, 44.50069128535688], [-72.97896981239319, 44.500684244558215], [-72.97898104414344, 44.50067703612149], [-72.9789896775037, 44.50066974386573], [-72.97899914905429, 44.50066111050546], [-72.97900996170938, 44.50065121985972], [-72.97902178019285, 44.50064149685204], [-72.97903426922858, 44.50063277967274], [-72.97904734499753, 44.50062423013151], [-72.97906159423292, 44.50061526149511], [-72.97907701693475, 44.50060537084937], [-72.97909210436046, 44.500594390556216], [-72.9791054315865, 44.5005829911679], [-72.97911725006998, 44.50057201087475], [-72.97912906855345, 44.500561617314816], [-72.97914138995111, 44.50055315159261], [-72.97915454953909, 44.50054661370814], [-72.97916972078383, 44.500541584566236], [-72.97918790951371, 44.50053739361465], [-72.97920819371939, 44.50053445994854], [-72.97922956757247, 44.500533789396286], [-72.97924968414009, 44.50053596869111], [-72.97926653176546, 44.50053999200463], [-72.9792814515531, 44.500544015318155], [-72.9792954493314, 44.500547368079424], [-72.9793094471097, 44.500549798831344], [-72.97932403162122, 44.50055164285004], [-72.97933987341821, 44.500552816316485], [-72.97935579903424, 44.50055290013552], [-72.97936937771738, 44.5005520619452], [-72.97938019037247, 44.50055072084069], [-72.97939050011337, 44.500549379736185], [-72.97940122894943, 44.5005486253649], [-72.9794114548713, 44.500548457726836], [-72.97942268662155, 44.50054879300296], [-72.97943819314241, 44.500549882650375], [-72.97945722006261, 44.50055164285004], [-72.97947532497346, 44.50055348686874], [-72.97948999330401, 44.50055516324937], [-72.97950214706361, 44.50055658817291], [-72.97951463609934, 44.50055851601064], [-72.97952947206795, 44.50056086294353], [-72.97954506240785, 44.50056295841932], [-72.9795578867197, 44.50056480243802], [-72.97956576570868, 44.50056631118059], [-72.97957113012671, 44.500567987561226], [-72.97957758419216, 44.50057050213218], [-72.97958621755242, 44.50057360343635], [-72.97959602437913, 44.5005763694644], [-72.97960507683456, 44.50057787820697], [-72.97961186617613, 44.50057804584503], [-72.97961614094675, 44.50057712383568], [-72.97961848787963, 44.50057561509311], [-72.97961991280317, 44.50057360343635], [-72.97962175682187, 44.5005710888654], [-72.97962544485927, 44.50056815519929], [-72.97963156364858, 44.50056463479996], [-72.97963885590434, 44.500560192391276], [-72.97964581288397, 44.50055558234453], [-72.97965226694942, 44.500550888478756], [-72.97965821810067, 44.50054611079395], [-72.97966551035643, 44.50054091401398], [-72.97967489808798, 44.500535633414984], [-72.97968344762921, 44.50053110718727], [-72.97968906350434, 44.50052750296891], [-72.9796924162656, 44.50052415020764], [-72.97969459556043, 44.50052079744637], [-72.9796963557601, 44.50051752850413], [-72.9796981997788, 44.50051459483802], [-72.9797000437975, 44.50051191262901], [-72.97970205545425, 44.500509733334184], [-72.97970423474908, 44.50050797313452], [-72.97970683313906, 44.50050663203001], [-72.97971026971936, 44.500505458563566], [-72.97971479594707, 44.50050428509712], [-72.97972099855542, 44.50050311163068], [-72.97972870990634, 44.500501938164234], [-72.97973776236176, 44.50050084851682], [-72.97974740155041, 44.500500010326505], [-72.97975569963455, 44.50049925595522], [-72.97976156696677, 44.50049833394587], [-72.97976483590901, 44.50049724429846], [-72.97976634465158, 44.50049623847008], [-72.97976634465158, 44.50049531646073], [-72.97976517118514, 44.500494645908475], [-72.97976332716644, 44.500494226813316], [-72.97976081259549, 44.500494142994285], [-72.97975762747228, 44.50049439445138], [-72.97975410707295, 44.5004952326417], [-72.97975083813071, 44.500496573746204], [-72.97974782064557, 44.50049816630781], [-72.97974430024624, 44.50050034560263], [-72.97974027693272, 44.50050302781165], [-72.97973725944757, 44.500505458563566], [-72.97973549924791, 44.500507386401296], [-72.97973449341953, 44.50050889514387], [-72.97973399050534, 44.50051015242934], [-72.97973340377212, 44.500510822981596], [-72.9797328170389, 44.500510822981596], [-72.97973273321986, 44.50051006861031], [-72.97973340377212, 44.50050797313452], [-72.97973524779081, 44.50050378218293], [-72.97973809763789, 44.50049690902233], [-72.97974237240851, 44.500487353652716], [-72.97974857501686, 44.50047696009278], [-72.97975578345358, 44.50046815909445], [-72.97976341098547, 44.50046111829579], [-72.97977103851736, 44.500454077497125], [-72.97977824695408, 44.50044653378427], [-72.97978520393372, 44.500438487157226], [-72.97979207709432, 44.50043077580631], [-72.9797981120646, 44.500424237921834], [-72.9798049852252, 44.50041803531349], [-72.97981361858547, 44.50041149742901], [-72.97982267104089, 44.50040504336357], [-72.97983096912503, 44.500398924574256], [-72.97983884811401, 44.50039272196591], [-72.97984681092203, 44.5003863517195], [-72.97985443845391, 44.50038023293018], [-72.97986173070967, 44.500375371426344], [-72.97987044788897, 44.500371515750885], [-72.97987882979214, 44.50036841444671], [-72.9798847809434, 44.50036631897092], [-72.97988922335207, 44.50036447495222], [-72.9798932466656, 44.5003620442003], [-72.97989743761718, 44.50035852380097], [-72.9799014609307, 44.50035408139229], [-72.97990556806326, 44.50034787878394], [-72.97991185449064, 44.50033899396658], [-72.97991981729865, 44.50032910332084], [-72.97992778010666, 44.50032046996057], [-72.97993549145758, 44.500312842428684], [-72.97994429245591, 44.5003049634397], [-72.97995611093938, 44.500295324251056], [-72.9799704439938, 44.50028384104371], [-72.97998410649598, 44.500272274017334], [-72.97999626025558, 44.50026171281934], [-72.98000841401517, 44.500252241268754], [-72.98002165742218, 44.500244027003646], [-72.98003682866693, 44.50023656710982], [-72.98005308955908, 44.50022994540632], [-72.9800692666322, 44.50022424571216], [-72.98008435405791, 44.500219551846385], [-72.98009826801717, 44.50021653436124], [-72.98011100851, 44.50021485798061], [-72.9801229108125, 44.500213181599975], [-72.98013464547694, 44.50021066702902], [-72.98014663159847, 44.50020723044872], [-72.98015970736742, 44.50020329095423], [-72.98017454333603, 44.5001981779933], [-72.98019013367593, 44.500191221013665], [-72.98020387999713, 44.50018367730081], [-72.98021502792835, 44.5001773070544], [-72.98022433184087, 44.5001722779125], [-72.9802336357534, 44.50016766786575], [-72.98024453222752, 44.500162890180945], [-72.98025568015873, 44.50015911832452], [-72.98026733100414, 44.50015685521066], [-72.98028107732534, 44.50015517883003], [-72.98029624857008, 44.50015392154455], [-72.98031217418611, 44.5001529995352], [-72.98032759688795, 44.500152580440044], [-72.98034151084721, 44.500152664259076], [-72.98035458661616, 44.500153167173266], [-72.9803679138422, 44.50015425682068], [-72.98038082197309, 44.500155514106154], [-72.98039289191365, 44.50015719048679], [-72.98040554858744, 44.50015970505774], [-72.98041845671833, 44.500162890180945], [-72.98042952083051, 44.50016565620899], [-72.98043832182884, 44.500167332589626], [-72.98044594936073, 44.50016842223704], [-72.98045374453068, 44.50016934424639], [-72.98046170733869, 44.500170182436705], [-72.98046975396574, 44.50017060153186], [-72.98047796823084, 44.50017085298896], [-72.98048660159111, 44.50017085298896], [-72.98049640841782, 44.500171188265085], [-72.98050713725388, 44.50017236173153], [-72.9805182851851, 44.500173619017005], [-72.98053161241114, 44.500174121931195], [-72.98054837621748, 44.500173116102815], [-72.98056581057608, 44.50017127208412], [-72.98058173619211, 44.50017001479864], [-72.98059673979878, 44.50017035007477], [-72.98061216250062, 44.50017236173153], [-72.98062833957374, 44.50017529539764], [-72.9806443490088, 44.50017906725407], [-72.98066019080579, 44.50018350966275], [-72.98067628405988, 44.50018820352852], [-72.98069212585688, 44.50019281357527], [-72.9807064589113, 44.500197591260076], [-72.98071810975671, 44.50020253658295], [-72.9807289224118, 44.50020798482001], [-72.98074032180011, 44.5002137683332], [-72.98075172118843, 44.50021896511316], [-72.98076270148158, 44.500223491340876], [-72.98077351413667, 44.5002275146544], [-72.9807844106108, 44.5002306997776], [-72.98079413361847, 44.500232292339206], [-72.98080251552165, 44.50023245997727], [-72.98081148415804, 44.500232208520174], [-72.98082363791764, 44.50023245997727], [-72.98083847388625, 44.5002341363579], [-72.9808531422168, 44.50023698620498], [-72.9808652959764, 44.500239668414], [-72.98087476752698, 44.50024226680398], [-72.98088298179209, 44.50024528428912], [-72.98089102841914, 44.50024913996458], [-72.9808978177607, 44.500253330916166], [-72.98090326599777, 44.50025785714388], [-72.98090946860611, 44.500262970104814], [-72.98091701231897, 44.500268837437034], [-72.98092522658408, 44.50027495622635], [-72.98093327321112, 44.50028132647276], [-72.98094123601913, 44.50028769671917], [-72.98094903118908, 44.500293815508485], [-72.98095682635903, 44.50030035339296], [-72.98096411861479, 44.50030714273453], [-72.98097065649927, 44.50031418353319], [-72.98097694292665, 44.500322230160236], [-72.98098222352564, 44.500330025330186], [-72.98098649829626, 44.50033698230982], [-72.980991108343, 44.50034494511783], [-72.9809966403991, 44.500354835763574], [-72.98100292682648, 44.50036531314254], [-72.98100896179676, 44.50037453323603], [-72.98101399093866, 44.50038199312985], [-72.98101809807122, 44.500388614833355], [-72.9810209479183, 44.50039414688945], [-72.9810222890228, 44.500398337841034], [-72.98102237284184, 44.50040219351649], [-72.98102195374668, 44.50040613301098], [-72.981022791937, 44.50040990486741], [-72.98102480359375, 44.50041392818093], [-72.98102740198374, 44.50041828677058], [-72.98103067092597, 44.500422812998295], [-72.98103435896337, 44.5004278421402], [-72.98103838227689, 44.50043345801532], [-72.98104349523783, 44.500439409166574], [-72.98104902729392, 44.500445276498795], [-72.98105414025486, 44.5004503056407], [-72.98105841502547, 44.500455586239696], [-72.98106176778674, 44.50046170502901], [-72.98106436617672, 44.50046757236123], [-72.98106679692864, 44.500472685322165], [-72.98106947913766, 44.50047721154988], [-72.98107232898474, 44.500480983406305], [-72.98107383772731, 44.50048333033919], [-72.9810740891844, 44.50048475526273], [-72.98107450827956, 44.50048618018627], [-72.98107559792697, 44.500488359481096], [-72.98107786104083, 44.50049146078527], [-72.98108138144016, 44.50049573555589], [-72.98108540475368, 44.50050076469779], [-72.98108900897205, 44.50050696730614], [-72.98109261319041, 44.500513672828674], [-72.98109621740878, 44.50051878578961], [-72.98109957017004, 44.50052230618894], [-72.98110300675035, 44.50052507221699], [-72.98110635951161, 44.500527335330844], [-72.98110971227288, 44.50052926316857], [-72.98111256211996, 44.50053043663502], [-72.9811139870435, 44.50053018517792], [-72.9811139870435, 44.50052825734019], [-72.98111314885318, 44.50052515603602], [-72.9811123944819, 44.500521970912814], [-72.98111231066287, 44.50051895342767], [-72.98111256211996, 44.500515684485435], [-72.98111314885318, 44.50051191262901], [-72.98111365176737, 44.50050721876323], [-72.98111448995769, 44.50050042942166], [-72.98111633397639, 44.5004915446043], [-72.98111893236637, 44.50048173777759], [-72.98112161457539, 44.50047159567475], [-72.98112438060343, 44.500461453571916], [-72.98112714663148, 44.50045131146908], [-72.98112999647856, 44.500441420823336], [-72.98113318160176, 44.50043153017759], [-72.98113728873432, 44.50042113661766], [-72.98114248551428, 44.500410156324506], [-72.9811483528465, 44.50039909221232], [-72.98115472309291, 44.50038844719529], [-72.98116084188223, 44.50037897564471], [-72.98116570338607, 44.50037126429379], [-72.98117006197572, 44.500364223495126], [-72.98117534257472, 44.500355925410986], [-72.98118280246854, 44.50034502893686], [-72.98119227401912, 44.500332456082106], [-72.98120291903615, 44.500319296494126], [-72.9812141507864, 44.50030613690615], [-72.98122513107955, 44.50029406696558], [-72.98123510554433, 44.500283589586616], [-72.98124407418072, 44.50027411803603], [-72.98125262372196, 44.50026473030448], [-72.98126159235835, 44.5002550072968], [-72.98127173446119, 44.50024536810815], [-72.98128355294466, 44.50023556128144], [-72.98129696398973, 44.500225419178605], [-72.98131037503481, 44.50021527707577], [-72.9813211876899, 44.50020572170615], [-72.98132889904082, 44.50019683688879], [-72.981334682554, 44.50018795207143], [-72.98134122043848, 44.500178480520844], [-72.9813507758081, 44.50016766786575], [-72.98136234283447, 44.50015584938228], [-72.98137516714633, 44.50014403089881], [-72.98138748854399, 44.50013321824372], [-72.98139712773263, 44.500124249607325], [-72.98140349797904, 44.500117376446724], [-72.98140877857804, 44.50011050328612], [-72.98141514882445, 44.50010170228779], [-72.98142394982278, 44.500090973451734], [-72.98143425956368, 44.50007940642536], [-72.98144347965717, 44.500068090856075], [-72.98145060427487, 44.50005761347711], [-72.98145605251193, 44.50004864484072], [-72.98146166838706, 44.50004084967077], [-72.98146879300475, 44.50003280304372], [-72.98147725872695, 44.500024085864425], [-72.98148631118238, 44.500014781951904], [-72.98149544745684, 44.50000489130616], [-72.98150416463614, 44.49999449774623], [-72.98151128925383, 44.49998443946242], [-72.9815180785954, 44.499974800273776], [-72.98152646049857, 44.49996516108513], [-72.98153609968722, 44.499955689534545], [-72.98154733143747, 44.499945882707834], [-72.98155998811126, 44.49993632733822], [-72.98157432116568, 44.499926855787635], [-72.98159016296268, 44.49991746805608], [-72.98160550184548, 44.499908750876784], [-72.98161882907152, 44.49990103952587], [-72.98163031227887, 44.49989450164139], [-72.9816407058388, 44.49988913722336], [-72.98164984211326, 44.49988452717662], [-72.98165805637836, 44.499879498034716], [-72.9816663544625, 44.49987329542637], [-72.98167398199439, 44.49986658990383], [-72.98168093897402, 44.49985921382904], [-72.98168797977269, 44.499851083382964], [-72.9816961940378, 44.49984152801335], [-72.98170507885516, 44.49983079917729], [-72.98171329312027, 44.49982090853155], [-72.98172083683312, 44.499811604619026], [-72.98172879964113, 44.49980196543038], [-72.98173793591559, 44.499791990965605], [-72.98174849711359, 44.49978201650083], [-72.98176065087318, 44.49977187439799], [-72.98177313990891, 44.49976114556193], [-72.98178571276367, 44.49975033290684], [-72.98179727979004, 44.49974077753723], [-72.9818061646074, 44.49973323382437], [-72.98181052319705, 44.49972912669182], [-72.98181379213929, 44.49972619302571], [-72.98182116821408, 44.49971990659833], [-72.98183172941208, 44.499711859971285], [-72.98184379935265, 44.49970289133489], [-72.98185813240707, 44.49969174340367], [-72.98187187872827, 44.49968026019633], [-72.98188394866884, 44.499670285731554], [-72.9818960186094, 44.499661484733224], [-72.98190859146416, 44.49965343810618], [-72.98192141577601, 44.499645391479135], [-72.98193541355431, 44.499636674299836], [-72.98195167444646, 44.49962720274925], [-72.98196852207184, 44.49961747974157], [-72.98198411241174, 44.499608259648085], [-72.98199878074229, 44.49960054829717], [-72.9820117726922, 44.499594597145915], [-72.98202342353761, 44.49958881363273], [-72.98203482292593, 44.499582359567285], [-72.98204588703811, 44.49957523494959], [-72.98205628059804, 44.4995678588748], [-72.98206784762442, 44.49956023134291], [-72.98208159394562, 44.499552519991994], [-72.9820965975523, 44.49954547919333], [-72.98211101442575, 44.49953994713724], [-72.98212417401373, 44.49953634291887], [-72.9821359924972, 44.49953382834792], [-72.98214747570455, 44.49953131377697], [-72.98216113820672, 44.49952854774892], [-72.982177734375, 44.49952586553991], [-72.98219458200037, 44.4995229318738], [-72.98220966942608, 44.49952016584575], [-72.98222199082375, 44.49951815418899], [-72.98223121091723, 44.499516896903515], [-72.98223716206849, 44.49951631017029], [-72.98224076628685, 44.499515891075134], [-72.98224319703877, 44.499515388160944], [-72.98224520869553, 44.499514885246754], [-72.98224730417132, 44.49951429851353], [-72.98225057311356, 44.49951379559934], [-72.98225602135062, 44.49951312504709], [-72.9822639003396, 44.49951270595193], [-72.98227312043309, 44.49951211921871], [-72.98228250816464, 44.49951044283807], [-72.98229298554361, 44.49950692243874], [-72.98230631276965, 44.499501306563616], [-72.98232190310955, 44.499494936317205], [-72.98233690671623, 44.49948940426111], [-72.98234964720905, 44.49948504567146], [-72.98235987313092, 44.49948135763407], [-72.98236783593893, 44.49947741813958], [-72.98237563110888, 44.499471466988325], [-72.98238501884043, 44.499463587999344], [-72.98239700496197, 44.49945520609617], [-72.98241158947349, 44.49944674037397], [-72.9824266768992, 44.49943793937564], [-72.98243958503008, 44.499429473653436], [-72.98245031386614, 44.49942218139768], [-72.98246028833091, 44.49941597878933], [-72.98247177153826, 44.499409357085824], [-72.98248610459268, 44.499401059001684], [-72.98250236548483, 44.49939108453691], [-72.9825178720057, 44.49938085861504], [-72.98253212124109, 44.499371806159616], [-72.98254662193358, 44.499363508075476], [-72.9825612064451, 44.49935529381037], [-72.98257478512824, 44.499347414821386], [-72.98258626833558, 44.49934062547982], [-72.98259934410453, 44.49933383613825], [-72.98261526972055, 44.499326879158616], [-72.98263052478433, 44.49932067655027], [-72.98264494165778, 44.49931489303708], [-72.98265910707414, 44.499309277161956], [-72.98267235048115, 44.49930366128683], [-72.98268467187881, 44.49929838068783], [-72.98269866965711, 44.49929351918399], [-72.98271526582539, 44.49928890913725], [-72.98273102380335, 44.499285304918885], [-72.98274527303874, 44.499282957986], [-72.98275977373123, 44.49928103014827], [-72.98277444206178, 44.49927876703441], [-72.98278919421136, 44.49927574954927], [-72.98280419781804, 44.49927181005478], [-72.98281962051988, 44.49926694855094], [-72.98283521085978, 44.49926108121872], [-72.98285080119967, 44.49925412423909], [-72.98286588862538, 44.499246245250106], [-72.98287971876562, 44.49923819862306], [-72.98289136961102, 44.499230571091175], [-72.98290184698999, 44.49922361411154], [-72.98291274346411, 44.49921699240804], [-72.98292531631887, 44.49920995160937], [-72.98293990083039, 44.499202240258455], [-72.98295674845576, 44.499194361269474], [-72.9829737637192, 44.49918723665178], [-72.98298826441169, 44.499182207509875], [-72.98300100490451, 44.49917952530086], [-72.98301517032087, 44.49917717836797], [-72.98303076066077, 44.499173825606704], [-72.98304635100067, 44.499169047921896], [-72.98306252807379, 44.49916326440871], [-72.98307971097529, 44.499157229438424], [-72.9830979835242, 44.499151445925236], [-72.98311675898731, 44.499146500602365], [-72.98313519917428, 44.49914230965078], [-72.98315355554223, 44.49913845397532], [-72.98317233100533, 44.499134765937924], [-72.98319202847779, 44.499131329357624], [-72.9832121450454, 44.49912822805345], [-72.9832309205085, 44.49912562966347], [-72.98324852250516, 44.49912328273058], [-72.98326637595892, 44.49912085197866], [-72.98328498378396, 44.49911808595061], [-72.98330392688513, 44.4991151522845], [-72.98332253471017, 44.49911247007549], [-72.98333963379264, 44.4991101231426], [-72.98335472121835, 44.49910811148584], [-72.98336888663471, 44.499105932191014], [-72.9833833873272, 44.499103082343936], [-72.98339822329581, 44.499099561944604], [-72.98341339454055, 44.49909537099302], [-72.98342915251851, 44.49909059330821], [-72.9834449943155, 44.499086402356625], [-72.98346117138863, 44.4990826305002], [-72.98347751609981, 44.49907877482474], [-72.9834915138781, 44.49907584115863], [-72.98350249417126, 44.49907500296831], [-72.98351213335991, 44.49907626025379], [-72.98352068290114, 44.499079529196024], [-72.98352747224271, 44.49908439069986], [-72.98353275284171, 44.499091263860464], [-72.98353769816458, 44.499101070687175], [-72.98354230821133, 44.49911397881806], [-72.98354574479163, 44.499127976596355], [-72.98354851081967, 44.49914155527949], [-72.98355211503804, 44.49915354140103], [-72.98355630598962, 44.49916385114193], [-72.98356041312218, 44.499173406511545], [-72.98356393352151, 44.49918195605278], [-72.9835662804544, 44.499187991023064], [-72.9835676215589, 44.499191511422396], [-72.98356871120632, 44.49919335544109], [-72.98356963321567, 44.49919427745044], [-72.98357097432017, 44.49919503182173], [-72.98357281833887, 44.49919620528817], [-72.98357550054789, 44.49919846840203], [-72.98357927240431, 44.49920198880136], [-72.98358388245106, 44.49920676648617], [-72.98358916305006, 44.49921330437064], [-72.9835956171155, 44.49922143481672], [-72.98360349610448, 44.49922889471054], [-72.98361296765506, 44.499234426766634], [-72.98362118192017, 44.499238030985], [-72.98362486995757, 44.49923920445144], [-72.98362378031015, 44.49923853389919], [-72.98361958935857, 44.49923702515662], [-72.9836143925786, 44.499235516414046], [-72.98360894434154, 44.49923417530954], [-72.98360357992351, 44.49923308566213], [-72.9835988022387, 44.49923224747181], [-72.98359486274421, 44.49923174455762], [-72.98359251581132, 44.49923174455762], [-72.98359209671617, 44.499231996014714], [-72.98359184525907, 44.49923216365278], [-72.98358907923102, 44.49923140928149], [-72.98358329571784, 44.49922939762473], [-72.98357524909079, 44.49922579340637], [-72.9835646878928, 44.49921992607415], [-72.98355136066675, 44.49921171180904], [-72.9835369437933, 44.499202240258455], [-72.98352445475757, 44.49919218197465], [-72.98351590521634, 44.49918187223375], [-72.98351121135056, 44.49917122721672], [-72.98350844532251, 44.49915982782841], [-72.98350618220866, 44.49914733879268], [-72.98350500874221, 44.4991341792047], [-72.98350542783737, 44.49912085197866], [-72.98350660130382, 44.49910802766681], [-72.98350785858929, 44.499097215011716], [-72.98350987024605, 44.49908866547048], [-72.98351389355958, 44.4990807864815], [-72.98351992852986, 44.49907257221639], [-72.98352655023336, 44.49906435795128], [-72.98353367485106, 44.499057065695524], [-72.98354406841099, 44.49904952198267], [-72.98355923965573, 44.49904021807015], [-72.98357491381466, 44.49903150089085], [-72.98358748666942, 44.49902521446347], [-72.98359779641032, 44.499020939692855], [-72.98360810615122, 44.499017586931586], [-72.98362017609179, 44.49901440180838], [-72.98363534733653, 44.499011635780334], [-72.98365353606641, 44.4990099593997], [-72.9836730659008, 44.49900937266648], [-72.98369142226875, 44.49900979176164], [-72.98370726406574, 44.49900979176164], [-72.98372084274888, 44.49900845065713], [-72.98373366706073, 44.49900593608618], [-72.98374875448644, 44.49900350533426], [-72.98376711085439, 44.49900157749653], [-72.98378689214587, 44.498999398201704], [-72.98380558378994, 44.4989962130785], [-72.983821593225, 44.4989925250411], [-72.98383550718427, 44.498989172279835], [-72.98385009169579, 44.49898640625179], [-72.98386719077826, 44.49898364022374], [-72.98388596624136, 44.49898053891957], [-72.98390449024737, 44.49897768907249], [-72.98392301425338, 44.49897584505379], [-72.98394321464002, 44.49897475540638], [-72.98396307975054, 44.49897341430187], [-72.98397942446172, 44.49897182174027], [-72.98399325460196, 44.498970648273826], [-72.98400716856122, 44.49896972626448], [-72.98402074724436, 44.498968636617064], [-72.98403533175588, 44.498967127874494], [-72.98405209556222, 44.4989650323987], [-72.98407070338726, 44.49896218255162], [-72.98408998176455, 44.49895857833326], [-72.98410817049444, 44.49895480647683], [-72.98412485048175, 44.498951537534595], [-72.98414119519293, 44.49894977733493], [-72.9841582942754, 44.49894902296364], [-72.9841754771769, 44.49894843623042], [-72.98419182188809, 44.498947681859136], [-72.98420757986605, 44.49894684366882], [-72.9842240922153, 44.498945670202374], [-72.98424194566905, 44.49894432909787], [-72.98425979912281, 44.49894240126014], [-72.98427664674819, 44.49893997050822], [-72.98429391346872, 44.498937455937266], [-72.98431134782732, 44.49893552809954], [-72.98432542942464, 44.498934019356966], [-72.98433850519359, 44.49893167242408], [-72.98435493372381, 44.49892798438668], [-72.98437329009175, 44.49892329052091], [-72.98439273610711, 44.498917842283845], [-72.98441268503666, 44.49891205877066], [-72.98443179577589, 44.49890669435263], [-72.98444897867739, 44.49890258722007], [-72.98446549102664, 44.498899737372994], [-72.98448300920427, 44.49889797717333], [-72.98450019210577, 44.498897390440106], [-72.98451720736921, 44.498896887525916], [-72.98453623428941, 44.49889529496431], [-72.98455727286637, 44.49889303185046], [-72.9845795687288, 44.49889034964144], [-72.98460077494383, 44.49888775125146], [-72.98461871221662, 44.4988854881376], [-72.98463371582329, 44.49888356029987], [-72.98464737832546, 44.4988823030144], [-72.98466062173247, 44.498881716281176], [-72.98467478714883, 44.49888129718602], [-72.98469088040292, 44.49888054281473], [-72.98470823094249, 44.49887953698635], [-72.98472641967237, 44.49887844733894], [-72.98474393785, 44.498877273872495], [-72.98476036638021, 44.49887618422508], [-72.9847764596343, 44.4988751783967], [-72.9847925528884, 44.49887450784445], [-72.98480856232345, 44.49887400493026], [-72.98482398502529, 44.49887400493026], [-72.98483781516552, 44.49887467548251], [-72.9848488792777, 44.49887568131089], [-72.9848557524383, 44.49887668713927], [-72.98485935665667, 44.49887752532959], [-72.98486120067537, 44.49887802824378], [-72.98486187122762, 44.498878195881844], [-72.98486170358956, 44.49887802824378], [-72.98486094921827, 44.49887769296765], [-72.98486069776118, 44.49887744151056], [-72.98486187122762, 44.49887760914862], [-72.98486530780792, 44.498878195881844], [-72.98487209714949, 44.49887911789119], [-72.98488257452846, 44.49887962080538], [-72.98489531502128, 44.49887962080538], [-72.98490763641894, 44.49887962080538], [-72.98491794615984, 44.498879704624414], [-72.98492926172912, 44.498879704624414], [-72.98494325950742, 44.49887995608151], [-72.98495809547603, 44.49888062663376], [-72.984973853454, 44.49888129718602], [-72.98499028198421, 44.498882135376334], [-72.98500528559089, 44.49888347648084], [-72.9850182775408, 44.498884566128254], [-72.98503085039556, 44.498884649947286], [-72.98504484817386, 44.49888448230922], [-72.9850600194186, 44.498885152861476], [-72.9850751068443, 44.49888741597533], [-72.98508952371776, 44.49889110401273], [-72.98510327003896, 44.49889596551657], [-72.9851171001792, 44.49890200048685], [-72.98513126559556, 44.49890971183777], [-72.9851461853832, 44.49891918338835], [-72.985161524266, 44.49892899021506], [-72.98517636023462, 44.49893854558468], [-72.98518868163228, 44.49894826859236], [-72.98519723117352, 44.49895782396197], [-72.98520150594413, 44.49896746315062], [-72.98520200885832, 44.49897835962474], [-72.98519932664931, 44.49899084866047], [-72.98519496805966, 44.49900358915329], [-72.98519119620323, 44.49901482090354], [-72.98518884927034, 44.499024879187346], [-72.98518734052777, 44.4990340154618], [-72.98518666997552, 44.499042900279164], [-72.98518708907068, 44.499052707105875], [-72.98518876545131, 44.49906527996063], [-72.98519119620323, 44.49907885864377], [-72.98519245348871, 44.499091850593686], [-72.9851911123842, 44.49910408817232], [-72.98518868163228, 44.499115319922566], [-72.98518717288971, 44.49912512674928], [-72.9851858317852, 44.49913208372891], [-72.98518323339522, 44.499136777594686], [-72.98517979681492, 44.49914080090821], [-72.98517636023462, 44.499144572764635], [-72.98517351038754, 44.49914775788784], [-72.98517133109272, 44.499150440096855], [-72.98516906797886, 44.49915328994393], [-72.98516605049372, 44.4991566427052], [-72.9851620271802, 44.49916083365679], [-72.98515716567636, 44.49916619807482], [-72.98515238799155, 44.49917214922607], [-72.98514844849706, 44.49917793273926], [-72.98514476045966, 44.49918329715729], [-72.98514048568904, 44.49918866157532], [-72.98513486981392, 44.49919553473592], [-72.9851292539388, 44.49920408427715], [-72.98512514680624, 44.49921271763742], [-72.98512279987335, 44.499220345169306], [-72.98512154258788, 44.4992277212441], [-72.98512070439756, 44.49923518113792], [-72.98512020148337, 44.499243227764964], [-72.98512011766434, 44.49925219640136], [-72.9851202853024, 44.499261416494846], [-72.98512020148337, 44.499270636588335], [-72.98511986620724, 44.4992795214057], [-72.98511986620724, 44.499288238584995], [-72.98512062057853, 44.49929771013558], [-72.9851221293211, 44.499308271333575], [-72.98512405715883, 44.49931832961738], [-72.98512573353946, 44.49932746589184], [-72.98512757755816, 44.49933735653758], [-72.98512958921492, 44.49934909120202], [-72.98513093031943, 44.499361580237746], [-72.98513101413846, 44.49937297962606], [-72.98513025976717, 44.49938320554793], [-72.98512958921492, 44.49939359910786], [-72.98512908630073, 44.49940508231521], [-72.98512866720557, 44.49941706843674], [-72.98512808047235, 44.49942863546312], [-72.9851269070059, 44.49943986721337], [-72.98512472771108, 44.49945168569684], [-72.98512112349272, 44.49946492910385], [-72.98511517234147, 44.499477837234735], [-72.98510670661926, 44.49948973953724], [-72.98509656451643, 44.49950147420168], [-72.9850872606039, 44.499512538313866], [-72.98508030362427, 44.499522345140576], [-72.98507586121559, 44.49953047558665], [-72.98507410101593, 44.4995382707566], [-72.9850751068443, 44.499546736478806], [-72.98507787287235, 44.49955536983907], [-72.98508097417653, 44.499563835561275], [-72.98508365638554, 44.49957196600735], [-72.98508650623262, 44.499580850824714], [-72.98508902080357, 44.499591244384646], [-72.98509044572711, 44.499602392315865], [-72.98509036190808, 44.49961286969483], [-72.98509027808905, 44.499621419236064], [-72.98509220592678, 44.49962921440601], [-72.98509639687836, 44.49963776394725], [-72.98510192893445, 44.49964706785977], [-72.98510888591409, 44.49965695850551], [-72.98511726781726, 44.499665927141905], [-72.9851269070059, 44.49967246502638], [-72.98513738438487, 44.49967732653022], [-72.98514911904931, 44.49968218803406], [-72.98516261391342, 44.499688390642405], [-72.98517627641559, 44.49969559907913], [-72.98518801108003, 44.49970222078264], [-72.9851979855448, 44.49970758520067], [-72.98520787619054, 44.499712865799665], [-72.98521927557886, 44.49971881695092], [-72.98523201607168, 44.49972543865442], [-72.98524509184062, 44.49973180890083], [-72.98525682650506, 44.49973767623305], [-72.98526629805565, 44.49974371120334], [-72.98527392558753, 44.49974982999265], [-72.98528029583395, 44.49975611642003], [-72.98528540879488, 44.49976206757128], [-72.98528985120356, 44.4997679349035], [-72.98529462888837, 44.49977455660701], [-72.98529949039221, 44.49978210031986], [-72.98530426807702, 44.499790063127875], [-72.98530862666667, 44.4997975230217], [-72.98531248234212, 44.49980380944908], [-72.98531776294112, 44.49981026351452], [-72.98532463610172, 44.499817388132215], [-72.98533293418586, 44.49982509948313], [-72.98534265719354, 44.4998337328434], [-72.98535212874413, 44.49984320439398], [-72.98535958863795, 44.499852592125535], [-72.98536595888436, 44.49986298568547], [-72.98537115566432, 44.499874552711844], [-72.98537341877818, 44.49988419190049], [-72.9853742569685, 44.49989248998463], [-72.98537660390139, 44.49990263208747], [-72.98537995666265, 44.49991478584707], [-72.98538381233811, 44.499928364530206], [-72.98538691364229, 44.499942027032375], [-72.98538842238486, 44.49995392933488], [-72.98539035022259, 44.49996423907578], [-72.98539428971708, 44.49997488409281], [-72.98539965413511, 44.499986032024026], [-72.98540401272476, 44.49999609030783], [-72.98540610820055, 44.500003550201654], [-72.98540736548603, 44.50001017190516], [-72.9854104667902, 44.5000184699893], [-72.98541641794145, 44.5000287797302], [-72.98542387783527, 44.50003917329013], [-72.98543158918619, 44.5000478066504], [-72.98543913289905, 44.50005509890616], [-72.9854464251548, 44.5000618044287], [-72.98545413650572, 44.50006918050349], [-72.98546209931374, 44.500077813863754], [-72.98546997830272, 44.50008736923337], [-72.98547777347267, 44.50009658932686], [-72.98548582009971, 44.50010497123003], [-72.98549378290772, 44.50011368840933], [-72.98550065606833, 44.500123830512166], [-72.98550518229604, 44.500134559348226], [-72.98550769686699, 44.500144366174936], [-72.98550987616181, 44.50015333481133], [-72.98551272600889, 44.50016314163804], [-72.98551716841757, 44.50017370283604], [-72.9855227842927, 44.50018476694822], [-72.98552823252976, 44.50019549578428], [-72.9855328425765, 44.50020530261099], [-72.98553753644228, 44.50021485798061], [-72.98554290086031, 44.500224413350224], [-72.98554876819253, 44.50023354962468], [-72.98555547371507, 44.50024243444204], [-72.98556335270405, 44.500251319259405], [-72.98557257279754, 44.500260539352894], [-72.98558338545263, 44.50026975944638], [-72.98559562303126, 44.50027797371149], [-72.98560827970505, 44.500284511595964], [-72.98562068492174, 44.500289456918836], [-72.98563342541456, 44.50029364787042], [-72.98564733937383, 44.50029741972685], [-72.9856625944376, 44.500300688669086], [-72.98567835241556, 44.50030320324004], [-72.98569302074611, 44.500305969268084], [-72.98570559360087, 44.500309992581606], [-72.98571707680821, 44.500314770266414], [-72.98572914674878, 44.50032030232251], [-72.98574322834611, 44.50032667256892], [-72.98575814813375, 44.50033329427242], [-72.98577189445496, 44.50033949688077], [-72.98578388057649, 44.50034536421299], [-72.98579435795546, 44.50035081245005], [-72.98580458387733, 44.50035600923002], [-72.9858148097992, 44.50036137364805], [-72.98582553863525, 44.50036724098027], [-72.98583777621388, 44.500373024493456], [-72.98585127107799, 44.500378305092454], [-72.98586510121822, 44.50038316659629], [-72.98587817698717, 44.50038786046207], [-72.98589074984193, 44.500392554327846], [-72.98590382561088, 44.500397918745875], [-72.98591723665595, 44.500404288992286], [-72.98592922277749, 44.500411581248045], [-72.98593911342323, 44.500419460237026], [-72.98594699241221, 44.500427171587944], [-72.98595344647765, 44.50043438002467], [-72.98595922999084, 44.50044276192784], [-72.98596543259919, 44.500453071668744], [-72.98597197048366, 44.50046346522868], [-72.9859789274633, 44.50047109276056], [-72.98598705790937, 44.50047578662634], [-72.98599753528833, 44.50047930702567], [-72.98601220361888, 44.50048316270113], [-72.98602854833007, 44.50048718601465], [-72.98604472540319, 44.500491209328175], [-72.98605989664793, 44.5004949811846], [-72.98607096076012, 44.500498585402966], [-72.98607842065394, 44.50050311163068], [-72.98608671873808, 44.500509314239025], [-72.9860973637551, 44.50051576830447], [-72.9861095175147, 44.50052062980831], [-72.98612133599818, 44.50052356347442], [-72.98613240011036, 44.500525407493114], [-72.98614371567965, 44.50052708387375], [-72.98615545034409, 44.50052892789245], [-72.986168442294, 44.500531358644366], [-72.98618327826262, 44.5005348790437], [-72.98619844950736, 44.50053948909044], [-72.98621169291437, 44.500544434413314], [-72.98622267320752, 44.500548876821995], [-72.98623298294842, 44.50055298395455], [-72.98624278977513, 44.500556755810976], [-72.98625343479216, 44.50056044384837], [-72.9862672649324, 44.50056438334286], [-72.98628411255777, 44.500567903742194], [-72.98630054108799, 44.500570837408304], [-72.98631470650434, 44.500573351979256], [-72.98632878810167, 44.50057544745505], [-72.98634437844157, 44.50057745911181], [-72.98636181280017, 44.50057997368276], [-72.98637949861586, 44.500583158805966], [-72.98639575950801, 44.500586511567235], [-72.98640950582922, 44.50058902613819], [-72.9864205699414, 44.50059070251882], [-72.98643121495843, 44.50059221126139], [-72.986443284899, 44.5005935523659], [-72.98645711503923, 44.50059506110847], [-72.98647195100784, 44.5005969889462], [-72.98648812808096, 44.50059958733618], [-72.98650598153472, 44.50060294009745], [-72.98652517609298, 44.50060738250613], [-72.98654269427061, 44.50061216019094], [-72.98655685968697, 44.500616854056716], [-72.98656817525625, 44.500621715560555], [-72.98657848499715, 44.500627079978585], [-72.98658988438547, 44.500632947310805], [-72.9866021219641, 44.50063898228109], [-72.98661452718079, 44.500644598156214], [-72.9866264294833, 44.50065029785037], [-72.98663740977645, 44.50065574608743], [-72.98664763569832, 44.50066111050546], [-72.98665761016309, 44.50066647492349], [-72.98666683025658, 44.50067175552249], [-72.98667521215975, 44.50067728757858], [-72.98668317496777, 44.50068365782499], [-72.9866914730519, 44.50069120153785], [-72.98670060932636, 44.50069966726005], [-72.98671024851501, 44.50070830062032], [-72.98672039061785, 44.500716431066394], [-72.98673195764422, 44.500724729150534], [-72.98674453049898, 44.50073369778693], [-72.98675693571568, 44.500742834061384], [-72.98676867038012, 44.500752221792936], [-72.98678074032068, 44.50076211243868], [-72.9867934808135, 44.50077250599861], [-72.98680513165891, 44.50078231282532], [-72.98681468702853, 44.50079103000462], [-72.98682382330298, 44.50079941190779], [-72.98683329485357, 44.5008076261729], [-72.98684251494706, 44.50081441551447], [-72.9868508130312, 44.50081885792315], [-72.98685844056308, 44.50082145631313], [-72.98686522990465, 44.50082271359861], [-72.98687134869397, 44.500822965055704], [-72.9868783056736, 44.50082288123667], [-72.9868870228529, 44.50082338415086], [-72.98689724877477, 44.50082413852215], [-72.98690814524889, 44.50082438997924], [-72.98691853880882, 44.50082430616021], [-72.98692675307393, 44.500824473798275], [-72.98693320713937, 44.5008250605315], [-72.98693890683353, 44.50082581490278], [-72.98694418743253, 44.50082656927407], [-72.98694955185056, 44.50082757510245], [-72.98695751465857, 44.500828832387924], [-72.98696941696107, 44.50082992203534], [-72.98698366619647, 44.50083101168275], [-72.98699917271733, 44.50083218514919], [-72.98701593652368, 44.500833693891764], [-72.98703320324421, 44.5008351188153], [-72.98705005086958, 44.50083587318659], [-72.98706580884755, 44.50083637610078], [-72.98707980662584, 44.50083679519594], [-72.98709313385189, 44.500836962834], [-72.98710855655372, 44.500836208462715], [-72.9871254041791, 44.50083436444402], [-72.98714166507125, 44.500831263139844], [-72.98715708777308, 44.50082723982632], [-72.98717225901783, 44.500823048874736], [-72.98718684352934, 44.500819612294436], [-72.98720117658377, 44.50081684626639], [-72.98721542581916, 44.50081483460963], [-72.98723068088293, 44.50081382878125], [-72.98724861815572, 44.50081408023834], [-72.98726906999946, 44.50081584043801], [-72.98728859983385, 44.50081852264702], [-72.98730444163084, 44.500820618122816], [-72.98731709830463, 44.500822545960546], [-72.98732740804553, 44.50082522816956], [-72.98734006471932, 44.50082950294018], [-72.98735816963017, 44.50083545409143], [-72.9873775318265, 44.50084140524268], [-72.98739555291831, 44.500846518203616], [-72.98741248436272, 44.50085163116455], [-72.98742799088359, 44.50085649266839], [-72.9874428268522, 44.500861186534166], [-72.98745799809694, 44.5008662994951], [-72.98747291788459, 44.50087174773216], [-72.98748842440546, 44.500877195969224], [-72.9875054396689, 44.50088289566338], [-72.98752195201814, 44.500888008624315], [-72.9875358659774, 44.5008921995759], [-72.98754776827991, 44.50089571997523], [-72.98755992203951, 44.50089898891747], [-72.98757400363684, 44.50090192258358], [-72.9875897616148, 44.50090443715453], [-72.9876053519547, 44.50090644881129], [-72.98762035556138, 44.500908041372895], [-72.9876346886158, 44.5009096339345], [-72.9876481834799, 44.50091156177223], [-72.98766159452498, 44.500913908705115], [-72.98767701722682, 44.5009165070951], [-72.98769386485219, 44.50091885402799], [-72.98771096393466, 44.50092011131346], [-72.98772705718875, 44.50092044658959], [-72.98774004913867, 44.50092086568475], [-72.9877504426986, 44.50092203915119], [-72.98776041716337, 44.500923715531826], [-72.98777215182781, 44.50092581100762], [-72.9877848085016, 44.500928577035666], [-72.98779754899442, 44.500932097435], [-72.98781104385853, 44.50093603692949], [-72.98782529309392, 44.500940227881074], [-72.98784063197672, 44.500944167375565], [-72.98785680904984, 44.50094701722264], [-72.98787114210427, 44.50094844214618], [-72.9878815356642, 44.50094877742231], [-72.98788882791996, 44.50094835832715], [-72.98789628781378, 44.5009474363178], [-72.98790475353599, 44.50094626285136], [-72.9879143089056, 44.50094550848007], [-72.98792445100844, 44.50094534084201], [-72.98793425783515, 44.50094601139426], [-72.98794481903315, 44.500948106870055], [-72.98795730806887, 44.500951459631324], [-72.98797063529491, 44.500954980030656], [-72.98798371106386, 44.500957829877734], [-72.98799661919475, 44.500959841534495], [-72.98801053315401, 44.50096151791513], [-72.98802528530359, 44.50096352957189], [-72.98803861252964, 44.500966463238], [-72.98805101774633, 44.50097023509443], [-72.9880649317056, 44.50097534805536], [-72.98808102495968, 44.50098196975887], [-72.98809862695634, 44.50098942965269], [-72.98811446875334, 44.50099621899426], [-72.98812813125551, 44.50100191868842], [-72.98814204521477, 44.50100778602064], [-72.98815621063113, 44.50101398862898], [-72.98817062750459, 44.50102119706571], [-72.98818462528288, 44.50102983042598], [-72.9881973657757, 44.50104022398591], [-72.98820834606886, 44.50105187483132], [-72.9882168956101, 44.5010631904006], [-72.98822309821844, 44.50107341632247], [-72.98822837881744, 44.50108305551112], [-72.98823458142579, 44.50109311379492], [-72.98824220895767, 44.501104010269046], [-72.98825109377503, 44.501114655286074], [-72.98826148733497, 44.50112429447472], [-72.9882732219994, 44.50113250873983], [-72.98828512430191, 44.50113954953849], [-72.98829526640475, 44.50114575214684], [-72.98830398358405, 44.501151870936155], [-72.98831345513463, 44.50115857645869], [-72.98832426778972, 44.50116612017155], [-72.98833566717803, 44.50117416679859], [-72.98834723420441, 44.501182632520795], [-72.98835871741176, 44.50119134970009], [-72.98836894333363, 44.5011998154223], [-72.98837824724615, 44.501207526773214], [-72.98838847316802, 44.50121431611478], [-72.98840154893696, 44.50122102163732], [-72.98841755837202, 44.50122823007405], [-72.98843381926417, 44.50123510323465], [-72.98844798468053, 44.50124138966203], [-72.98846055753529, 44.50124801136553], [-72.98847237601876, 44.501255387440324], [-72.98848486505449, 44.50126385316253], [-72.98849827609956, 44.50127290561795], [-72.98851177096367, 44.50128153897822], [-72.98852568492293, 44.50128975324333], [-72.98853842541575, 44.50129763223231], [-72.98854932188988, 44.50130584649742], [-72.98855954781175, 44.50131523422897], [-72.9885691870004, 44.50132571160793], [-72.98857815563679, 44.501337530091405], [-72.98858662135899, 44.5013499353081], [-72.98859391361475, 44.50136158615351], [-72.98859927803278, 44.50137231498957], [-72.98860279843211, 44.501382457092404], [-72.98860564827919, 44.5013930182904], [-72.98860891722143, 44.50140416622162], [-72.98861335963011, 44.50141556560993], [-72.9886188916862, 44.50142688117921], [-72.98862425610423, 44.50143702328205], [-72.98862903378904, 44.50144490227103], [-72.98863431438804, 44.501451356336474], [-72.98864127136767, 44.50145831331611], [-72.98865107819438, 44.50146594084799], [-72.9886638186872, 44.501472814008594], [-72.98867748118937, 44.50147834606469], [-72.98869005404413, 44.50148278847337], [-72.9887016210705, 44.50148647651076], [-72.98871369101107, 44.50149008072913], [-72.98872726969421, 44.50149452313781], [-72.98874068073928, 44.501499217003584], [-72.98875258304179, 44.50150357559323], [-72.988763730973, 44.50150776654482], [-72.98877462744713, 44.50151162222028], [-72.98878577537835, 44.50151472352445], [-72.98879717476666, 44.501516819000244], [-72.98880983144045, 44.50151757337153], [-72.9888242483139, 44.50151648372412], [-72.98883832991123, 44.501514974981546], [-72.98885123804212, 44.501514472067356], [-72.98886330798268, 44.50151472352445], [-72.98887596465647, 44.50151455588639], [-72.9888900462538, 44.501513466238976], [-72.98890572041273, 44.501511957496405], [-72.98892323859036, 44.501510532572865], [-72.98894075676799, 44.50150927528739], [-72.98895576037467, 44.50150835327804], [-72.98896783031523, 44.50150776654482], [-72.98897998407483, 44.50150743126869], [-72.98899431712925, 44.50150726363063], [-72.9890108294785, 44.5015071798116], [-72.98902935348451, 44.50150726363063], [-72.98904846422374, 44.50150826945901], [-72.9890663176775, 44.50151070021093], [-72.98908241093159, 44.50151371769607], [-72.9890969954431, 44.50151648372412], [-72.98911233432591, 44.50151941739023], [-72.98912893049419, 44.5015225186944], [-72.98914527520537, 44.50152536854148], [-72.98916019499302, 44.50152838602662], [-72.98917218111455, 44.5015312358737], [-72.98918089829385, 44.50153324753046], [-72.98918777145445, 44.50153484009206], [-72.98919405788183, 44.50153609737754], [-72.98919958993793, 44.501536432653666], [-72.98920503817499, 44.50153576210141], [-72.98920948058367, 44.501534504815936], [-72.98921258188784, 44.50153324753046], [-72.98921392299235, 44.50153257697821], [-72.98921409063041, 44.5015328284353], [-72.98921409063041, 44.50153324753046], [-72.98921417444944, 44.50153383426368], [-72.98921450972557, 44.501534504815936], [-72.98921518027782, 44.50153484009206], [-72.9892164375633, 44.50153484009206], [-72.98921786248684, 44.501534420996904], [-72.98921870067716, 44.501534504815936], [-72.98921920359135, 44.50153484009206], [-72.98921953886747, 44.501535426825285], [-72.98922020941973, 44.5015362650156], [-72.98922121524811, 44.501537354663014], [-72.98922272399068, 44.50153861194849], [-72.98922448419034, 44.501539869233966], [-72.98922641202807, 44.50154087506235], [-72.98922817222774, 44.5015415456146], [-72.98922976478934, 44.50154196470976], [-72.98923118971288, 44.501542216166854], [-72.98923236317933, 44.501542299985886], [-72.9892333690077, 44.501542216166854], [-72.98923420719802, 44.50154196470976], [-72.98923504538834, 44.501541713252664], [-72.9892357159406, 44.501541294157505], [-72.98923621885478, 44.50154095888138], [-72.98923672176898, 44.50154062360525], [-72.98923714086413, 44.501540372148156], [-72.98923747614026, 44.50154020451009], [-72.98923789523542, 44.50154012069106], [-72.98923831433058, 44.50154012069106], [-72.98923873342574, 44.50154012069106], [-72.98923923633993, 44.501540288329124], [-72.98923965543509, 44.50154053978622], [-72.98924007453024, 44.50154104270041], [-72.98924057744443, 44.50154162943363], [-72.98924116417766, 44.501542216166854], [-72.98924175091088, 44.501542802900076], [-72.98924225382507, 44.5015433896333], [-72.9892425891012, 44.50154397636652], [-72.98924250528216, 44.501544730737805], [-72.98924200236797, 44.50154548510909], [-72.98924108035862, 44.501546239480376], [-72.98924007453024, 44.5015468262136], [-72.9892391525209, 44.50154732912779], [-72.98923814669251, 44.501547580584884], [-72.98923714086413, 44.50154774822295], [-72.98923596739769, 44.50154783204198], [-72.98923454247415, 44.50154783204198], [-72.98923244699836, 44.501547664403915], [-72.9892299324274, 44.501547580584884], [-72.98922741785645, 44.50154749676585], [-72.9892251547426, 44.50154749676585], [-72.9892233107239, 44.501547580584884], [-72.98922163434327, 44.50154783204198], [-72.98922037705779, 44.50154825113714], [-72.9892196226865, 44.50154875405133], [-72.98921945504844, 44.50154942460358], [-72.98921979032457, 44.501550095155835], [-72.98922054469585, 44.50155084952712], [-72.98922163434327, 44.50155177153647], [-72.98922289162874, 44.501552525907755], [-72.98922414891422, 44.50155328027904], [-72.98922532238066, 44.50155378319323], [-72.98922641202807, 44.50155420228839], [-72.98922741785645, 44.50155462138355], [-72.98922825604677, 44.50155487284064], [-72.98922909423709, 44.50155512429774], [-72.98922984860837, 44.5015552919358], [-72.98923051916063, 44.50155537575483], [-72.98923135735095, 44.501555459573865], [-72.98923219554126, 44.50155537575483], [-72.98923311755061, 44.50155520811677], [-72.98923403955996, 44.50155487284064], [-72.98923454247415, 44.50155420228839], [-72.98923412337899, 44.50155294500291], [-72.98923253081739, 44.50155126862228], [-72.98923110589385, 44.5015500113368], [-72.98923051916063, 44.50154967606068], [-72.98923060297966, 44.50154984369874], [-72.98923110589385, 44.50155043043196], [-72.98923160880804, 44.50155118480325], [-72.9892320279032, 44.501552022993565], [-72.9892322793603, 44.50155294500291], [-72.9892322793603, 44.501553950831294], [-72.98923194408417, 44.50155478902161], [-72.98923110589385, 44.50155512429774], [-72.98923060297966, 44.5015552919358], [-72.98923077061772, 44.50155537575483], [-72.98923118971288, 44.501555459573865], [-72.9892317764461, 44.5015555433929], [-72.98923261463642, 44.5015555433929], [-72.9892336204648, 44.5015555433929], [-72.98923479393125, 44.50155571103096], [-72.98923596739769, 44.50155604630709], [-72.9892370570451, 44.501556465402246], [-72.98923806287348, 44.501556884497404], [-72.98923898488283, 44.50155705213547], [-72.98923965543509, 44.50155680067837], [-72.98924007453024, 44.50155663304031], [-72.98923999071121, 44.50155654922128], [-72.98923940397799, 44.50155671685934], [-72.98923856578767, 44.501556884497404], [-72.98923739232123, 44.5015571359545], [-72.98923605121672, 44.50155730359256], [-72.98923479393125, 44.50155755504966], [-72.98923378810287, 44.50155814178288], [-72.98923294991255, 44.5015589799732], [-72.98923244699836, 44.50155998580158], [-72.98923219554126, 44.50156107544899], [-72.9892322793603, 44.50156208127737], [-72.98923261463642, 44.501562835648656], [-72.98923303373158, 44.50156359001994], [-72.9892333690077, 44.50156459584832], [-72.9892336204648, 44.501565769314766], [-72.9892338719219, 44.50156702660024], [-72.98923429101706, 44.50156845152378], [-72.98923479393125, 44.50156987644732], [-72.9892354644835, 44.50157121755183], [-72.98923647031188, 44.50157230719924], [-72.98923764377832, 44.50157314538956], [-72.9892389010638, 44.501573983579874], [-72.98924032598734, 44.50157490558922], [-72.98924166709185, 44.5015759114176], [-72.98924284055829, 44.50157725252211], [-72.98924384638667, 44.50157850980759], [-72.98924493603408, 44.50157951563597], [-72.98924585804343, 44.501580437645316], [-72.98924661241472, 44.5015811920166], [-72.98924711532891, 44.501581862568855], [-72.98924745060503, 44.501582365483046], [-72.98924770206213, 44.501582868397236], [-72.9892478697002, 44.501583287492394], [-72.98924795351923, 44.50158370658755], [-72.98924803733826, 44.50158395804465], [-72.98924812115729, 44.50158412568271], [-72.98924812115729, 44.50158420950174], [-72.98924812115729, 44.501584293320775], [-72.98924820497632, 44.501584293320775], [-72.98924812115729, 44.5015846285969], [-72.98924803733826, 44.50158496387303], [-72.98924795351923, 44.50158538296819], [-72.98924778588116, 44.50158588588238], [-72.9892476182431, 44.50158655643463], [-72.989247366786, 44.50158756226301], [-72.98924711532891, 44.50158881954849], [-72.98924661241472, 44.501590579748154], [-72.9892460256815, 44.50159326195717], [-72.98924510367215, 44.501597033813596], [-72.98924409784377, 44.50160122476518], [-72.98924317583442, 44.50160508044064], [-72.98924250528216, 44.501608181744814], [-72.98924191854894, 44.5016105286777], [-72.98924158327281, 44.50161228887737], [-72.98924124799669, 44.50161346234381], [-72.98924108035862, 44.50161430053413], [-72.98924091272056, 44.50161497108638], [-72.98924082890153, 44.50161547400057], [-72.9892407450825, 44.50161589309573], [-72.9892407450825, 44.50161631219089], [-72.98924066126347, 44.50161673128605], [-72.98924066126347, 44.50161731801927], [-72.98924066126347, 44.501618072390556], [-72.9892407450825, 44.50161891058087], [-72.98924091272056, 44.501619916409254], [-72.98924116417766, 44.50162117369473], [-72.98924141563475, 44.501622430980206], [-72.98924141563475, 44.50162377208471], [-72.98924116417766, 44.50162511318922], [-72.98924057744443, 44.50162645429373], [-72.98923965543509, 44.50162754394114], [-72.98923831433058, 44.50162888504565], [-72.98923647031188, 44.50163047760725], [-72.98923378810287, 44.50163257308304], [-72.98923010006547, 44.50163533911109], [-72.98922549001873, 44.501639027148485], [-72.98921995796263, 44.501643385738134], [-72.98921358771622, 44.5016485825181], [-72.98920688219368, 44.501654701307416], [-72.98920076340437, 44.501661993563175], [-72.98919565044343, 44.50167054310441], [-72.98919120803475, 44.50168034993112], [-72.9891873523593, 44.50169116258621], [-72.98918399959803, 44.50170281343162], [-72.9891799762845, 44.501714799553156], [-72.9891746956855, 44.50172636657953], [-72.9891683254391, 44.50173759832978], [-72.9891612008214, 44.501748997718096], [-72.98915399238467, 44.50176031328738], [-72.98914753831923, 44.50177079066634], [-72.98914150334895, 44.50178034603596], [-72.98913513310254, 44.501789566129446], [-72.98912800848484, 44.501798870041966], [-72.98912038095295, 44.50180834159255], [-72.989112585783, 44.501818316057324], [-72.98910546116531, 44.501828039065], [-72.98909951001406, 44.50183759443462], [-72.98909422941506, 44.50184756889939], [-72.98908920027316, 44.50185754336417], [-72.98908417113125, 44.50186735019088], [-72.9890784714371, 44.50187757611275], [-72.98907143063843, 44.50188796967268], [-72.98906338401139, 44.50189827941358], [-72.98905525356531, 44.501908672973514], [-72.98904737457633, 44.50191965326667], [-72.98903983086348, 44.50193096883595], [-72.98903270624578, 44.501942032948136], [-72.98902574926615, 44.501952761784196], [-72.98901912756264, 44.50196315534413], [-72.98901300877333, 44.501973381266], [-72.9890071414411, 44.50198318809271], [-72.98900035209954, 44.501992827281356], [-72.9889920540154, 44.50200238265097], [-72.98898283392191, 44.5020114351064], [-72.9889727756381, 44.50201939791441], [-72.98896196298301, 44.50202560052276], [-72.98895064741373, 44.502029875293374], [-72.98893941566348, 44.502032306045294], [-72.98892893828452, 44.50203356333077], [-72.98891904763877, 44.50203456915915], [-72.98890924081206, 44.502035826444626], [-72.98889985308051, 44.50203741900623], [-72.98889054916799, 44.50203934684396], [-72.98888149671257, 44.502042196691036], [-72.9888726118952, 44.502046471461654], [-72.98886314034462, 44.502051919698715], [-72.98885433934629, 44.50205736793578], [-72.98884662799537, 44.502061642706394], [-72.98883958719671, 44.502065163105726], [-72.98883263021708, 44.50206868350506], [-72.98882575705647, 44.50207228772342], [-72.98882039263844, 44.50207471847534], [-72.9888176266104, 44.502075305208564], [-72.98881670460105, 44.50207446701825], [-72.98881745897233, 44.502072455361485], [-72.98881913535297, 44.502069940790534], [-72.9888210631907, 44.502067510038614], [-72.98882315866649, 44.50206533074379], [-72.98882491886616, 44.50206373818219], [-72.98882642760873, 44.50206248089671], [-72.98882743343711, 44.502061726525426], [-72.98882810398936, 44.502061139792204], [-72.9888279363513, 44.50206105597317], [-72.98882659524679, 44.5020613912493], [-72.98882374539971, 44.502062145620584], [-72.98882030881941, 44.502062648534775], [-72.98881804570556, 44.50206273235381], [-72.98881703987718, 44.50206256471574], [-72.98881611786783, 44.50206231325865], [-72.98881469294429, 44.50206206180155], [-72.98881268128753, 44.502061726525426], [-72.9888107534498, 44.502061223611236], [-72.98880932852626, 44.50206080451608], [-72.98880832269788, 44.50206038542092], [-72.98880756832659, 44.50206005014479], [-72.9888070654124, 44.502059714868665], [-72.98880664631724, 44.502059295773506], [-72.98880622722208, 44.50205887667835], [-72.9888057243079, 44.502058289945126], [-72.98880505375564, 44.50205753557384], [-72.98880413174629, 44.50205652974546], [-72.98880287446082, 44.50205502100289], [-72.98880136571825, 44.502052925527096], [-72.98879943788052, 44.50205024331808], [-72.98879759386182, 44.502046974375844], [-72.98879600130022, 44.50204345397651], [-72.98879507929087, 44.50203993357718], [-72.98879466019571, 44.50203666463494], [-72.98879474401474, 44.502033898606896], [-72.98879566602409, 44.50203146785498], [-72.98879759386182, 44.50202920474112], [-72.98879952169955, 44.502027025446296], [-72.98880103044212, 44.50202476233244], [-72.98880161717534, 44.502022583037615], [-72.98880111426115, 44.50202040374279], [-72.98880086280406, 44.50201847590506], [-72.98880144953728, 44.5020164642483], [-72.9888020362705, 44.50201420113444], [-72.98880287446082, 44.50201177038252], [-72.98880396410823, 44.50200900435448], [-72.98880513757467, 44.50200607068837], [-72.98880605958402, 44.502003053203225], [-72.9888068139553, 44.50200028717518], [-72.98880790360272, 44.50199794024229], [-72.98880932852626, 44.50199592858553], [-72.98881108872592, 44.50199416838586], [-72.98881318420172, 44.50199249200523], [-72.9888157825917, 44.501990815624595], [-72.988819219172, 44.50198905542493], [-72.98882433213294, 44.5019871275872], [-72.98883103765547, 44.501985032111406], [-72.98883883282542, 44.50198276899755], [-72.98884746618569, 44.50198042206466], [-72.98885677009821, 44.50197824276984], [-72.98886640928686, 44.501976147294044], [-72.98887613229454, 44.50197438709438], [-72.98888593912125, 44.501972794532776], [-72.98889582976699, 44.50197136960924], [-72.98890555277467, 44.50197019614279], [-72.98891510814428, 44.501968855038285], [-72.98892432823777, 44.50196717865765], [-72.98893279395998, 44.501964915543795], [-72.9889402538538, 44.50196189805865], [-72.98894695937634, 44.501958126202226], [-72.98895299434662, 44.50195309706032], [-72.98895852640271, 44.501945888623595], [-72.98896380700171, 44.501937087625265], [-72.98896900378168, 44.5019282028079], [-72.98897403292358, 44.50191965326667], [-72.9889799002558, 44.50191051699221], [-72.98898635432124, 44.501900374889374], [-72.98899238929152, 44.50188998132944], [-72.98899716697633, 44.50188000686467], [-72.98900144174695, 44.50187170878053], [-72.98900571651757, 44.50186441652477], [-72.98900999128819, 44.501857375726104], [-72.98901468515396, 44.501850083470345], [-72.98902030102909, 44.501841366291046], [-72.98902608454227, 44.50183122418821], [-72.98903111368418, 44.50182091444731], [-72.98903563991189, 44.50181119143963], [-72.98904058523476, 44.5018021389842], [-72.98904611729085, 44.501793673262], [-72.98905181698501, 44.501786045730114], [-72.98905718140304, 44.501779256388545], [-72.98906246200204, 44.50177204795182], [-72.98906799405813, 44.501763163134456], [-72.9890745319426, 44.50175251811743], [-72.98908224329352, 44.50174178928137], [-72.98908987082541, 44.501732401549816], [-72.98909607343376, 44.50172460637987], [-72.98910101875663, 44.5017178170383], [-72.98910604789853, 44.50171044096351], [-72.98911107704043, 44.50170189142227], [-72.98911476507783, 44.50169300660491], [-72.98911761492491, 44.50168437324464], [-72.98912029713392, 44.50167582370341], [-72.9891228955239, 44.50166769325733], [-72.98912582919002, 44.501660065725446], [-72.98912968486547, 44.50165160000324], [-72.98913421109319, 44.50164120644331], [-72.98913915641606, 44.50162997469306], [-72.989144269377, 44.501619497314095], [-72.98914954997599, 44.50161036103964], [-72.9891545791179, 44.50160256586969], [-72.98915927298367, 44.50159577652812], [-72.98916396684945, 44.50158898718655], [-72.98916824162006, 44.501581862568855], [-72.98917058855295, 44.50157490558922], [-72.98917008563876, 44.50156887061894], [-72.9891683254391, 44.50156451202929], [-72.9891664814204, 44.501562248915434], [-72.98916354775429, 44.50156115926802], [-72.98915818333626, 44.50156015343964], [-72.98915072344244, 44.50155864469707], [-72.98914326354861, 44.50155671685934], [-72.98914083279669, 44.5015555433929], [-72.98914594575763, 44.50155512429774], [-72.98915633931756, 44.50155487284064], [-72.98917042091489, 44.50155512429774], [-72.98918567597866, 44.501555459573865], [-72.98919866792858, 44.501554956659675], [-72.98920922912657, 44.501553028821945], [-72.98921660520136, 44.50154984369874], [-72.98922087997198, 44.50154632329941], [-72.98922339454293, 44.5015433896333], [-72.98922473564744, 44.50154137797654], [-72.98922523856163, 44.50154020451009], [-72.98922532238066, 44.50153953395784], [-72.98922532238066, 44.50153911486268], [-72.98922532238066, 44.501538863405585], [-72.98922523856163, 44.50153869576752], [-72.9892251547426, 44.50153861194849], [-72.9892251547426, 44.50153861194849], [-72.98922498710454, 44.501538360491395], [-72.98922481946647, 44.50153819285333], [-72.98922456800938, 44.5015381090343], [-72.98922414891422, 44.501537941396236], [-72.98922364600003, 44.501537857577205], [-72.98922297544777, 44.50153768993914], [-72.98922188580036, 44.50153752230108], [-72.98922004178166, 44.50153710320592], [-72.98921735957265, 44.50153676792979], [-72.98921367153525, 44.501536432653666], [-72.98920889385045, 44.50153660029173], [-72.98920311033726, 44.50153752230108], [-72.98919623717666, 44.50153945013881], [-72.98918810673058, 44.50154196470976], [-72.98917804844677, 44.50154431164265], [-72.98916547559202, 44.5015449821949], [-72.98915038816631, 44.5015433896333], [-72.98913412727416, 44.50154146179557], [-72.98911727964878, 44.50154112651944], [-72.98909917473793, 44.501541713252664], [-72.98908023163676, 44.50154288671911], [-72.9890612885356, 44.50154456309974], [-72.98904192633927, 44.501546239480376], [-72.98902189359069, 44.50154783204198], [-72.98900102265179, 44.50154967606068], [-72.98897998407483, 44.50155219063163], [-72.98896003514528, 44.50155487284064], [-72.98894117586315, 44.5015571359545], [-72.98892340622842, 44.50155864469707], [-72.9889072291553, 44.501559315249324], [-72.98889180645347, 44.5015605725348], [-72.98887588083744, 44.50156258419156], [-72.98885853029788, 44.50156434439123], [-72.9888384975493, 44.50156509876251], [-72.98881636932492, 44.501565266400576], [-72.98879415728152, 44.50156493112445], [-72.98877337016165, 44.501563757658005], [-72.98875518143177, 44.50156141072512], [-72.98873925581574, 44.50155763886869], [-72.98872467130423, 44.50155294500291], [-72.98871084116399, 44.50154774822295], [-72.98869583755732, 44.50154213234782], [-72.98867898993194, 44.50153618119657], [-72.98866122029722, 44.50153039768338], [-72.98864428885281, 44.50152494944632], [-72.98862869851291, 44.50151941739023], [-72.98861294053495, 44.50151321478188], [-72.98859676346183, 44.50150592252612], [-72.98858335241675, 44.50149754062295], [-72.9885742161423, 44.50148832052946], [-72.98856818117201, 44.50147817842662], [-72.98856306821108, 44.50146719813347], [-72.9885570332408, 44.501455295830965], [-72.98854940570891, 44.501442052423954], [-72.98854186199605, 44.501427970826626], [-72.98853607848287, 44.50141464360058], [-72.98853230662644, 44.501402992755175], [-72.9885290376842, 44.50139259919524], [-72.98852602019906, 44.50138287618756], [-72.98852392472327, 44.50137340463698], [-72.9885224159807, 44.501363430172205], [-72.98851956613362, 44.50135236606002], [-72.98851361498237, 44.50134113430977], [-72.98850405961275, 44.501331243664026], [-72.9884928278625, 44.50132277794182], [-72.98848151229322, 44.50131447985768], [-72.98847028054297, 44.50130634941161], [-72.98845854587853, 44.50129880569875], [-72.98844672739506, 44.50129243545234], [-72.98843482509255, 44.50128707103431], [-72.98842166550457, 44.50128153897822], [-72.98840599134564, 44.50127558782697], [-72.98838838934898, 44.50126938521862], [-72.98837036825716, 44.50126318261027], [-72.9883527662605, 44.501256896182895], [-72.98833675682545, 44.50125035829842], [-72.98832376487553, 44.501243736594915], [-72.9883133713156, 44.501236947253346], [-72.98830348066986, 44.50122940354049], [-72.98829283565283, 44.50122102163732], [-72.98828110098839, 44.5012117177248], [-72.98826810903847, 44.50120157562196], [-72.98825419507921, 44.501191098243], [-72.98824053257704, 44.5011807885021], [-72.98822921700776, 44.501170981675386], [-72.98821974545717, 44.501161174848676], [-72.988211363554, 44.501151368021965], [-72.98820398747921, 44.50114097446203], [-72.98819677904248, 44.501128820702434], [-72.9881891515106, 44.50111582875252], [-72.98818135634065, 44.5011030882597], [-72.98817423172295, 44.50109101831913], [-72.9881682805717, 44.50108012184501], [-72.98816316761076, 44.501070231199265], [-72.98815713264048, 44.501060927286744], [-72.98814883455634, 44.501052210107446], [-72.98813827335835, 44.50104458257556], [-72.98812662251294, 44.50103879906237], [-72.98811513930559, 44.50103536248207], [-72.98810415901244, 44.501033602282405], [-72.98809301108122, 44.5010322611779], [-72.98808194696903, 44.50103092007339], [-72.98807079903781, 44.50102932751179], [-72.9880591481924, 44.501027315855026], [-72.98804783262312, 44.50102505274117], [-72.98803752288222, 44.501022370532155], [-72.98802712932229, 44.50101952068508], [-72.98801581375301, 44.50101658701897], [-72.98800240270793, 44.50101373717189], [-72.98798798583448, 44.501011557877064], [-72.98797382041812, 44.5010095462203], [-72.9879592359066, 44.50100736692548], [-72.98794381320477, 44.50100485235453], [-72.98792897723615, 44.50100191868842], [-72.98791581764817, 44.500998985022306], [-72.98790416680276, 44.50099655427039], [-72.98789218068123, 44.500994458794594], [-72.98787893727422, 44.50099244713783], [-72.98786376602948, 44.50099085457623], [-72.98784633167088, 44.50098976492882], [-72.9878283943981, 44.500989178195596], [-72.98781163059175, 44.500988591462374], [-72.98779428005219, 44.50098699890077], [-72.98777617514133, 44.50098456814885], [-72.98775932751596, 44.50098222121596], [-72.98774440772831, 44.50097995810211], [-72.98773057758808, 44.500977024436], [-72.98771674744785, 44.5009735878557], [-72.9877018276602, 44.50096939690411], [-72.98768456093967, 44.5009646192193], [-72.98766511492431, 44.500959757715464], [-72.98764592036605, 44.500954896211624], [-72.98762714490294, 44.50094986706972], [-72.9876090399921, 44.50094483792782], [-72.98759286291897, 44.500940311700106], [-72.98757769167423, 44.50093670748174], [-72.98756243661046, 44.50093352235854], [-72.98754651099443, 44.50093016959727], [-72.98753008246422, 44.50092631392181], [-72.98751298338175, 44.5009217876941], [-72.98749554902315, 44.500916339457035], [-72.98747861757874, 44.50091030448675], [-72.98746285960078, 44.500904101878405], [-72.98744802363217, 44.500898234546185], [-72.98743385821581, 44.50089312158525], [-72.98742044717073, 44.50088926590979], [-72.98740703612566, 44.50088616460562], [-72.98739278689027, 44.50088281184435], [-72.9873772803694, 44.50087895616889], [-72.98736110329628, 44.50087543576956], [-72.98734517768025, 44.50087300501764], [-72.98732992261648, 44.5008715800941], [-72.98731634393334, 44.500870406627655], [-72.98730502836406, 44.50086923316121], [-72.98729371279478, 44.50086755678058], [-72.98728147521615, 44.500865545123816], [-72.98726940527558, 44.50086395256221], [-72.98725817352533, 44.50086277909577], [-72.98724744468927, 44.50086219236255], [-72.9872358776629, 44.500862108543515], [-72.9872239753604, 44.50086277909577], [-72.9872129112482, 44.50086462311447], [-72.98720343969762, 44.500867472961545], [-72.98719514161348, 44.500871328637004], [-72.98718759790063, 44.50087543576956], [-72.98718047328293, 44.50087912380695], [-72.98717318102717, 44.50088197365403], [-72.98716471530497, 44.500884572044015], [-72.98715432174504, 44.50088725425303], [-72.98714166507125, 44.50088960118592], [-72.98712666146457, 44.500891864299774], [-72.98711014911532, 44.50089421123266], [-72.9870939720422, 44.50089639052749], [-72.98708014190197, 44.50089756399393], [-72.98706773668528, 44.50089798308909], [-72.98705466091633, 44.500898318365216], [-72.98704124987125, 44.5008990727365], [-72.9870286770165, 44.50089999474585], [-72.98701702617109, 44.50090058147907], [-72.98700529150665, 44.50090058147907], [-72.98699255101383, 44.50089982710779], [-72.98697897233069, 44.50089856982231], [-72.98696522600949, 44.50089664198458], [-72.98695122823119, 44.50089354068041], [-72.98693806864321, 44.50088918209076], [-72.98692650161684, 44.50088423676789], [-72.98691644333303, 44.50087979435921], [-72.98690655268729, 44.500876273959875], [-72.9868957400322, 44.5008731726557], [-72.98688551411033, 44.500870406627655], [-72.98687604255974, 44.50086764059961], [-72.98686531372368, 44.5008647069335], [-72.98685391433537, 44.50086135417223], [-72.98684276640415, 44.50085741467774], [-72.98683145083487, 44.50085272081196], [-72.98681904561818, 44.500847021117806], [-72.98680529929698, 44.50083998031914], [-72.9867905471474, 44.5008319336921], [-72.98677571117878, 44.500823551788926], [-72.98676238395274, 44.50081542134285], [-72.98675131984055, 44.5008076261729], [-72.98674092628062, 44.500799076631665], [-72.98672877252102, 44.50078910216689], [-72.98671494238079, 44.50077937915921], [-72.98669910058379, 44.500770242884755], [-72.9866814147681, 44.50076152570546], [-72.98666431568563, 44.50075331144035], [-72.98664906062186, 44.500744845718145], [-72.98663715831935, 44.500736463814974], [-72.98662626184523, 44.50072741135955], [-72.98661435954273, 44.50071768835187], [-72.98660337924957, 44.50070846825838], [-72.98659399151802, 44.50070050545037], [-72.98658527433872, 44.5006937161088], [-72.98657630570233, 44.50068776495755], [-72.98656691797078, 44.50068265199661], [-72.98655677586794, 44.5006781257689], [-72.98654654994607, 44.500673934817314], [-72.98653582111001, 44.500669576227665], [-72.98652324825525, 44.50066379271448], [-72.98650916665792, 44.500657422468066], [-72.98649542033672, 44.50065230950713], [-72.98648284748197, 44.50064895674586], [-72.9864705260843, 44.50064644217491], [-72.98645644448698, 44.50064401142299], [-72.9864398483187, 44.500641664490104], [-72.98642165958881, 44.50063990429044], [-72.98640305176377, 44.50063839554787], [-72.98638578504324, 44.50063621625304], [-72.98637011088431, 44.50063303112984], [-72.9863550234586, 44.50062942691147], [-72.98634052276611, 44.50062624178827], [-72.98632585443556, 44.50062355957925], [-72.9863098450005, 44.50062096118927], [-72.98629241064191, 44.50061811134219], [-72.98627489246428, 44.50061501003802], [-72.98625905066729, 44.50061216019094], [-72.98624530434608, 44.50060931034386], [-72.98623331822455, 44.50060587376356], [-72.98622149974108, 44.500602101907134], [-72.98620917834342, 44.50059799477458], [-72.98619635403156, 44.500593803822994], [-72.98618294298649, 44.50058961287141], [-72.98616877757013, 44.500586092472076], [-72.98615436069667, 44.50058349408209], [-72.98614136874676, 44.500581650063396], [-72.9861308913678, 44.50057988986373], [-72.98612041398883, 44.50057762674987], [-72.9861081764102, 44.50057502835989], [-72.98609484918416, 44.500571843236685], [-72.98608026467264, 44.500567400828004], [-72.98606576398015, 44.50056128203869], [-72.98605302348733, 44.50055466033518], [-72.98604170791805, 44.50054896064103], [-72.98603089526296, 44.50054418295622], [-72.98602075316012, 44.50054024346173], [-72.98601086251438, 44.50053697451949], [-72.98599937930703, 44.50053387321532], [-72.98598571680486, 44.500530855730176], [-72.98597046174109, 44.50052767060697], [-72.98595545813441, 44.50052339583635], [-72.98594355583191, 44.50051794759929], [-72.98593576066196, 44.50051249936223], [-72.98592955805361, 44.500505458563566], [-72.98592218197882, 44.50049397535622], [-72.98591363243759, 44.50048031285405], [-72.98590307123959, 44.50046690180898], [-72.98589150421321, 44.50045567005873], [-72.98587909899652, 44.500446701422334], [-72.98586560413241, 44.500438990071416], [-72.9858523607254, 44.500433038920164], [-72.98583962023258, 44.50042842887342], [-72.98582729883492, 44.500424321740866], [-72.98581380397081, 44.50042004697025], [-72.98579804599285, 44.500414934009314], [-72.98578170128167, 44.50040898285806], [-72.98576627857983, 44.500402361154556], [-72.98575186170638, 44.50039532035589], [-72.98573778010905, 44.500388195738196], [-72.98572411760688, 44.50038165785372], [-72.98571288585663, 44.50037662871182], [-72.9857022408396, 44.500372521579266], [-72.98568857833743, 44.50036774389446], [-72.98567181453109, 44.50036263093352], [-72.98565438017249, 44.500358356162906], [-72.98563744872808, 44.500355338677764], [-72.98562160693109, 44.500352991744876], [-72.98560769297183, 44.50035030953586], [-72.985594952479, 44.50034687295556], [-72.985581709072, 44.500342262908816], [-72.98556762747467, 44.5003361441195], [-72.98555287532508, 44.50032834894955], [-72.98553845845163, 44.500318793579936], [-72.98552529886365, 44.50030781328678], [-72.9855138156563, 44.50029591098428], [-72.98550518229604, 44.50028417631984], [-72.98549973405898, 44.50027319602668], [-72.98549612984061, 44.50026221573353], [-72.98549286089838, 44.50025056488812], [-72.98549017868936, 44.50023849494755], [-72.98548766411841, 44.500225838273764], [-72.98548456281424, 44.50021309778094], [-72.98548020422459, 44.50020077638328], [-72.98547492362559, 44.500189460814], [-72.9854693915695, 44.500179486349225], [-72.98546427860856, 44.5001704338938], [-72.98545975238085, 44.50016221962869], [-72.9854551423341, 44.50015417300165], [-72.98544885590672, 44.50014495290816], [-72.98544022254646, 44.5001342240721], [-72.9854308348149, 44.500123327597976], [-72.98542211763561, 44.500113520771265], [-72.98541465774179, 44.50010589323938], [-72.98540795221925, 44.500099355354905], [-72.98540082760155, 44.500092566013336], [-72.98539320006967, 44.50008544139564], [-72.98538414761424, 44.500077897682786], [-72.98537291586399, 44.50006968341768], [-72.9853605106473, 44.50006105005741], [-72.9853496979922, 44.50005166232586], [-72.98534198664129, 44.50004177168012], [-72.98533678986132, 44.5000322163105], [-72.98533352091908, 44.50002333149314], [-72.98533134162426, 44.50001369230449], [-72.98533000051975, 44.500001622363925], [-72.98532899469137, 44.49998770840466], [-72.98532756976783, 44.499974213540554], [-72.98532539047301, 44.49996273033321], [-72.98532228916883, 44.4999529235065], [-72.98531809821725, 44.4999426137656], [-72.98531332053244, 44.499931214377284], [-72.98530879430473, 44.499918976798654], [-72.9853050224483, 44.49990715831518], [-72.985301585868, 44.49989735148847], [-72.98529806546867, 44.49988947249949], [-72.98529404215515, 44.49988352134824], [-72.98528834246099, 44.499877067282796], [-72.98528079874814, 44.49986851774156], [-72.98527325503528, 44.49985913001001], [-72.98526680096984, 44.49984990991652], [-72.98526068218052, 44.49984144419432], [-72.98525489866734, 44.499833984300494], [-72.98524986952543, 44.49982753023505], [-72.98524576239288, 44.49982241727412], [-72.98524199053645, 44.49981805868447], [-72.98523838631809, 44.49981378391385], [-72.98523503355682, 44.49980900622904], [-72.98523184843361, 44.499803222715855], [-72.98522857949138, 44.49979651719332], [-72.98522497527301, 44.49978888966143], [-72.9852207005024, 44.49978067539632], [-72.98521474935114, 44.49977313168347], [-72.98520594835281, 44.49976667761803], [-72.98519404605031, 44.49976047500968], [-72.98518038354814, 44.49975402094424], [-72.9851652123034, 44.49974664486945], [-72.98514978960156, 44.49973935261369], [-72.9851361270994, 44.49973247945309], [-72.9851239733398, 44.49972535483539], [-72.98511257395148, 44.49971814639866], [-72.98510025255382, 44.499710435047746], [-72.98508575186133, 44.49970171786845], [-72.98507125116885, 44.499692833051085], [-72.98505968414247, 44.49968419969082], [-72.9850510507822, 44.49967531487346], [-72.98504409380257, 44.49966567568481], [-72.98503747209907, 44.49965553358197], [-72.98503235913813, 44.49964514002204], [-72.98502925783396, 44.499633740633726], [-72.98502665944397, 44.499622005969286], [-72.98502297140658, 44.49961060658097], [-72.98501769080758, 44.4996003806591], [-72.98501081764698, 44.4995903223753], [-72.9850026872009, 44.499579425901175], [-72.98499573022127, 44.49956861324608], [-72.9849928803742, 44.499558974057436], [-72.98499430529773, 44.499549083411694], [-72.98499807715416, 44.4995385222137], [-72.98500344157219, 44.49952754192054], [-72.98501098528504, 44.49951530434191], [-72.9850201215595, 44.49950189329684], [-72.98502900637686, 44.49948932044208], [-72.98503663390875, 44.49947842396796], [-72.98504241742194, 44.49946786276996], [-72.9850457701832, 44.49945721775293], [-72.98504685983062, 44.499445986002684], [-72.98504610545933, 44.49943450279534], [-72.98504459671676, 44.49942377395928], [-72.98504367470741, 44.499413799494505], [-72.98504333943129, 44.49940382502973], [-72.98504375852644, 44.49939267709851], [-72.98504518344998, 44.499381026253104], [-72.98504677601159, 44.49937147088349], [-72.98504727892578, 44.49936334043741], [-72.98504610545933, 44.49935479089618], [-72.98504367470741, 44.49934431351721], [-72.98504065722227, 44.49933257885277], [-72.98503789119422, 44.49932126328349], [-72.98503621481359, 44.49931187555194], [-72.98503562808037, 44.499304415658116], [-72.98503520898521, 44.49929662048817], [-72.98503487370908, 44.49928748421371], [-72.98503487370908, 44.49927826412022], [-72.9850357118994, 44.49926929548383], [-72.98503722064197, 44.49925999157131], [-72.98503898084164, 44.499249598011374], [-72.98504132777452, 44.49923853389919], [-72.98504501581192, 44.49922847561538], [-72.98504987731576, 44.49922017753124], [-72.98505557700992, 44.499212047085166], [-72.9850618634373, 44.49920299462974], [-72.98506756313145, 44.49919360689819], [-72.98507234081626, 44.4991843868047], [-72.98507653176785, 44.49917575344443], [-72.98507954925299, 44.499168042093515], [-72.98508072271943, 44.499161671847105], [-72.98508005216718, 44.499157229438424], [-72.9850785434246, 44.499154379591346], [-72.98507669940591, 44.499152367934585], [-72.98507502302527, 44.49915111064911], [-72.98507368192077, 44.49915069155395], [-72.98507301136851, 44.49915060773492], [-72.98507317900658, 44.499150440096855], [-72.98507410101593, 44.49915018863976], [-72.9850756097585, 44.49915018863976], [-72.9850772023201, 44.499150859192014], [-72.98507862724364, 44.49915211647749], [-72.98507980071008, 44.49915362522006], [-72.98508047126234, 44.4991550501436], [-72.9850806389004, 44.499156307429075], [-72.98508021980524, 44.49915748089552], [-72.98507938161492, 44.49915840290487], [-72.98507820814848, 44.49915882200003], [-72.98507669940591, 44.499158738180995], [-72.98507485538721, 44.49915764853358], [-72.98507133498788, 44.49915588833392], [-72.98506630584598, 44.499154295772314], [-72.98506127670407, 44.4991532061249], [-72.98505666665733, 44.499152451753616], [-72.98505230806768, 44.499151865020394], [-72.98504719510674, 44.49915127828717], [-72.98503998667002, 44.4991497695446], [-72.98503034748137, 44.499147506430745], [-72.98501945100725, 44.49914624914527], [-72.98500880599022, 44.4991463329643], [-72.98499707132578, 44.499147003516555], [-72.98498223535717, 44.49914759024978], [-72.98496438190341, 44.499147925525904], [-72.98494686372578, 44.49914809316397], [-72.98493169248104, 44.49914775788784], [-72.9849186167121, 44.49914717115462], [-72.98490688204765, 44.499146500602365], [-72.9848938062787, 44.49914541095495], [-72.98487779684365, 44.499143650755286], [-72.98485952429473, 44.499141136184335], [-72.98484058119357, 44.499138202518225], [-72.98482205718756, 44.49913518503308], [-72.98480428755283, 44.499131832271814], [-72.98478735610843, 44.499127976596355], [-72.98477201722562, 44.49912462383509], [-72.98475818708539, 44.499122528359294], [-72.9847441893071, 44.499120600521564], [-72.9847285989672, 44.49911758303642], [-72.98471108078957, 44.499114230275154], [-72.98469163477421, 44.49911104515195], [-72.98467210493982, 44.499108865857124], [-72.98465391620994, 44.49910819530487], [-72.98463832587004, 44.49910911731422], [-72.98462558537722, 44.49911096133292], [-72.9846125934273, 44.49911288917065], [-72.98459792509675, 44.499115236103535], [-72.98458132892847, 44.49911842122674], [-72.9845639783889, 44.49912244454026], [-72.98454629257321, 44.499126551672816], [-72.9845277685672, 44.49913049116731], [-72.98450907692313, 44.49913468211889], [-72.98449072055519, 44.499138705432415], [-72.98447269946337, 44.499142561107874], [-72.98445610329509, 44.499146081507206], [-72.98444084823132, 44.49914960190654], [-72.9844260122627, 44.49915370903909], [-72.98441050574183, 44.499158319085836], [-72.98439441248775, 44.499162677675486], [-72.98437857069075, 44.49916670098901], [-72.98436130397022, 44.49917114339769], [-72.98434294760227, 44.49917608872056], [-72.98432526178658, 44.49918103404343], [-72.98430824652314, 44.49918572790921], [-72.98429190181196, 44.4991896674037], [-72.98427698202431, 44.499193103984], [-72.98426256515086, 44.4991962891072], [-72.98424756154418, 44.499199306592345], [-72.98423104919493, 44.49920190498233], [-72.98421210609376, 44.499204671010375], [-72.98419257625937, 44.499207604676485], [-72.98417380079627, 44.499210035428405], [-72.98415661789477, 44.49921112507582], [-72.9841411113739, 44.499210957437754], [-72.98412627540529, 44.49921070598066], [-72.98411093652248, 44.49921070598066], [-72.98409576527774, 44.49921087361872], [-72.9840826895088, 44.499211041256785], [-72.98407363705337, 44.49921171180904], [-72.98406751826406, 44.49921338818967], [-72.98406257294118, 44.49921623803675], [-72.98405704088509, 44.49921992607415], [-72.9840499162674, 44.499223781749606], [-72.98404103145003, 44.49922654777765], [-72.98403114080429, 44.49922730214894], [-72.9840200766921, 44.49922780506313], [-72.98400674946606, 44.49922998435795], [-72.98399090766907, 44.499233504757285], [-72.9839738085866, 44.4992377795279], [-72.98395670950413, 44.49924222193658], [-72.98393977805972, 44.499246664345264], [-72.98392368480563, 44.49925068765879], [-72.9839066695422, 44.49925437569618], [-72.98388806171715, 44.499258399009705], [-72.98386869952083, 44.49926258996129], [-72.98385000787675, 44.49926661327481], [-72.98383232206106, 44.49927021749318], [-72.98381505534053, 44.499273570254445], [-72.98379804007709, 44.499276923015714], [-72.98378161154687, 44.49927935376763], [-72.98376426100731, 44.49928069487214], [-72.98374506644905, 44.49928161688149], [-72.98372402787209, 44.49928245507181], [-72.98370332457125, 44.499283796176314], [-72.98368371091783, 44.49928505346179], [-72.9836646001786, 44.49928555637598], [-72.98364615999162, 44.4992845505476], [-72.98362763598561, 44.499281868338585], [-72.9836091119796, 44.49927826412022], [-72.98359075561166, 44.49927432462573], [-72.9835734050721, 44.4992705527693], [-72.9835578147322, 44.499267200008035], [-72.98354423604906, 44.49926443397999], [-72.98353124409914, 44.49926300905645], [-72.98351707868278, 44.49926309287548], [-72.98350157216191, 44.49926468543708], [-72.98348598182201, 44.499267200008035], [-72.98347240313888, 44.499269714578986], [-72.98345966264606, 44.49927189387381], [-72.98344532959163, 44.49927440844476], [-72.98343024216592, 44.499277677387], [-72.98341741785407, 44.49928170070052], [-72.98340652137995, 44.4992863945663], [-72.9833950381726, 44.49929175898433], [-72.98338204622269, 44.49929771013558], [-72.98336888663471, 44.499303409829736], [-72.98335690051317, 44.49930793605745], [-72.98334566876292, 44.49931103736162], [-72.9833331797272, 44.49931346811354], [-72.98331859521568, 44.499315144494176], [-72.9833038430661, 44.49931497685611], [-72.98329319804907, 44.499312210828066], [-72.98328842036426, 44.49930785223842], [-72.98328858800232, 44.49930307455361], [-72.98329470679164, 44.49929712340236], [-72.98330711200833, 44.499289160594344], [-72.98332412727177, 44.49928027577698], [-72.98334105871618, 44.49927189387381], [-72.98335664905608, 44.49926451779902], [-72.98337240703404, 44.499257896095514], [-72.98338690772653, 44.49925186112523], [-72.98340073786676, 44.49924632906914], [-72.98341607674956, 44.499240880832076], [-72.98343409784138, 44.49923484586179], [-72.98345220275223, 44.499228643253446], [-72.9834677092731, 44.499222775921226], [-72.98348220996559, 44.49921699240804], [-72.98349721357226, 44.4992118794471], [-72.98351112753153, 44.49920752085745], [-72.98352177254856, 44.499203749001026], [-72.9835295677185, 44.499199809506536], [-72.98353476449847, 44.49919419363141], [-72.9835353512317, 44.4991862308234], [-72.98353157937527, 44.49917667545378], [-72.98352655023336, 44.4991672039032], [-72.98352194018662, 44.49915882200003], [-72.98351858742535, 44.49915077537298], [-72.98351649194956, 44.499141136184335], [-72.98351556994021, 44.49913015589118], [-72.98351556994021, 44.49912001378834], [-72.98351674340665, 44.49911272153258], [-72.98352001234889, 44.49910920113325], [-72.98352470621467, 44.49910819530487], [-72.9835298191756, 44.4991082791239], [-72.98353434540331, 44.499108865857124], [-72.98353786580265, 44.49910962022841], [-72.98354004509747, 44.499110374599695], [-72.98354063183069, 44.49911104515195], [-72.98353954218328, 44.4991119671613], [-72.9835364408791, 44.49911288917065], [-72.98353116028011, 44.49911406263709], [-72.983522946015, 44.49911565519869], [-72.98351137898862, 44.49911825358868], [-72.9834970459342, 44.4991222769022], [-72.98348321579397, 44.499126551672816], [-72.98347156494856, 44.499129904434085], [-72.98346133902669, 44.499132335186005], [-72.98345044255257, 44.49913451448083], [-72.98343577422202, 44.499137783423066], [-72.98341725021601, 44.49914189055562], [-72.98339704982936, 44.49914691969752], [-72.98337701708078, 44.49915253557265], [-72.98335975036025, 44.49915789999068], [-72.98334516584873, 44.49916175566614], [-72.98333141952753, 44.49916401877999], [-72.98331742174923, 44.49916594661772], [-72.98330233432353, 44.49916770681739], [-72.98328540287912, 44.49916921555996], [-72.98326671123505, 44.4991706404835], [-72.98324877396226, 44.499171981588006], [-72.98323377035558, 44.49917332269251], [-72.98322128131986, 44.49917474761605], [-72.9832089599222, 44.49917659163475], [-72.98319512978196, 44.49917885474861], [-72.98317970708013, 44.49918145313859], [-72.98316411674023, 44.499184135347605], [-72.98314902931452, 44.49918715283275], [-72.98313461244106, 44.49919067323208], [-72.98312011174858, 44.49919519945979], [-72.98310569487512, 44.49920039623976], [-72.98309203237295, 44.49920584447682], [-72.98307778313756, 44.49921162799001], [-72.98306168988347, 44.49921799823642], [-72.98304442316294, 44.49922487139702], [-72.98302682116628, 44.49923216365278], [-72.98301072791219, 44.49923903681338], [-72.98299756832421, 44.49924498796463], [-72.98298625275493, 44.49925068765879], [-72.98297485336661, 44.4992568064481], [-72.98296253196895, 44.499263763427734], [-72.98294886946678, 44.499272145330906], [-72.98293512314558, 44.49928161688149], [-72.98292187973857, 44.49929092079401], [-72.98290863633156, 44.49929905124009], [-72.98289514146745, 44.49930558912456], [-72.98288139514625, 44.49931036680937], [-72.98286689445376, 44.49931422248483], [-72.9828508850187, 44.499317994341254], [-72.98283303156495, 44.49932201765478], [-72.98281509429216, 44.49932553805411], [-72.98279975540936, 44.49932889081538], [-72.98278659582138, 44.499332243576646], [-72.98277301713824, 44.499335680156946], [-72.9827578458935, 44.499339535832405], [-72.98274242319167, 44.49934355914593], [-72.98272775486112, 44.49934758245945], [-72.98271434381604, 44.499351270496845], [-72.98270168714225, 44.49935445562005], [-72.98268877901137, 44.49935772456229], [-72.98267427831888, 44.49936174787581], [-72.98265893943608, 44.499367447569966], [-72.98264460638165, 44.49937448836863], [-72.98263136297464, 44.499381529167295], [-72.9826182872057, 44.4993881508708], [-72.9826042894274, 44.499394688755274], [-72.98258886672556, 44.499401897192], [-72.98257369548082, 44.49941019527614], [-72.98256020061672, 44.49941891245544], [-72.9825488012284, 44.49942729435861], [-72.98253891058266, 44.499434754252434], [-72.98252960667014, 44.499441627413034], [-72.98251954838634, 44.49944883584976], [-72.98250747844577, 44.499457385391], [-72.98249389976263, 44.49946719221771], [-72.98247998580337, 44.49947766959667], [-72.98246699385345, 44.49948772788048], [-72.98245467245579, 44.49949661269784], [-72.98244285397232, 44.49950457550585], [-72.98243162222207, 44.49951186776161], [-72.98241963610053, 44.4995192438364], [-72.98240496776998, 44.49952729046345], [-72.98238879069686, 44.499534917995334], [-72.9823727812618, 44.49954145587981], [-72.98235844820738, 44.49954690411687], [-72.98234637826681, 44.49955126270652], [-72.98233439214528, 44.49955536983907], [-72.98232022672892, 44.49955997988582], [-72.9823037981987, 44.49956500902772], [-72.98228736966848, 44.49956953525543], [-72.98227295279503, 44.499572552740574], [-72.9822591226548, 44.49957414530218], [-72.98224420286715, 44.49957523494959], [-72.98222685232759, 44.499576576054096], [-72.9822070710361, 44.499578420072794], [-72.98218821175396, 44.499580934643745], [-72.98217236995697, 44.49958445504308], [-72.98215929418802, 44.49958898127079], [-72.98214898444712, 44.49959333986044], [-72.98213909380138, 44.499598033726215], [-72.98212677240372, 44.499604823067784], [-72.98211210407317, 44.49961395934224], [-72.98209701664746, 44.49962401762605], [-72.98208209685981, 44.49963441118598], [-72.98206793144345, 44.499644469469786], [-72.98205519095063, 44.499653689563274], [-72.98204337246716, 44.499662574380636], [-72.98203222453594, 44.499670788645744], [-72.98202065750957, 44.49967841617763], [-72.9820083361119, 44.49968604370952], [-72.98199542798102, 44.499694257974625], [-72.9819826874882, 44.49970247223973], [-72.98197061754763, 44.499710435047746], [-72.98195846378803, 44.49971881695092], [-72.9819459747523, 44.499728037044406], [-72.98193398863077, 44.499737257137895], [-72.9819224216044, 44.499745639041066], [-72.98191093839705, 44.49975301511586], [-72.98189962282777, 44.49975997209549], [-72.98188839107752, 44.49976692907512], [-72.98187665641308, 44.49977464042604], [-72.98186416737735, 44.49978293851018], [-72.9818510916084, 44.499791571870446], [-72.9818378482014, 44.49980045668781], [-72.98182611353695, 44.49980883859098], [-72.98181597143412, 44.49981722049415], [-72.98180633224547, 44.499826189130545], [-72.98179652541876, 44.499835912138224], [-72.98178613185883, 44.49984697625041], [-72.98177473247051, 44.49985921382904], [-72.98176274634898, 44.499870613217354], [-72.98175000585616, 44.49988075532019], [-72.98173709772527, 44.49989039450884], [-72.98172511160374, 44.499899446964264], [-72.9817133769393, 44.49990849941969], [-72.98170088790357, 44.499917635694146], [-72.98168806359172, 44.49992668814957], [-72.98167616128922, 44.4999354891479], [-72.98166560009122, 44.49994387105107], [-72.98165646381676, 44.49995158240199], [-72.98164883628488, 44.4999579526484], [-72.98164238221943, 44.499963065609336], [-72.98163617961109, 44.49996801093221], [-72.98162897117436, 44.49997387826443], [-72.98162067309022, 44.49998024851084], [-72.9816132131964, 44.49998561292887], [-72.98160726204515, 44.499990893527865], [-72.98160089179873, 44.49999801814556], [-72.98159351572394, 44.50000707060099], [-72.98158530145884, 44.50001645833254], [-72.9815767519176, 44.50002517551184], [-72.98156744800508, 44.50003372505307], [-72.98155713826418, 44.50004302896559], [-72.98154615797102, 44.50005317106843], [-72.9815350100398, 44.50006406754255], [-72.98152453266084, 44.50007521547377], [-72.98151548020542, 44.50008636340499], [-72.98150760121644, 44.500096924602985], [-72.98150039277971, 44.50010631233454], [-72.98149335198104, 44.500114442780614], [-72.98148622736335, 44.50012148357928], [-72.98147885128856, 44.50012885965407], [-72.98147113993764, 44.50013816356659], [-72.9814628418535, 44.50014998205006], [-72.98145404085517, 44.50016305781901], [-72.98144482076168, 44.500175546854734], [-72.98143551684916, 44.50018644332886], [-72.9814266320318, 44.50019583106041], [-72.9814181663096, 44.50020454823971], [-72.98140911385417, 44.5002135168761], [-72.98139855265617, 44.500223407521844], [-72.98138715326786, 44.50023447163403], [-72.98137583769858, 44.50024704448879], [-72.98136561177671, 44.500260623171926], [-72.98135630786419, 44.50027420185506], [-72.98134775832295, 44.50028660707176], [-72.98134063370526, 44.50029716826975], [-72.98133476637304, 44.50030580163002], [-72.98132915049791, 44.500313429161906], [-72.98132236115634, 44.500321727246046], [-72.98131414689124, 44.50033103115857], [-72.98130601644516, 44.50034092180431], [-72.98129830509424, 44.50035156682134], [-72.98129034228623, 44.50036355294287], [-72.9812815412879, 44.500376377254725], [-72.98127206973732, 44.50038895010948], [-72.9812625143677, 44.50040051713586], [-72.98125287517905, 44.50041132979095], [-72.98124306835234, 44.5004209689796], [-72.98123301006854, 44.500429602339864], [-72.98122253268957, 44.500438403338194], [-72.98121222294867, 44.500448210164905], [-72.98120208084583, 44.500459525734186], [-72.98119219020009, 44.50047243386507], [-72.98118355683982, 44.50048500671983], [-72.98117659986019, 44.500495651736856], [-72.98117098398507, 44.50050462037325], [-72.98116520047188, 44.50051291845739], [-72.98115908168256, 44.5005208812654], [-72.98115254379809, 44.500529346987605], [-72.98114533536136, 44.50053999200463], [-72.98113837838173, 44.50055264867842], [-72.98113200813532, 44.500565975904465], [-72.98112580552697, 44.50057846494019], [-72.98111893236637, 44.50058936141431], [-72.98111113719642, 44.50059950351715], [-72.98110283911228, 44.50060972943902], [-72.9810952115804, 44.50061886571348], [-72.98108875751495, 44.50062666088343], [-72.98108289018273, 44.50063328258693], [-72.9810777772218, 44.50063898228109], [-72.98107375390828, 44.50064359232783], [-72.98107048496604, 44.500647615641356], [-72.981067718938, 44.50065113604069], [-72.98106545582414, 44.500653985887766], [-72.98106327652931, 44.50065608136356], [-72.98106101341546, 44.50065759010613], [-72.98105833120644, 44.50065901502967], [-72.98105522990227, 44.50066010467708], [-72.98105221241713, 44.5006606914103], [-72.98104936257005, 44.50066111050546], [-72.98104642890394, 44.50066236779094], [-72.98104366287589, 44.500664714723825], [-72.98104139976203, 44.50066789984703], [-72.98103922046721, 44.500672090798616], [-72.98103712499142, 44.500676449388266], [-72.98103570006788, 44.500680388882756], [-72.98103519715369, 44.50068407692015], [-72.98103511333466, 44.50068734586239], [-72.98103570006788, 44.50068994425237], [-72.98103670589626, 44.500692039728165], [-72.9810378793627, 44.50069388374686], [-72.98103880137205, 44.5006955601275], [-72.98103963956237, 44.50069706887007], [-72.98104031011462, 44.50069849379361], [-72.98104098066688, 44.50069958344102], [-72.98104173503816, 44.500700421631336], [-72.98104232177138, 44.50070109218359], [-72.98104265704751, 44.50070142745972], [-72.9810434114188, 44.50070125982165], [-72.98104450106621, 44.50070008635521], [-72.98104550689459, 44.50069799087942], [-72.9810463450849, 44.500694470480084], [-72.98104709945619, 44.500689189881086], [-72.98104810528457, 44.500681813806295], [-72.98104961402714, 44.500672509893775], [-72.9810516256839, 44.500661781057715], [-72.98105363734066, 44.50065013021231], [-72.98105522990227, 44.500638311728835], [-72.98105590045452, 44.50062699615955], [-72.98105539754033, 44.50061702169478], [-72.98105405643582, 44.500608472153544], [-72.98105179332197, 44.50060126371682], [-72.98104885965586, 44.5005951449275], [-72.9810452554375, 44.50058978050947], [-72.98104031011462, 44.500585002824664], [-72.98103477805853, 44.500580644235015], [-72.981030754745, 44.50057687237859], [-72.98102857545018, 44.50057343579829], [-72.98102706670761, 44.50057025067508], [-72.98102614469826, 44.50056756846607], [-72.98102539032698, 44.50056513771415], [-72.9810243844986, 44.500562036409974], [-72.98102295957506, 44.50055834837258], [-72.98102136701345, 44.50055457651615], [-72.98101969063282, 44.50055097229779], [-72.98101826570928, 44.50054770335555], [-72.98101717606187, 44.500545021146536], [-72.98101684078574, 44.50054275803268], [-72.98101692460477, 44.50054074637592], [-72.98101717606187, 44.50053898617625], [-72.98101734369993, 44.500536723062396], [-72.98101709224284, 44.50053353793919], [-72.9810156673193, 44.50053043663502], [-72.98101323656738, 44.50052817352116], [-72.98101080581546, 44.50052649714053], [-72.9810085427016, 44.50052515603602], [-72.98100678250194, 44.5005243178457], [-72.98100527375937, 44.50052373111248], [-72.9810037650168, 44.50052289292216], [-72.98100208863616, 44.50052163563669], [-72.98100016079843, 44.500519623979926], [-72.9809979815036, 44.500516606494784], [-72.98099521547556, 44.50051208026707], [-72.98099186271429, 44.50050621293485], [-72.9809881746769, 44.50050017796457], [-72.98098490573466, 44.500495148822665], [-72.9809823911637, 44.500490706413984], [-72.98098046332598, 44.500486347824335], [-72.98097912222147, 44.50048182159662], [-72.98097836785018, 44.50047721154988], [-72.98097828403115, 44.50047302059829], [-72.98097878694534, 44.50046916492283], [-72.98097954131663, 44.500465393066406], [-72.98097987659276, 44.50046254321933], [-72.98098046332598, 44.5004606153816], [-72.98098222352564, 44.50045860372484], [-72.98098348081112, 44.500456089153886], [-72.98098373226821, 44.50045273639262], [-72.98098331317306, 44.50044862926006], [-72.98098205588758, 44.500443851575255], [-72.98097987659276, 44.50043865479529], [-72.98097694292665, 44.500433038920164], [-72.98097384162247, 44.50042658485472], [-72.9809704888612, 44.50042004697025], [-72.98096596263349, 44.500413509085774], [-72.98095950856805, 44.50040588155389], [-72.98095188103616, 44.5003966614604], [-72.98094366677105, 44.50038576498628], [-72.98093553632498, 44.500374449416995], [-72.98092816025019, 44.500365145504475], [-72.980922376737, 44.50035843998194], [-72.98091768287122, 44.500352907925844], [-72.98091349191964, 44.50034796260297], [-72.98090963624418, 44.50034343637526], [-72.98090502619743, 44.500338826328516], [-72.98089932650328, 44.500333378091455], [-72.98089245334268, 44.50032784603536], [-72.98088474199176, 44.50032206252217], [-72.98087644390762, 44.5003155246377], [-72.98086814582348, 44.500308483839035], [-72.98086076974869, 44.500301610678434], [-72.98085431568325, 44.500296330079436], [-72.98084802925587, 44.500292809680104], [-72.98084031790495, 44.500289959833026], [-72.98082975670695, 44.50028736144304], [-72.9808169323951, 44.50028543360531], [-72.98080251552165, 44.500285098329186], [-72.9807857517153, 44.5002861879766], [-72.98076806589961, 44.50028727762401], [-72.98075281083584, 44.500285517424345], [-72.98074090853333, 44.500280572101474], [-72.98073110170662, 44.50027445331216], [-72.98072154633701, 44.50026816688478], [-72.98071056604385, 44.50026171281934], [-72.98069757409394, 44.50025551021099], [-72.98068315722048, 44.50025073252618], [-72.98066798597574, 44.500247882679105], [-72.98065273091197, 44.500246457755566], [-72.98063856549561, 44.500245954841375], [-72.98062624409795, 44.500246457755566], [-72.98061417415738, 44.50024754740298], [-72.98060026019812, 44.50024913996458], [-72.98058433458209, 44.50025207363069], [-72.98056857660413, 44.50025651603937], [-72.98055348917842, 44.5002600364387], [-72.98053907230496, 44.50026087462902], [-72.98052390106022, 44.50025978498161], [-72.98050504177809, 44.50025785714388], [-72.98048467375338, 44.500255258753896], [-72.98046447336674, 44.500252325087786], [-72.98044553026557, 44.50024955905974], [-72.98042943701148, 44.50024712830782], [-72.98041543923318, 44.500244949012995], [-72.98040211200714, 44.50024226680398], [-72.98038836568594, 44.500238662585616], [-72.98037537373602, 44.500234387815], [-72.9803642258048, 44.50023061595857], [-72.980354167521, 44.500227849930525], [-72.98034394159913, 44.50022625736892], [-72.98033254221082, 44.5002256706357], [-72.98032047227025, 44.500225922092795], [-72.98030915670097, 44.500226341187954], [-72.98029817640781, 44.50022701174021], [-72.98028585501015, 44.500228771939874], [-72.98027185723186, 44.500231789425015], [-72.9802576918155, 44.5002359803766], [-72.98024662770331, 44.50024033896625], [-72.98023824580014, 44.50024511665106], [-72.98022869043052, 44.50025148689747], [-72.98021645285189, 44.500258695334196], [-72.98020270653069, 44.50026514939964], [-72.98019038513303, 44.50026975944638], [-72.98018015921116, 44.500272860750556], [-72.98017001710832, 44.50027504004538], [-72.98015836626291, 44.50027680024505], [-72.98014470376074, 44.50027889572084], [-72.980129532516, 44.50028149411082], [-72.98011461272836, 44.500285098329186], [-72.98010136932135, 44.50028928928077], [-72.98009080812335, 44.500292893499136], [-72.98008284531534, 44.50029599480331], [-72.98007572069764, 44.500299682840705], [-72.98006867989898, 44.50030471198261], [-72.98006122000515, 44.50031124986708], [-72.98005250282586, 44.50031803920865], [-72.98004202544689, 44.50032440945506], [-72.98003037460148, 44.5003308635205], [-72.98001897521317, 44.50033765286207], [-72.9800087492913, 44.500345112755895], [-72.98000053502619, 44.50035315938294], [-72.979994751513, 44.50036154128611], [-72.97998963855207, 44.500370509922504], [-72.97998427413404, 44.50038014911115], [-72.97997849062085, 44.50038886629045], [-72.97997237183154, 44.50039632618427], [-72.97996575012803, 44.50040361844003], [-72.97995787113905, 44.50041191652417], [-72.97994831576943, 44.50042155571282], [-72.97993708401918, 44.500431111082435], [-72.97992526553571, 44.50043932534754], [-72.97991319559515, 44.500447288155556], [-72.97990120947361, 44.500455586239696], [-72.97988964244723, 44.500464303418994], [-72.97987849451602, 44.5004727691412], [-72.97986801713705, 44.50048039667308], [-72.9798586294055, 44.50048718601465], [-72.9798499122262, 44.50049355626106], [-72.97984194941819, 44.50049925595522], [-72.97983490861952, 44.500504452735186], [-72.97982837073505, 44.5005089789629], [-72.97982233576477, 44.50051308609545], [-72.97981730662286, 44.500516606494784], [-72.97981378622353, 44.50051920488477], [-72.97981068491936, 44.50052138417959], [-72.979807080701, 44.50052364729345], [-72.97980213537812, 44.50052624568343], [-72.97979593276978, 44.50052917934954], [-72.97978889197111, 44.50053186155856], [-72.97978143207729, 44.50053387321532], [-72.97977447509766, 44.5005348790437], [-72.9797685239464, 44.50053496286273], [-72.9797637462616, 44.50053454376757], [-72.97975863330066, 44.50053412467241], [-72.97975226305425, 44.50053362175822], [-72.97974455170333, 44.50053311884403], [-72.97973801381886, 44.50053345412016], [-72.97973340377212, 44.50053479522467], [-72.97972946427763, 44.50053638778627], [-72.97972535714507, 44.50053798034787], [-72.97972057946026, 44.500539572909474], [-72.97971596941352, 44.50054141692817], [-72.97971152700484, 44.50054376386106], [-72.97970674932003, 44.50054611079395], [-72.97970079816878, 44.50054820626974], [-72.97969317063689, 44.50055013410747], [-72.97968462109566, 44.50055172666907], [-72.97967582009733, 44.50055348686874], [-72.97966727055609, 44.50055457651615], [-72.97965779900551, 44.50055449269712], [-72.97964707016945, 44.5005536545068], [-72.97963860444725, 44.500552732497454], [-72.97963416203856, 44.50055248104036], [-72.97963106073439, 44.50055306777358], [-72.97962703742087, 44.50055457651615], [-72.97962117008865, 44.5005570910871], [-72.97961345873773, 44.50056094676256], [-72.97960373573005, 44.500565053895116], [-72.97959233634174, 44.50056865811348], [-72.97957993112504, 44.50057125650346], [-72.97956702299416, 44.500572849065065], [-72.97955352813005, 44.500573854893446], [-72.97953927889466, 44.50057494454086], [-72.9795237723738, 44.50057662092149], [-72.97950717620552, 44.500579219311476], [-72.97949225641787, 44.500582152977586], [-72.97947985120118, 44.5005848351866], [-72.97946811653674, 44.50058726593852], [-72.97945663332939, 44.50058961287141], [-72.9794460721314, 44.50059221126139], [-72.97943886369467, 44.50059472583234], [-72.97943567857146, 44.500596737489104], [-72.97943450510502, 44.500598665326834], [-72.97943308018148, 44.50060084462166], [-72.97943006269634, 44.50060352683067], [-72.97942419536412, 44.50060738250613], [-72.97941581346095, 44.500612411648035], [-72.9794043302536, 44.50061802752316], [-72.97938941046596, 44.500622218474746], [-72.9793718084693, 44.500622637569904], [-72.97935361973941, 44.50061962008476], [-72.97933543100953, 44.50061492621899], [-72.97931724227965, 44.50060972943902], [-72.97929905354977, 44.50060402974486], [-72.97928128391504, 44.500597743317485], [-72.97926493920386, 44.5005919598043], [-72.97925085760653, 44.50058860704303], [-72.97923853620887, 44.50058760121465], [-72.97922789119184, 44.50058835558593], [-72.979217749089, 44.50059070251882], [-72.97920643351972, 44.50059464201331], [-72.97919444739819, 44.50060034170747], [-72.97918346710503, 44.500608472153544], [-72.9791749175638, 44.5006178598851], [-72.97916821204126, 44.500626577064395], [-72.97916125506163, 44.50063453987241], [-72.97915262170136, 44.50064241886139], [-72.97914180904627, 44.500650549307466], [-72.97912848182023, 44.50065918266773], [-72.97911322675645, 44.500667648389935], [-72.97909780405462, 44.50067502446473], [-72.97908372245729, 44.50068164616823], [-72.97907215543091, 44.50068835169077], [-72.97906293533742, 44.5006955601275], [-72.97905421815813, 44.5007024332881], [-72.9790449142456, 44.50070838443935], [-72.97903385013342, 44.50071441940963], [-72.97902102582157, 44.50072070583701], [-72.97900845296681, 44.5007264893502], [-72.97899688594043, 44.50073143467307], [-72.9789862409234, 44.500735122710466], [-72.97897492535412, 44.500737972557545], [-72.97896159812808, 44.50074057094753], [-72.97894751653075, 44.500743336975574], [-72.97893402166665, 44.50074660591781], [-72.97892144881189, 44.5007507968694], [-72.9789087921381, 44.50075683183968], [-72.97889420762658, 44.5007642917335], [-72.97887928783894, 44.500771164894104], [-72.97886813990772, 44.500776110216975], [-72.97886193729937, 44.5007801335305], [-72.97885900363326, 44.50078465975821], [-72.97885808162391, 44.500789269804955], [-72.97885866835713, 44.50079354457557], [-72.97885917127132, 44.50079781934619], [-72.97885850071907, 44.50080284848809], [-72.97885606996715, 44.50080896727741], [-72.97885187901556, 44.50081600807607], [-72.97884584404528, 44.50082313269377], [-72.97883788123727, 44.50082967057824], [-72.97882840968668, 44.500835705548525], [-72.97881742939353, 44.50084090232849], [-72.97880485653877, 44.50084509328008], [-72.97879052348435, 44.500848948955536], [-72.97877476550639, 44.50085305608809], [-72.97875783406198, 44.5008578337729], [-72.97873998060822, 44.50086319819093], [-72.97872187569737, 44.50086906552315], [-72.97870460897684, 44.5008750166744], [-72.97868834808469, 44.50088088400662], [-72.97867300920188, 44.50088675133884], [-72.97865951433778, 44.50089345686138], [-72.97864786349237, 44.500901252031326], [-72.97863705083728, 44.50091063976288], [-72.97862716019154, 44.50092044658959], [-72.97861794009805, 44.50092933140695], [-72.97860872000456, 44.50093746185303], [-72.97859908081591, 44.50094525702298], [-72.97858919017017, 44.500952968373895], [-72.97858097590506, 44.50096017681062], [-72.97857636585832, 44.500967133790255], [-72.97857603058219, 44.50097283348441], [-72.97857904806733, 44.50097635388374], [-72.97858349047601, 44.50097811408341], [-72.97858776524663, 44.50097878463566], [-72.9785908665508, 44.50097903609276], [-72.97859237529337, 44.50097945518792], [-72.97859204001725, 44.50098062865436], [-72.97858935780823, 44.50098339468241], [-72.97858474776149, 44.500987669453025], [-72.97857980243862, 44.50099186040461], [-72.97857468947768, 44.50099529698491], [-72.97856857068837, 44.50099915266037], [-72.97856027260423, 44.501004349440336], [-72.97854971140623, 44.501011138781905], [-72.97853713855147, 44.501019436866045], [-72.97852381132543, 44.50102899223566], [-72.97851283103228, 44.501038463786244], [-72.97850587405264, 44.50104718096554], [-72.97850025817752, 44.50105665251613], [-72.97849330119789, 44.5010684709996], [-72.97848466783762, 44.50108213350177], [-72.97847620211542, 44.501095209270716], [-72.97846991568804, 44.501105854287744], [-72.97846589237452, 44.501114739105105], [-72.97846153378487, 44.50112379156053], [-72.97845482826233, 44.5011340174824], [-72.97844560816884, 44.501144578680396], [-72.97843479551375, 44.50115413405001], [-72.97842347994447, 44.50116142630577], [-72.97841375693679, 44.50116586871445], [-72.97840596176684, 44.50116871856153], [-72.97839866951108, 44.501171903684735], [-72.97839171253145, 44.50117651373148], [-72.97838701866567, 44.501182213425636], [-72.97838651575148, 44.50118866749108], [-72.97838961705565, 44.501195792108774], [-72.97839439474046, 44.50120350345969], [-72.97839942388237, 44.501212975010276], [-72.97840411774814, 44.50122429057956], [-72.97840747050941, 44.50123568996787], [-72.97840948216617, 44.501246586441994], [-72.9784100688994, 44.50125815346837], [-72.97840864397585, 44.50127122923732], [-72.97840470448136, 44.50128505937755], [-72.97839850187302, 44.50129855424166], [-72.97839045524597, 44.50131146237254], [-72.97838148660958, 44.50132420286536], [-72.97837218269706, 44.501336105167866], [-72.97836061567068, 44.50134800747037], [-72.97834686934948, 44.501359993591905], [-72.97833203338087, 44.50137197971344], [-72.97831610776484, 44.50138388201594], [-72.97830009832978, 44.501395197585225], [-72.9782850947231, 44.50140567496419], [-72.97827143222094, 44.50141606852412], [-72.97825802117586, 44.5014276355505], [-72.97824611887336, 44.501439202576876], [-72.97823706641793, 44.5014498475939], [-72.97822952270508, 44.501459738239646], [-72.97822239808738, 44.50146962888539], [-72.97821485437453, 44.50148035772145], [-72.97820672392845, 44.50149175710976], [-72.97819859348238, 44.50150391086936], [-72.97819088213146, 44.50151656754315], [-72.97818392515182, 44.50152830220759], [-72.97817780636251, 44.50153869576752], [-72.97817151993513, 44.501548083499074], [-72.97816473059356, 44.50155680067837], [-72.97815701924264, 44.501565266400576], [-72.97814838588238, 44.50157440267503], [-72.97814084216952, 44.50158362276852], [-72.97813698649406, 44.501591082662344], [-72.97813631594181, 44.501597033813596], [-72.97813690267503, 44.50160323642194], [-72.97813774086535, 44.50160994194448], [-72.97813941724598, 44.50161664746702], [-72.978142099455, 44.50162352062762], [-72.97814511694014, 44.501630729064345], [-72.97814788296819, 44.50163768604398], [-72.97814947552979, 44.50164455920458], [-72.9781492240727, 44.501651683822274], [-72.97814763151109, 44.501659059897065], [-72.97814603894949, 44.50166551396251], [-72.9781457874924, 44.50167037546635], [-72.97814704477787, 44.50167381204665], [-72.9781492240727, 44.50167641043663], [-72.97815165482461, 44.501678589731455], [-72.9781540017575, 44.50168043375015], [-72.97815618105233, 44.50168185867369], [-72.97815827652812, 44.50168311595917], [-72.97816028818488, 44.50168428942561], [-72.97816204838455, 44.501685379073024], [-72.97816305421293, 44.50168613344431], [-72.97816322185099, 44.50168655253947], [-72.97816221602261, 44.501686971634626], [-72.97816037200391, 44.50168747454882], [-72.97815819270909, 44.50168814510107], [-72.97815626487136, 44.501688396558166], [-72.97815492376685, 44.50168797746301], [-72.97815442085266, 44.501686971634626], [-72.97815442085266, 44.50168554671109], [-72.97815475612879, 44.501684037968516], [-72.97815525904298, 44.50168236158788], [-72.97815576195717, 44.50168068520725], [-72.97815626487136, 44.50167934410274], [-72.97815676778555, 44.50167825445533], [-72.97815710306168, 44.50167741626501], [-72.97815735451877, 44.50167674571276], [-72.97815727069974, 44.5016763266176], [-72.97815668396652, 44.5016760751605], [-72.97815509140491, 44.50167590752244], [-72.97815173864365, 44.50167590752244], [-72.9781457874924, 44.501676158979535], [-72.97813631594181, 44.501676158979535], [-72.97812382690609, 44.50167582370341], [-72.97810974530876, 44.50167490169406], [-72.97809490934014, 44.501673728227615], [-72.97808074392378, 44.50167238712311], [-72.97806699760258, 44.501670710742474], [-72.97805241309106, 44.50166853144765], [-72.9780387505889, 44.501665933057666], [-72.9780263453722, 44.50166375376284], [-72.97801494598389, 44.50166224502027], [-72.97800606116652, 44.50166132301092], [-72.97799927182496, 44.50166082009673], [-72.97799315303564, 44.50166031718254], [-72.97798720188439, 44.50165939517319], [-72.97798083163798, 44.50165847316384], [-72.97797362320125, 44.50165780261159], [-72.97796490602195, 44.50165780261159], [-72.97795568592846, 44.50165788643062], [-72.97794696874917, 44.501658137887716], [-72.97793758101761, 44.50165830552578], [-72.97792626544833, 44.50165838934481], [-72.9779124353081, 44.501658556982875], [-72.97789759933949, 44.50165864080191], [-72.97788376919925, 44.5016591437161], [-72.97787128016353, 44.50165973044932], [-72.97785988077521, 44.501659981906414], [-72.97784864902496, 44.50166040100157], [-72.97783750109375, 44.50166174210608], [-72.9778262693435, 44.501664424315095], [-72.97781419940293, 44.501667777076364], [-72.97780154272914, 44.5016710460186], [-72.97778964042664, 44.50167431496084], [-72.97777832485735, 44.50167750008404], [-72.9777655005455, 44.50168018229306], [-72.97775049693882, 44.50168269686401], [-72.97773582860827, 44.50168512761593], [-72.97772141173482, 44.50168780982494], [-72.9777054861188, 44.501690827310085], [-72.97768855467439, 44.501694180071354], [-72.97767095267773, 44.50169702991843], [-72.97765326686203, 44.501698538661], [-72.9776360001415, 44.50169895775616], [-72.97761881724, 44.50169920921326], [-72.97760012559593, 44.50170021504164], [-72.9775810148567, 44.501702059060335], [-72.97756399959326, 44.50170415453613], [-72.97754924744368, 44.50170524418354], [-72.97753524966538, 44.50170532800257], [-72.97752167098224, 44.50170474126935], [-72.97751010395586, 44.50170423835516], [-72.97750113531947, 44.501704070717096], [-72.97749526798725, 44.50170423835516], [-72.97749216668308, 44.50170507654548], [-72.97749074175954, 44.501706417649984], [-72.97749007120728, 44.501707926392555], [-72.97748965211213, 44.501709351316094], [-72.97748856246471, 44.501710776239634], [-72.97748537734151, 44.50171270407736], [-72.97747825272381, 44.50171496719122], [-72.97746811062098, 44.501717146486044], [-72.97745696268976, 44.501718152314425], [-72.97744472511113, 44.501718236133456], [-72.97742988914251, 44.50171748176217], [-72.97741253860295, 44.50171647593379], [-72.97739485278726, 44.501715218648314], [-72.97738010063767, 44.501713290810585], [-72.97736811451614, 44.50171102769673], [-72.97735604457557, 44.501708848401904], [-72.97734204679728, 44.50170675292611], [-72.97732628881931, 44.50170490890741], [-72.97731036320329, 44.50170381926], [-72.97729519195855, 44.50170323252678], [-72.97728111036122, 44.50170231051743], [-72.97726845368743, 44.50170071795583], [-72.97725629992783, 44.50169887393713], [-72.9772440623492, 44.50169728137553], [-72.97723148949444, 44.50169577263296], [-72.9772181622684, 44.501694682985544], [-72.97720458358526, 44.50169409625232], [-72.9771904181689, 44.501693760976195], [-72.9771750792861, 44.50169342570007], [-72.97715965658426, 44.50169334188104], [-72.97714607790112, 44.50169359333813], [-72.97713409177959, 44.50169443152845], [-72.97712185420096, 44.50169543735683], [-72.97710810787976, 44.50169602409005], [-72.97709318809211, 44.50169610790908], [-72.97707877121866, 44.50169627554715], [-72.97706569544971, 44.50169702991843], [-72.97705186530948, 44.50169828720391], [-72.97703635878861, 44.50169929303229], [-72.97702085226774, 44.50170029886067], [-72.97700660303235, 44.50170163996518], [-72.97699285671115, 44.50170272961259], [-72.9769784398377, 44.50170340016484], [-72.97696410678327, 44.50170390307903], [-72.97694960609078, 44.501704489812255], [-72.97693426720798, 44.50170516036451], [-72.97691959887743, 44.5017056632787], [-72.97690543346107, 44.50170583091676], [-72.97689101658762, 44.50170574709773], [-72.97687693499029, 44.50170532800257], [-72.97686419449747, 44.50170482508838], [-72.9768521245569, 44.50170415453613], [-72.97683946788311, 44.501703483983874], [-72.97682681120932, 44.50170289725065], [-72.97681398689747, 44.50170231051743], [-72.97679973766208, 44.50170172378421], [-72.97678481787443, 44.501701053231955], [-72.97677157446742, 44.5017003826797], [-72.97675891779363, 44.50169979594648], [-72.97674550674856, 44.50169904157519], [-72.97673217952251, 44.50169845484197], [-72.97672036103904, 44.50169837102294], [-72.97670996747911, 44.501698622480035], [-72.97670032829046, 44.501699125394225], [-72.9766914434731, 44.501700131222606], [-72.97668213956058, 44.50170122087002], [-72.9766724165529, 44.50170147232711], [-72.9766642022878, 44.501700131222606], [-72.97665665857494, 44.50169744901359], [-72.9766483604908, 44.50169392861426], [-72.97664039768279, 44.5016900729388], [-72.976633021608, 44.5016866363585], [-72.9766238015145, 44.50168370269239], [-72.97661131247878, 44.50168143957853], [-72.97660058364272, 44.50168026611209], [-72.97659253701568, 44.50168043375015], [-72.9765844065696, 44.501680517569184], [-72.97657736577094, 44.50167942792177], [-72.97657275572419, 44.501677667722106], [-72.97657057642937, 44.50167573988438], [-72.97656864859164, 44.501674147322774], [-72.97656420618296, 44.50167305767536], [-72.97655657865107, 44.50167255476117], [-72.97654920257628, 44.501672219485044], [-72.97654467634857, 44.5016710460186], [-72.9765426646918, 44.5016692019999], [-72.976543167606, 44.501667860895395], [-72.97654509544373, 44.501667357981205], [-72.97654719091952, 44.501667357981205], [-72.97654886730015, 44.501667357981205], [-72.97654987312853, 44.50166727416217], [-72.9765500407666, 44.50166752561927], [-72.97654937021434, 44.50166819617152], [-72.97654735855758, 44.50166869908571], [-72.97654434107244, 44.501668866723776], [-72.97654073685408, 44.501668866723776], [-72.97653738409281, 44.501668866723776], [-72.97653453424573, 44.50166895054281], [-72.97653168439865, 44.501668866723776], [-72.97652858309448, 44.50166869908571], [-72.97652397304773, 44.501668782904744], [-72.97651575878263, 44.50166895054281], [-72.97650268301368, 44.501669788733125], [-72.97648617066443, 44.501672219485044], [-72.97646882012486, 44.50167624279857], [-72.97645155340433, 44.50168085284531], [-72.97643319703639, 44.50168521143496], [-72.976413667202, 44.50168973766267], [-72.97639371827245, 44.50169493444264], [-72.97637544572353, 44.50169987976551], [-72.97635918483138, 44.50170432217419], [-72.97634275630116, 44.50170918367803], [-72.97632507048547, 44.501714380458], [-72.97630738466978, 44.501719158142805], [-72.97628927975893, 44.501723013818264], [-72.97627000138164, 44.50172577984631], [-72.97625080682337, 44.50172728858888], [-72.97623337246478, 44.50172762386501], [-72.97621794976294, 44.501727456226945], [-72.97620168887079, 44.50172720476985], [-72.97618308104575, 44.501727037131786], [-72.97616455703974, 44.50172720476985], [-72.97614737413824, 44.50172754004598], [-72.97613228671253, 44.50172737240791], [-72.9761218931526, 44.50172686949372], [-72.97611284069717, 44.5017262827605], [-72.97609968110919, 44.50172586366534], [-72.97608182765543, 44.501726450398564], [-72.97606372274458, 44.50172821059823], [-72.9760487191379, 44.50173106044531], [-72.97603597864509, 44.50173466466367], [-72.97602382488549, 44.501738687977195], [-72.97601024620235, 44.501743549481034], [-72.97599473968148, 44.50174983590841], [-72.97597822733223, 44.501757211983204], [-72.97596221789718, 44.50176450423896], [-72.97594687901437, 44.50177087448537], [-72.97593195922673, 44.5017764903605], [-72.9759178776294, 44.50178143568337], [-72.97590513713658, 44.501786045730114], [-72.97589432448149, 44.501789566129446], [-72.97588560730219, 44.50179166160524], [-72.97587999142706, 44.5017920807004], [-72.97587756067514, 44.501791410148144], [-72.97587621957064, 44.501790488138795], [-72.97587412409484, 44.501790488138795], [-72.97586909495294, 44.50179224833846], [-72.97586046159267, 44.501795852556825], [-72.975850738585, 44.501801216974854], [-72.9758415184915, 44.50180792249739], [-72.97583129256964, 44.50181571766734], [-72.97582022845745, 44.50182401575148], [-72.97580966725945, 44.50183223001659], [-72.97579994425178, 44.50183994136751], [-72.97579047270119, 44.501846730709076], [-72.97577949240804, 44.50185293331742], [-72.97576549462974, 44.50185930356383], [-72.97574738971889, 44.50186533853412], [-72.97572568058968, 44.50187045149505], [-72.97570472583175, 44.50187413953245], [-72.97568578273058, 44.50187757611275], [-72.97566767781973, 44.501881347969174], [-72.975649908185, 44.5018853712827], [-72.97563205473125, 44.50188939459622], [-72.9756136983633, 44.501893166452646], [-72.9755951743573, 44.50189710594714], [-72.97557631507516, 44.50190171599388], [-72.97555653378367, 44.50190640985966], [-72.97553700394928, 44.50191051699221], [-72.97551864758134, 44.501914624124765], [-72.97550230287015, 44.50191915035248], [-72.97548939473927, 44.50192376039922], [-72.9754791688174, 44.50192803516984], [-72.9754688590765, 44.50193247757852], [-72.97545637004077, 44.50193792581558], [-72.97544237226248, 44.50194412842393], [-72.97542770393193, 44.501950833946466], [-72.97541320323944, 44.5019577909261], [-72.97540037892759, 44.50196432881057], [-72.97538973391056, 44.50197011232376], [-72.9753808490932, 44.501975644379854], [-72.9753721319139, 44.50198134407401], [-72.975361822173, 44.50198729522526], [-72.9753499198705, 44.501993749290705], [-72.9753356706351, 44.50200129300356], [-72.97532133758068, 44.50200925581157], [-72.97530893236399, 44.50201654806733], [-72.97529828734696, 44.50202316977084], [-72.97528965398669, 44.50202954001725], [-72.97528194263577, 44.50203616172075], [-72.97527557238936, 44.502042112872005], [-72.97527180053294, 44.502045549452305], [-72.97526936978102, 44.50204689055681], [-72.97526559792459, 44.50204839929938], [-72.97525838948786, 44.50205150060356], [-72.9752476606518, 44.50205644592643], [-72.97523475252092, 44.502061726525426], [-72.97522050328553, 44.502066504210234], [-72.97520449385047, 44.50207077898085], [-72.97518613748252, 44.502074886113405], [-72.97516576945782, 44.50207807123661], [-72.97514531761408, 44.50208008289337], [-72.97512704506516, 44.502081675454974], [-72.97511111944914, 44.50208402238786], [-72.97509661875665, 44.50208720751107], [-72.97508320771158, 44.502090560272336], [-72.9750702995807, 44.50209366157651], [-72.97505672089756, 44.50209625996649], [-72.97504146583378, 44.502098858356476], [-72.97502411529422, 44.502101708203554], [-72.97500525601208, 44.502104641869664], [-72.97498606145382, 44.50210782699287], [-72.97496695071459, 44.5021113473922], [-72.9749487619847, 44.50211528688669], [-72.9749318305403, 44.50212014839053], [-72.97491615638137, 44.50212601572275], [-72.9749009013176, 44.5021322183311], [-72.97488589771092, 44.502138337120414], [-72.97487114556134, 44.50214462354779], [-72.9748557228595, 44.50215183198452], [-72.97484055161476, 44.50215954333544], [-72.9748284816742, 44.50216691941023], [-72.97481959685683, 44.50217471458018], [-72.9748128913343, 44.502183347940445], [-72.97480769455433, 44.50219240039587], [-72.97480266541243, 44.50220170430839], [-72.97479671426117, 44.502211678773165], [-72.97479026019573, 44.502221904695034], [-72.97478388994932, 44.50223154388368], [-72.97477768734097, 44.50224126689136], [-72.97477198764682, 44.50225157663226], [-72.97476720996201, 44.50226238928735], [-72.97476301901042, 44.50227211229503], [-72.97475773841143, 44.50228141620755], [-72.97475002706051, 44.50229197740555], [-72.97473980113864, 44.502303544431925], [-72.97472764737904, 44.50231544673443], [-72.97471390105784, 44.502327516674995], [-72.97469990327954, 44.502339251339436], [-72.97468674369156, 44.50235014781356], [-72.9746744222939, 44.502360709011555], [-72.97466344200075, 44.5023703482002], [-72.97465397045016, 44.50237914919853], [-72.97464525327086, 44.502387614920735], [-72.97463611699641, 44.5023964997381], [-72.97462522052228, 44.50240689329803], [-72.97461273148656, 44.50241862796247], [-72.97460057772696, 44.50243078172207], [-72.97458968125284, 44.502442767843604], [-72.97457945533097, 44.50245467014611], [-72.97456939704716, 44.502465818077326], [-72.97455841675401, 44.50247629545629], [-72.97454567626119, 44.50248601846397], [-72.97453008592129, 44.50249498710036], [-72.97451147809625, 44.50250269845128], [-72.97449144534767, 44.502509320154786], [-72.97447266988456, 44.502515606582165], [-72.97445607371628, 44.50252172537148], [-72.97444115392864, 44.50252809561789], [-72.9744275752455, 44.50253438204527], [-72.97441349364817, 44.50254125520587], [-72.97439899295568, 44.50254854746163], [-72.97438482753932, 44.50255558826029], [-72.97437066212296, 44.50256271287799], [-72.97435641288757, 44.50257050804794], [-72.97434308566153, 44.50257897377014], [-72.97433235682547, 44.50258752331138], [-72.97432414256036, 44.50259556993842], [-72.97431701794267, 44.50260294601321], [-72.97430905513465, 44.502609986811876], [-72.97429975122213, 44.50261761434376], [-72.9742893576622, 44.502626582980156], [-72.97427829355001, 44.502637227997184], [-72.9742671456188, 44.502648543566465], [-72.97425616532564, 44.50266002677381], [-72.97424459829926, 44.50267159380019], [-72.97423311509192, 44.5026829931885], [-72.97422154806554, 44.50269414111972], [-72.97421014867723, 44.50270495377481], [-72.97419908456504, 44.502715012058616], [-72.97418843954802, 44.502724818885326], [-72.97417896799743, 44.502734541893005], [-72.97417083755136, 44.502743845805526], [-72.97416295856237, 44.502752646803856], [-72.97415449284017, 44.50276161544025], [-72.97414560802281, 44.502771673724055], [-72.97413705848157, 44.50278374366462], [-72.97413010150194, 44.50279665179551], [-72.9741252399981, 44.50280821882188], [-72.97412146814167, 44.50281819328666], [-72.97411786392331, 44.50282724574208], [-72.9741146788001, 44.502836214378476], [-72.97411275096238, 44.50284509919584], [-72.97411241568625, 44.50285406783223], [-72.97411384060979, 44.50286379083991], [-72.97411752864718, 44.50287468731403], [-72.9741238988936, 44.50288575142622], [-72.97413269989192, 44.502895725890994], [-72.97414275817573, 44.50290477834642], [-72.97415331937373, 44.50291307643056], [-72.97416362911463, 44.50291994959116], [-72.97417293302715, 44.50292539782822], [-72.97418248839676, 44.502930929884315], [-72.9741928819567, 44.50293771922588], [-72.97420436516404, 44.50294643640518], [-72.97421685419977, 44.50295649468899], [-72.9742288403213, 44.50296638533473], [-72.97423956915736, 44.50297518633306], [-72.97424904070795, 44.5029834844172], [-72.97425859607756, 44.50299211777747], [-72.97426932491362, 44.50300108641386], [-72.97428080812097, 44.50301022268832], [-72.97429287806153, 44.503019861876965], [-72.97430595383048, 44.50303092598915], [-72.97431886196136, 44.50304307974875], [-72.97432967461646, 44.50305498205125], [-72.97433872707188, 44.503066297620535], [-72.97434719279408, 44.50307727791369], [-72.97435582615435, 44.50308792293072], [-72.97436504624784, 44.50309781357646], [-72.97437518835068, 44.503107368946075], [-72.9743844922632, 44.50311684049666], [-72.9743929579854, 44.503125976771116], [-72.97440209425986, 44.50313561595976], [-72.97441181726754, 44.50314533896744], [-72.9744204506278, 44.50315363705158], [-72.97442740760744, 44.503159672021866], [-72.97443402931094, 44.50316486880183], [-72.97444190829992, 44.503170903772116], [-72.97445104457438, 44.503178531304], [-72.97445791773498, 44.503187499940395], [-72.9744587559253, 44.50319747440517], [-72.9744537267834, 44.50320820324123], [-72.9744450096041, 44.50321884825826], [-72.97442660070253, 44.50323401523425]]}}, {"type": "Feature", "properties": {"name": "walk-03", "distance_km": 2.512, "points": 2774, "clipped": true}, "geometry": {"type": "LineString", "coordinates": [[-72.97476072656148, 44.504441091085866], [-72.97476134262979, 44.50443858280778], [-72.97475606203079, 44.50443422421813], [-72.97474977560341, 44.504430117085576], [-72.97474424354732, 44.50442651286721], [-72.97473938204348, 44.504423243924975], [-72.97473695129156, 44.50441989116371], [-72.97473762184381, 44.504415867850184], [-72.9747402202338, 44.504410000517964], [-72.97474625520408, 44.50440044514835], [-72.97475522384048, 44.50438778847456], [-72.97476503066719, 44.504374880343676], [-72.97477508895099, 44.50436222366989], [-72.97478531487286, 44.504349399358034], [-72.97479512169957, 44.50433607213199], [-72.97480526380241, 44.50432140380144], [-72.9748160764575, 44.50430505909026], [-72.9748261347413, 44.504288882017136], [-72.97483418136835, 44.50427480041981], [-72.97484113834798, 44.50426256284118], [-72.97484826296568, 44.50425066053867], [-72.97485614195466, 44.504238590598106], [-72.97486494295299, 44.50422643683851], [-72.97487424686551, 44.50421428307891], [-72.9748837184161, 44.50420254841447], [-72.97489251941442, 44.50419223867357], [-72.97489981167018, 44.504184275865555], [-72.97490601427853, 44.504177486523986], [-72.97491322271526, 44.50416977517307], [-72.97492202371359, 44.50416047126055], [-72.97493141144514, 44.50415049679577], [-72.97493996098638, 44.50414060615003], [-72.97494733706117, 44.5041318051517], [-72.97495412640274, 44.50412451289594], [-72.97496175393462, 44.50411755591631], [-72.9749712254852, 44.50410925783217], [-72.9749817866832, 44.50409936718643], [-72.97499184496701, 44.504088973626494], [-72.9750008136034, 44.50407958589494], [-72.97500911168754, 44.50407162308693], [-72.97501690685749, 44.50406433083117], [-72.97502520494163, 44.50405653566122], [-72.97503425739706, 44.50404806993902], [-72.97504347749054, 44.50403935275972], [-72.97505169175565, 44.504031306132674], [-72.97505822964013, 44.50402418151498], [-72.9750650189817, 44.504016134887934], [-72.97507365234196, 44.504005992785096], [-72.97508253715932, 44.50399492867291], [-72.97508974559605, 44.50398461893201], [-72.97509544529021, 44.50397581793368], [-72.97510013915598, 44.503968777135015], [-72.97510583885014, 44.503961484879255], [-72.97511396929622, 44.503952180966735], [-72.97512285411358, 44.503942457959056], [-72.97513014636934, 44.50393432751298], [-72.97513651661575, 44.5039261970669], [-72.97514414414763, 44.50391622260213], [-72.97515311278403, 44.503905326128006], [-72.97516191378236, 44.503895519301295], [-72.97517071478069, 44.503887640312314], [-72.9751802701503, 44.50388093478978], [-72.97519099898636, 44.503873977810144], [-72.97520197927952, 44.503865679726005], [-72.97521262429655, 44.50385629199445], [-72.97522276639938, 44.503846652805805], [-72.97523165121675, 44.5038381870836], [-72.97523961402476, 44.503830559551716], [-72.97524875029922, 44.50382201001048], [-72.97525931149721, 44.5038122870028], [-72.97526962123811, 44.50380331836641], [-72.97527867369354, 44.503795858472586], [-72.97528713941574, 44.50378873385489], [-72.97529644332826, 44.50378043577075], [-72.9753065854311, 44.50377071276307], [-72.97531547024846, 44.50376023538411], [-72.97532142139971, 44.503750428557396], [-72.97532393597066, 44.50374229811132], [-72.97532435506582, 44.50373534113169], [-72.97532485798001, 44.503727965056896], [-72.97532603144646, 44.503719164058566], [-72.97532678581774, 44.50371094979346], [-72.97532670199871, 44.503704411908984], [-72.97532661817968, 44.50369720347226], [-72.97532678581774, 44.503689240664244], [-72.97532812692225, 44.50368312187493], [-72.97533072531223, 44.50367817655206], [-72.9753322340548, 44.50367423705757], [-72.97533139586449, 44.50367155484855], [-72.97532821074128, 44.50366836972535], [-72.97532175667584, 44.50366325676441], [-72.97531245276332, 44.503656635060906], [-72.97530189156532, 44.50364992953837], [-72.97529216855764, 44.50364406220615], [-72.97528303228319, 44.50363819487393], [-72.9752735607326, 44.50363148935139], [-72.97526392154396, 44.503624364733696], [-72.97525336034596, 44.50361623428762], [-72.97524187713861, 44.50360743328929], [-72.9752304777503, 44.50359879992902], [-72.97521958127618, 44.503591088578105], [-72.97520943917334, 44.50358413159847], [-72.97519711777568, 44.50357683934271], [-72.9751823656261, 44.50356778688729], [-72.97516937367618, 44.503557896241546], [-72.97515872865915, 44.5035482570529], [-72.97514950856566, 44.50353920459747], [-72.97514146193862, 44.50353124178946], [-72.97513358294964, 44.503523614257574], [-72.9751252848655, 44.503515819087625], [-72.97511598095298, 44.50350768864155], [-72.97510508447886, 44.50349888764322], [-72.97509309835732, 44.50349017046392], [-72.97508127987385, 44.50348204001784], [-72.97507088631392, 44.50347407720983], [-72.97506216913462, 44.503465946763754], [-72.97505412250757, 44.50345697812736], [-72.97504481859505, 44.50344675220549], [-72.9750335868448, 44.503435688093305], [-72.97502210363746, 44.50342479161918], [-72.97501204535365, 44.50341481715441], [-72.97500391490757, 44.50340576469898], [-72.97499695792794, 44.50339788571], [-72.9749889113009, 44.503389755263925], [-72.97497826628387, 44.503381038084626], [-72.97496477141976, 44.50337307527661], [-72.97494918107986, 44.50336704030633], [-72.97493350692093, 44.50336301699281], [-72.97491934150457, 44.50336025096476], [-72.97490609809756, 44.503357484936714], [-72.9748924355954, 44.50335429981351], [-72.97487759962678, 44.503349773585796], [-72.97486150637269, 44.503343822434545], [-72.97484423965216, 44.50333728455007], [-72.97482688911259, 44.50333141721785], [-72.97480937093496, 44.50332638807595], [-72.9747922718525, 44.50332127511501], [-72.97477743588388, 44.50331591069698], [-72.97476486302912, 44.5033098757267], [-72.97475354745984, 44.50330308638513], [-72.97474223189056, 44.50329621322453], [-72.97473058104515, 44.503289675340056], [-72.97471859492362, 44.50328338891268], [-72.97470786608756, 44.503277437761426], [-72.9747003223747, 44.50327257625759], [-72.97469562850893, 44.50326947495341], [-72.97469244338572, 44.50326746329665], [-72.97468934208155, 44.50326595455408], [-72.97468565404415, 44.50326452963054], [-72.97468146309257, 44.503263691440225], [-72.97467643395066, 44.5032633561641], [-72.97466922551394, 44.50326293706894], [-72.97465958632529, 44.50326193124056], [-72.97464785166085, 44.503259751945734], [-72.97463511116803, 44.50325723737478], [-72.97462220303714, 44.50325480662286], [-72.9746091272682, 44.503251453861594], [-72.97459546476603, 44.503246592357755], [-72.97458029352129, 44.5032406412065], [-72.97456319443882, 44.50323452241719], [-72.97454609535635, 44.503228571265936], [-72.97453000210226, 44.503223123028874], [-72.97451474703848, 44.50321868062019], [-72.97450058162212, 44.503214908763766], [-72.97448700293899, 44.503210969269276], [-72.97447367571294, 44.50320661067963], [-72.97446076758206, 44.503201162442565], [-72.97444811090827, 44.50319403782487], [-72.97443486750126, 44.5031856559217], [-72.97441994771361, 44.50317651964724], [-72.97440427355468, 44.5031666290015], [-72.97439019195735, 44.50315690599382], [-72.97437854111195, 44.50314726680517], [-72.97436881810427, 44.503137627616525], [-72.97435984946787, 44.50312865898013], [-72.97434953972697, 44.5031198579818], [-72.97433830797672, 44.50311088934541], [-72.97432607039809, 44.503102004528046], [-72.97431198880076, 44.50309328734875], [-72.97429664991796, 44.50308473780751], [-72.97428240068257, 44.50307685881853], [-72.97427108511329, 44.50306981801987], [-72.97426094301045, 44.503061855211854], [-72.97425080090761, 44.50305229984224], [-72.97424107789993, 44.503041906282306], [-72.97423060052097, 44.5030302554369], [-72.97421970404685, 44.50301826931536], [-72.97420771792531, 44.50300661846995], [-72.97419506125152, 44.50299580581486], [-72.97418324276805, 44.502986166626215], [-72.97417209483683, 44.50297610834241], [-72.97416136600077, 44.50296554714441], [-72.97415097244084, 44.50295615941286], [-72.97414166852832, 44.50294895097613], [-72.97413269989192, 44.50294258072972], [-72.97412322834134, 44.50293595902622], [-72.97411317005754, 44.50292933732271], [-72.97410319559276, 44.50292246416211], [-72.97409481368959, 44.502915758639574], [-72.97408710233867, 44.50290670618415], [-72.97407972626388, 44.50289472006261], [-72.97407285310328, 44.50288265012205], [-72.97406564466655, 44.502872340381145], [-72.97405877150595, 44.50286479666829], [-72.97405173070729, 44.50285783968866], [-72.97404192388058, 44.50284945778549], [-72.97402817755938, 44.50283981859684], [-72.97401300631464, 44.50283110141754], [-72.97399884089828, 44.50282271951437], [-72.97398685477674, 44.50281341560185], [-72.97397746704519, 44.50280260294676], [-72.97396925278008, 44.50279011391103], [-72.97395994886756, 44.50277695432305], [-72.97394838184118, 44.50276354327798], [-72.97393639571965, 44.50275130569935], [-72.97392499633133, 44.50274099595845], [-72.97391334548593, 44.50273169204593], [-72.97390144318342, 44.502723310142756], [-72.97389063052833, 44.50271626934409], [-72.97388073988259, 44.502709563821554], [-72.973871268332, 44.50270269066095], [-72.9738609585911, 44.50269472785294], [-72.97384863719344, 44.50268575921655], [-72.97383572906256, 44.5026777125895], [-72.9738234076649, 44.50267125852406], [-72.97381184063852, 44.502665139734745], [-72.9738009441644, 44.502658769488335], [-72.97379021532834, 44.502651980146766], [-72.97377998940647, 44.50264443643391], [-72.97376984730363, 44.50263504870236], [-72.97375878319144, 44.502623565495014], [-72.97374805435538, 44.502612333744764], [-72.97373774461448, 44.502602526918054], [-72.97372777014971, 44.502593809738755], [-72.97371888533235, 44.50258618220687], [-72.97370941378176, 44.502577632665634], [-72.97369826585054, 44.502567406743765], [-72.97368695028126, 44.50255701318383], [-72.97367546707392, 44.50254720635712], [-72.97366473823786, 44.50253874063492], [-72.97365451231599, 44.502531196922064], [-72.97364361584187, 44.50252315029502], [-72.97363238409162, 44.502514181658626], [-72.9736212361604, 44.502504374831915], [-72.97361033968627, 44.502494148910046], [-72.97360070049763, 44.50248501263559], [-72.9735913965851, 44.50247713364661], [-72.97358150593936, 44.50247093103826], [-72.97356876544654, 44.50246657244861], [-72.97355158254504, 44.502462381497025], [-72.9735316336155, 44.502457017078996], [-72.97351227141917, 44.5024514850229], [-72.9734951723367, 44.502446707338095], [-72.9734795819968, 44.502442851662636], [-72.97346482984722, 44.502439331263304], [-72.97344991005957, 44.50243572704494], [-72.97343331389129, 44.5024324581027], [-72.97341621480882, 44.50242977589369], [-72.97339961864054, 44.502427596598864], [-72.97338159754872, 44.502425668761134], [-72.97336215153337, 44.50242390856147], [-72.9733432084322, 44.50242248363793], [-72.97332543879747, 44.50242172926664], [-72.97330808825791, 44.50242105871439], [-72.97329124063253, 44.502420304343104], [-72.97327565029263, 44.502418879419565], [-72.97326064668596, 44.502416951581836], [-72.97324405051768, 44.50241510756314], [-72.97322669997811, 44.50241376645863], [-72.97320993617177, 44.502413934096694], [-72.97319375909865, 44.50241611339152], [-72.97317825257778, 44.502419382333755], [-72.97316316515207, 44.502422818914056], [-72.97314715571702, 44.50242608785629], [-72.97313055954874, 44.50243036262691], [-72.97311396338046, 44.50243656523526], [-72.97309761866927, 44.50244402512908], [-72.97308269888163, 44.50245039537549], [-72.97306970693171, 44.502453580498695], [-72.9730564635247, 44.50245467014611], [-72.97304179519415, 44.50245483778417], [-72.97302695922554, 44.50245425105095], [-72.9730112850666, 44.50245282612741], [-72.97299485653639, 44.50245039537549], [-72.9729790147394, 44.502446791157126], [-72.97296426258981, 44.50244243256748], [-72.97294925898314, 44.50243782252073], [-72.9729338362813, 44.502433547750115], [-72.9729184973985, 44.50243002735078], [-72.97290340997279, 44.50242734514177], [-72.97288832254708, 44.50242499820888], [-72.97287248075008, 44.5024221483618], [-72.97285689041018, 44.50241812504828], [-72.97284364700317, 44.50241376645863], [-72.97283140942454, 44.50240924023092], [-72.97281950712204, 44.502404714003205], [-72.97280902974308, 44.502400271594524], [-72.97279972583055, 44.50239532627165], [-72.97279025427997, 44.50238987803459], [-72.97278044745326, 44.50238350778818], [-72.97277164645493, 44.50237646698952], [-72.97276351600885, 44.50236892327666], [-72.97275471501052, 44.50235911644995], [-72.97274633310735, 44.50234763324261], [-72.97273987904191, 44.50233698822558], [-72.97273476608098, 44.50232810340822], [-72.97273099422455, 44.502320643514395], [-72.97272856347263, 44.502313351258636], [-72.97272705473006, 44.50230580754578], [-72.97272621653974, 44.50229809619486], [-72.97272579744458, 44.50228979811072], [-72.97272554598749, 44.502279572188854], [-72.97272571362555, 44.50226775370538], [-72.97272630035877, 44.50225601904094], [-72.97272705473006, 44.502244954928756], [-72.97272789292037, 44.50223498046398], [-72.9727298207581, 44.502224335446954], [-72.9727337602526, 44.50221201404929], [-72.97273962758482, 44.50219977647066], [-72.972745411098, 44.502189634367824], [-72.97275052405894, 44.50218049809337], [-72.97275647521019, 44.502170607447624], [-72.9727630969137, 44.502160381525755], [-72.97276929952204, 44.50215032324195], [-72.97277466394007, 44.5021406840533], [-72.97277919016778, 44.50213146395981], [-72.97278354875743, 44.50212199240923], [-72.9727884940803, 44.50211168266833], [-72.97279385849833, 44.502100786194205], [-72.9727993067354, 44.50208988972008], [-72.97280559316278, 44.50207907706499], [-72.9728128015995, 44.50206885114312], [-72.97282068058848, 44.502059295773506], [-72.97282914631069, 44.50205032713711], [-72.97283677384257, 44.50204244814813], [-72.97284414991736, 44.5020354911685], [-72.97285177744925, 44.50202886946499], [-72.97285974025726, 44.50202199630439], [-72.97286736778915, 44.50201411731541], [-72.97287449240685, 44.50200581923127], [-72.9728817846626, 44.50199827551842], [-72.97288999892771, 44.50199140235782], [-72.97289838083088, 44.50198411010206], [-72.97290642745793, 44.501975644379854], [-72.97291397117078, 44.50196558609605], [-72.97292101196945, 44.501954689621925], [-72.97292687930167, 44.5019440446049], [-72.9729317408055, 44.50193423777819], [-72.97293576411903, 44.501925352960825], [-72.9729391168803, 44.50191671960056], [-72.97294163145125, 44.5019075833261], [-72.97294397838414, 44.50189660303295], [-72.97294674441218, 44.501884365454316], [-72.97294959425926, 44.50187363661826], [-72.97295328229666, 44.50186466798186], [-72.9729581438005, 44.50185653753579], [-72.97296417877078, 44.50184874236584], [-72.97297088429332, 44.501841282472014], [-72.97297792509198, 44.50183415785432], [-72.97298597171903, 44.50182653032243], [-72.97299527563155, 44.501817813143134], [-72.97300483100116, 44.50180817395449], [-72.97301346436143, 44.501798283308744], [-72.97302125953138, 44.50178830884397], [-72.97302947379649, 44.50177850201726], [-72.97303844243288, 44.50176911428571], [-72.97304891981184, 44.501759307459], [-72.97306040301919, 44.50174857862294], [-72.97307238914073, 44.501737682148814], [-72.97308437526226, 44.501727959141135], [-72.97309535555542, 44.50172075070441], [-72.97310574911535, 44.5017141290009], [-72.97311622649431, 44.50170708820224], [-72.97312720678747, 44.50169971212745], [-72.97313986346126, 44.50169208459556], [-72.97315428033471, 44.50168420560658], [-72.97316961921751, 44.50167573988438], [-72.97318479046226, 44.501666855067015], [-72.97319962643087, 44.501658137887716], [-72.97321328893304, 44.50165051035583], [-72.9732256103307, 44.50164430774748], [-72.97323692589998, 44.50163885951042], [-72.9732478223741, 44.501632656902075], [-72.97325980849564, 44.501624777913094], [-72.97327204607427, 44.50161597691476], [-72.97328336164355, 44.50160684064031], [-72.97329283319414, 44.50159770436585], [-72.97330096364021, 44.50158898718655], [-72.973308339715, 44.50158127583563], [-72.9733157157898, 44.501573983579874], [-72.97332434915006, 44.50156501494348], [-72.97333373688161, 44.501554453745484], [-72.97334312461317, 44.501543221995234], [-72.97335418872535, 44.50153190642595], [-72.97336718067527, 44.50152142904699], [-72.973379669711, 44.50151178985834], [-72.97339065000415, 44.50150357559323], [-72.97340179793537, 44.50149552896619], [-72.97341302968562, 44.501487063243985], [-72.97342359088361, 44.50147834606469], [-72.97343289479613, 44.501469042152166], [-72.97344085760415, 44.501459151506424], [-72.97344890423119, 44.50144833885133], [-72.97345862723887, 44.50143802911043], [-72.97346935607493, 44.50142956338823], [-72.97347891144454, 44.50142227113247], [-72.97348611988127, 44.501415230333805], [-72.97349156811833, 44.50140751898289], [-72.97349609434605, 44.501398550346494], [-72.97350062057376, 44.50138807296753], [-72.97350632026792, 44.50137600302696], [-72.97351319342852, 44.50136359781027], [-72.97352098859847, 44.5013517793268], [-72.9735295381397, 44.50134029611945], [-72.97353750094771, 44.501329232007265], [-72.97354462556541, 44.50131816789508], [-72.97355133108795, 44.501306684687734], [-72.97355736605823, 44.50129528529942], [-72.97356197610497, 44.50128497555852], [-72.97356490977108, 44.50127609074116], [-72.97356692142785, 44.50126745738089], [-72.97356851398945, 44.50125857256353], [-72.97357010655105, 44.50124918483198], [-72.97357270494103, 44.5012392103672], [-72.97357689589262, 44.50122965499759], [-72.97358267940581, 44.501221692189574], [-72.9735898040235, 44.50121624395251], [-72.97360002994537, 44.501212472096086], [-72.9736143629998, 44.501209035515785], [-72.97363079153001, 44.50120626948774], [-72.97364646568894, 44.501204676926136], [-72.97366046346724, 44.50120400637388], [-72.97367454506457, 44.501203671097755], [-72.97368963249028, 44.5012032520026], [-72.97370455227792, 44.50120308436453], [-72.97371922060847, 44.50120291672647], [-72.97373279929161, 44.50120258145034], [-72.97374478541315, 44.50120207853615], [-72.97375534661114, 44.50120132416487], [-72.97376523725688, 44.50119998306036], [-72.97377521172166, 44.50119763612747], [-72.97378501854837, 44.501194367185235], [-72.97379298135638, 44.501191098243], [-72.9737988486886, 44.50118824839592], [-72.97380345873535, 44.50118598528206], [-72.97380790114403, 44.5011842250824], [-72.97381427139044, 44.501182632520795], [-72.97382231801748, 44.501181207597256], [-72.97383061610162, 44.50118003413081], [-72.97383958473802, 44.501178693026304], [-72.97384997829795, 44.5011771004647], [-72.97386171296239, 44.501175340265036], [-72.97387420199811, 44.50117374770343], [-72.97388694249094, 44.50117274187505], [-72.97390043735504, 44.50117215514183], [-72.97391535714269, 44.50117198750377], [-72.97392985783517, 44.501172322779894], [-72.97394201159477, 44.50117257423699], [-72.97395123168826, 44.50117215514183], [-72.97395911067724, 44.50117114931345], [-72.97396598383784, 44.501170478761196], [-72.97397243790329, 44.50117005966604], [-72.97397989779711, 44.50116922147572], [-72.97398643568158, 44.501167964190245], [-72.97399171628058, 44.501167042180896], [-72.97400219365954, 44.50116620399058], [-72.97401543706656, 44.501165030524135], [-72.9740250762552, 44.50116377323866], [-72.97403261996806, 44.50116251595318], [-72.97404083423316, 44.50116050429642], [-72.97404997050762, 44.50115748681128], [-72.97405885532498, 44.501153798773885], [-72.97406698577106, 44.5011496078223], [-72.97407411038876, 44.50114483013749], [-72.97408022917807, 44.501139130443335], [-72.97408676706254, 44.5011321734637], [-72.97409330494702, 44.501123959198594], [-72.97409808263183, 44.50111557729542], [-72.97410076484084, 44.50110727921128], [-72.97410294413567, 44.50109872967005], [-72.97410612925887, 44.501088755205274], [-72.97410981729627, 44.50107844546437], [-72.97411275096238, 44.50106956064701], [-72.97411451116204, 44.50106176547706], [-72.97411526553333, 44.50105430558324], [-72.97411543317139, 44.50104692950845], [-72.97411551699042, 44.50103837996721], [-72.97411627136171, 44.50102756731212], [-72.97411736100912, 44.50101658701897], [-72.97411794774234, 44.50100703164935], [-72.9741181153804, 44.500998901203275], [-72.97411954030395, 44.50098984874785], [-72.97412264160812, 44.500979790464044], [-72.97412649728358, 44.50097023509443], [-72.97413110733032, 44.500960847362876], [-72.97413881868124, 44.50095036998391], [-72.97414904460311, 44.50094006024301], [-72.97415994107723, 44.50093234889209], [-72.97417209483683, 44.50092723593116], [-72.97418776899576, 44.50092379935086], [-72.97420570626855, 44.50092111714184], [-72.97422163188457, 44.500918770208955], [-72.97423864714801, 44.50091659091413], [-72.97425985336304, 44.50091516599059], [-72.9742822330445, 44.50091508217156], [-72.97430243343115, 44.50091608799994], [-72.9743189457804, 44.50091793201864], [-72.9743326921016, 44.500920278951526], [-72.97434719279408, 44.500924134626985], [-72.97436345368624, 44.5009286608547], [-72.9743789602071, 44.50093226507306], [-72.97439262270927, 44.500935366377234], [-72.97440527938306, 44.50093796476722], [-72.97441801987588, 44.5009405631572], [-72.97443143092096, 44.50094341300428], [-72.97444576397538, 44.50094684958458], [-72.974460599944, 44.5009508728981], [-72.9744743462652, 44.500954896211624], [-72.97448683530092, 44.500958416610956], [-72.97449890524149, 44.50096151791513], [-72.97451097518206, 44.50096411630511], [-72.97452262602746, 44.50096587650478], [-72.97453536652029, 44.500967133790255], [-72.97455120831728, 44.50096889398992], [-72.97456881031394, 44.500971073284745], [-72.97458515502512, 44.50097274966538], [-72.97459680587053, 44.500973084941506], [-72.97460510395467, 44.50097224675119], [-72.97461608424783, 44.500971073284745], [-72.9746313393116, 44.50097040273249], [-72.97464801929891, 44.50096981599927], [-72.97466134652495, 44.50096822343767], [-72.9746709857136, 44.500966211780906], [-72.97468096017838, 44.5009646192193], [-72.97469411976635, 44.50096311047673], [-72.97470937483013, 44.500961266458035], [-72.97472328878939, 44.50095967389643], [-72.97473561018705, 44.50095866806805], [-72.97474784776568, 44.500958416610956], [-72.97476117499173, 44.500958332791924], [-72.97477508895099, 44.50095858424902], [-72.97478900291026, 44.5009595900774], [-72.9748025815934, 44.500961182639], [-72.97481532208622, 44.500962775200605], [-72.97482672147453, 44.5009646192193], [-72.97483904287219, 44.50096654705703], [-72.97485521994531, 44.500969145447016], [-72.97487458214164, 44.50097241438925], [-72.97489419579506, 44.50097627006471], [-72.97491137869656, 44.5009804610163], [-72.97492537647486, 44.5009838975966], [-72.9749368596822, 44.500986663624644], [-72.97494708560407, 44.500989178195596], [-72.97495840117335, 44.50099177658558], [-72.97497089020908, 44.500994542613626], [-72.97498195432127, 44.50099663808942], [-72.97499092295766, 44.500997979193926], [-72.9749989695847, 44.500999404117465], [-72.97500785440207, 44.5010010804981], [-72.97501791268587, 44.50100217014551], [-72.97502839006484, 44.50100225396454], [-72.97503962181509, 44.50100166723132], [-72.97505328431726, 44.50100057758391], [-72.97506786882877, 44.500998985022306], [-72.97507918439806, 44.50099730864167], [-72.97508781775832, 44.500995967537165], [-72.97509821131825, 44.50099479407072], [-72.97511179000139, 44.500993117690086], [-72.97512570396066, 44.50099068693817], [-72.97513618133962, 44.500988172367215], [-72.97514422796667, 44.50098515488207], [-72.97515386715531, 44.5009802095592], [-72.97516585327685, 44.50097484514117], [-72.97517767176032, 44.500971576198936], [-72.9751876462251, 44.500970067456365], [-72.9751961119473, 44.50096931308508], [-72.97520357184112, 44.50096939690411], [-72.97521002590656, 44.50096998363733], [-72.97521547414362, 44.50097031891346], [-72.97522050328553, 44.50097048655152], [-72.97522553242743, 44.50097082182765], [-72.9752304777503, 44.500971492379904], [-72.97523584216833, 44.50097233057022], [-72.97524196095765, 44.500973084941506], [-72.9752495046705, 44.5009735878557], [-72.97525788657367, 44.50097367167473], [-72.97526526264846, 44.50097409076989], [-72.97527154907584, 44.50097509659827], [-72.9752775002271, 44.500976018607616], [-72.97528353519738, 44.50097660534084], [-72.97529024071991, 44.50097727589309], [-72.9752978682518, 44.500977946445346], [-72.97530532814562, 44.50097727589309], [-72.97531270422041, 44.50097484514117], [-72.97532024793327, 44.50097241438925], [-72.97532745637, 44.500971073284745], [-72.97533391043544, 44.50097048655152], [-72.97534019686282, 44.50097098946571], [-72.97534681856632, 44.50097241438925], [-72.97535377554595, 44.50097425840795], [-72.9753620736301, 44.50097559951246], [-72.97537137754261, 44.50097635388374], [-72.9753811005503, 44.500977024436], [-72.97539065591991, 44.50097870081663], [-72.97539912164211, 44.50098113156855], [-72.975406749174, 44.50098339468241], [-72.97541462816298, 44.500985741615295], [-72.97542183659971, 44.50098792091012], [-72.97542745247483, 44.500990100204945], [-72.97543281689286, 44.50099286623299], [-72.97543818131089, 44.50099630281329], [-72.97544312663376, 44.50099965557456], [-72.97544857487082, 44.5010026730597], [-72.97545578330755, 44.50100552290678], [-72.97546416521072, 44.50100828893483], [-72.97547363676131, 44.50101180933416], [-72.97548302449286, 44.501016084104776], [-72.9754897300154, 44.50101960450411], [-72.97549333423376, 44.50102178379893], [-72.97549517825246, 44.501022873446345], [-72.97549735754728, 44.501023292541504], [-72.97550146467984, 44.501022370532155], [-72.97550615854561, 44.50102077797055], [-72.97550917603076, 44.50102002359927], [-72.97551051713526, 44.50102019123733], [-72.97551051713526, 44.50102111324668], [-72.97550951130688, 44.50102228671312], [-72.97550842165947, 44.50102346017957], [-72.97550724819303, 44.50102454982698], [-72.97550590708852, 44.50102563947439], [-72.97550439834595, 44.50102664530277], [-72.9755032248795, 44.50102748349309], [-72.97550238668919, 44.501028237864375], [-72.97550179995596, 44.5010288245976], [-72.97550171613693, 44.50102949514985], [-72.97550205141306, 44.501030165702105], [-72.9755034763366, 44.50103083625436], [-72.97550632618368, 44.50103125534952], [-72.9755106009543, 44.501031590625644], [-72.97551579773426, 44.501032177358866], [-72.97552241943777, 44.50103293173015], [-72.97553004696965, 44.50103368610144], [-72.97553742304444, 44.50103418901563], [-72.97554538585246, 44.50103435665369], [-72.97555485740304, 44.501034105196595], [-72.97556508332491, 44.50103335082531], [-72.97557505778968, 44.50103276409209], [-72.9755848646164, 44.501032680273056], [-72.97559425234795, 44.50103301554918], [-72.97560280188918, 44.50103335082531], [-72.97561059705913, 44.50103293173015], [-72.9756192304194, 44.50103125534952], [-72.97563163563609, 44.50102781876922], [-72.97564663924277, 44.501022789627314], [-72.97566005028784, 44.50101776048541], [-72.9756707791239, 44.50101365335286], [-72.97568192705512, 44.5010095462203], [-72.97569525428116, 44.50100560672581], [-72.97570925205946, 44.50100317597389], [-72.97572274692357, 44.50100250542164], [-72.97573640942574, 44.5010026730597], [-72.97575116157532, 44.50100258924067], [-72.97576624900103, 44.501001834869385], [-72.97578041441739, 44.50100057758391], [-72.97579516656697, 44.50099915266037], [-72.9758108407259, 44.500997979193926], [-72.97582508996129, 44.50099756009877], [-72.97583548352122, 44.50099756009877], [-72.97584411688149, 44.50099705718458], [-72.97585350461304, 44.5009957998991], [-72.97586255706847, 44.50099437497556], [-72.97587261535227, 44.50099320150912], [-72.97588527202606, 44.500991608947515], [-72.97589868307114, 44.500989681109786], [-72.975908908993, 44.50098808854818], [-72.97591519542038, 44.50098699890077], [-72.975919470191, 44.50098632834852], [-72.97592206858099, 44.50098590925336], [-72.97592374496162, 44.50098540633917], [-72.97592558898032, 44.500984735786915], [-72.97592827118933, 44.500983729958534], [-72.97593229450285, 44.50098222121596], [-72.9759382456541, 44.50098004192114], [-72.97594528645277, 44.500977443531156], [-72.97595375217497, 44.50097476132214], [-72.97596506774426, 44.500971743837], [-72.97597705386579, 44.500968558713794], [-72.9759868606925, 44.50096537359059], [-72.97599423676729, 44.50096285901964], [-72.9760008584708, 44.500961182639], [-72.97600873745978, 44.500959757715464], [-72.97601879574358, 44.50095858424902], [-72.97603145241737, 44.50095766223967], [-72.97604595310986, 44.500956907868385], [-72.97606120817363, 44.500955902040005], [-72.9760767146945, 44.50095472857356], [-72.9760923050344, 44.50095363892615], [-72.97610806301236, 44.5009527169168], [-72.97612273134291, 44.500952046364546], [-72.97613530419767, 44.50095187872648], [-72.97614796087146, 44.50095263309777], [-72.97616321593523, 44.5009545609355], [-72.97618014737964, 44.50095766223967], [-72.976194312796, 44.500961769372225], [-72.97620495781302, 44.50096654705703], [-72.97621384263039, 44.500971995294094], [-72.97622197307646, 44.50097853317857], [-72.97622943297029, 44.50098649598658], [-72.97623605467379, 44.500994458794594], [-72.97624200582504, 44.501001331955194], [-72.9762479569763, 44.501007702201605], [-72.97625407576561, 44.50101516209543], [-72.97626036219299, 44.501023879274726], [-72.97626631334424, 44.50103175826371], [-72.97627159394324, 44.501037541776896], [-72.97627813182771, 44.5010425709188], [-72.97628718428314, 44.5010478515178], [-72.97629615291953, 44.50105296447873], [-72.97630403190851, 44.501058496534824], [-72.97631157562137, 44.50106461532414], [-72.97631794586778, 44.501070231199265], [-72.97632213681936, 44.50107484124601], [-72.97632414847612, 44.501078613102436], [-72.97632473520935, 44.501081965863705], [-72.97632448375225, 44.50108548626304], [-72.97632339410484, 44.501088755205274], [-72.97632163390517, 44.501091688871384], [-72.97631953842938, 44.5010943710804], [-72.97631735913455, 44.50109680183232], [-72.97631543129683, 44.50109872967005], [-72.97631375491619, 44.50109990313649], [-72.97631249763072, 44.50110032223165], [-72.97631174325943, 44.50110023841262], [-72.97631157562137, 44.50109981931746], [-72.97631207853556, 44.50109889730811], [-72.97631316818297, 44.50109722092748], [-72.97631501220167, 44.50109487399459], [-72.97631794586778, 44.501092275604606], [-72.9763222206384, 44.50109009630978], [-72.97632775269449, 44.50108825229108], [-72.97633345238864, 44.501085905358195], [-72.97633848153055, 44.50108263641596], [-72.97634275630116, 44.50107836164534], [-72.97634644433856, 44.50107299722731], [-72.9763513058424, 44.501067297533154], [-72.97635868191719, 44.501062436029315], [-72.97636840492487, 44.50105883181095], [-72.97637988813221, 44.50105682015419], [-72.97639246098697, 44.50105581432581], [-72.97640520147979, 44.50105522759259], [-72.97641794197261, 44.501055059954524], [-72.97643152065575, 44.50105539523065], [-72.97644568607211, 44.50105573050678], [-72.97645960003138, 44.50105497613549], [-72.97647242434323, 44.50105279684067], [-72.97648315317929, 44.50105003081262], [-72.97649203799665, 44.50104667805135], [-72.97650033608079, 44.50104273855686], [-72.97650813125074, 44.5010388828814], [-72.97651500441134, 44.501036033034325], [-72.97652154229581, 44.50103427283466], [-72.97652715817094, 44.501033602282405], [-72.97653084620833, 44.501033602282405], [-72.97653277404606, 44.50103402137756], [-72.97653394751251, 44.50103435665369], [-72.97653503715992, 44.50103444047272], [-72.97653671354055, 44.50103418901563], [-72.9765392281115, 44.50103351846337], [-72.97654274851084, 44.50103242881596], [-72.97654677182436, 44.50103108771145], [-72.9765500407666, 44.501029746606946], [-72.97655314207077, 44.501028656959534], [-72.97655716538429, 44.50102790258825], [-72.9765621945262, 44.501027232035995], [-72.97656764276326, 44.50102639384568], [-72.97657275572419, 44.501025723293424], [-72.97657971270382, 44.50102488510311], [-72.97658951953053, 44.501023292541504], [-72.97659890726209, 44.501020945608616], [-72.97660678625107, 44.501017928123474], [-72.97661449760199, 44.50101390480995], [-72.97662287950516, 44.50100929476321], [-72.97663201577961, 44.50100493617356], [-72.97664232552052, 44.501000912860036], [-72.9766531381756, 44.50099781155586], [-72.9766655433923, 44.500994961708784], [-72.97668021172285, 44.50099118985236], [-72.9766951315105, 44.50098641216755], [-72.97670845873654, 44.50098146684468], [-72.97671860083938, 44.50097719207406], [-72.9767263121903, 44.50097316876054], [-72.97673419117928, 44.500968139618635], [-72.97674232162535, 44.50096235610545], [-72.97675020061433, 44.50095674023032], [-72.97675757668912, 44.50095187872648], [-72.97676461748779, 44.50094752013683], [-72.9767723288387, 44.500942658632994], [-72.97678071074188, 44.50093704275787], [-72.97678926028311, 44.50093109160662], [-72.97679780982435, 44.50092505663633], [-72.97680594027042, 44.500919776037335], [-72.97681457363069, 44.50091365724802], [-72.97682295553386, 44.50090577825904], [-72.97683033160865, 44.50089689344168], [-72.97683745622635, 44.50088809244335], [-72.97684424556792, 44.50088038109243], [-72.97684960998595, 44.500873759388924], [-72.97685363329947, 44.50086805969477], [-72.97685606405139, 44.50086378492415], [-72.97685706987977, 44.50086085125804], [-72.97685782425106, 44.500857666134834], [-72.97685983590782, 44.50085297226906], [-72.97686369158328, 44.50084626674652], [-72.97686863690615, 44.50083805248141], [-72.97687442041934, 44.50082908384502], [-72.97688028775156, 44.50081994757056], [-72.97688548453152, 44.500810308381915], [-72.97689051367342, 44.50079932808876], [-72.97689571045339, 44.50078725814819], [-72.9769007395953, 44.50077435001731], [-72.97690493054688, 44.500762363895774], [-72.97690819948912, 44.500752389431], [-72.97691046260297, 44.500743420794606], [-72.97691180370748, 44.50073394924402], [-72.97691272571683, 44.50072213076055], [-72.97691356390715, 44.50070779770613], [-72.9769139830023, 44.50069430284202], [-72.9769144859165, 44.500682735815644], [-72.976915827021, 44.50067234225571], [-72.97691876068711, 44.50066236779094], [-72.97692337073386, 44.500652058050036], [-72.97692990861833, 44.50064107775688], [-72.97693845815957, 44.50062867254019], [-72.97694751061499, 44.50061643496156], [-72.97695673070848, 44.50060486793518], [-72.97696636989713, 44.50059472583234], [-72.97697642818093, 44.50058709830046], [-72.9769882466644, 44.50058039277792], [-72.97700274735689, 44.50057310052216], [-72.9770178347826, 44.50056564062834], [-72.9770313296467, 44.50055809691548], [-72.97704331576824, 44.500550385564566], [-72.97705287113786, 44.50054317712784], [-72.97706142067909, 44.50053756125271], [-72.97707240097225, 44.500533202663064], [-72.97708690166473, 44.50052943080664], [-72.97710307873785, 44.50052708387375], [-72.97712059691548, 44.500525910407305], [-72.97713928855956, 44.500525491312146], [-72.97715865075588, 44.50052557513118], [-72.97717901878059, 44.500525910407305], [-72.97719988971949, 44.50052666477859], [-72.97722034156322, 44.500527922064066], [-72.97724121250212, 44.500529766082764], [-72.97726267017424, 44.50053202919662], [-72.97728328965604, 44.50053454376757], [-72.97730357386172, 44.50053747743368], [-72.97732285223901, 44.50054083019495], [-72.97733953222632, 44.500543931499124], [-72.9773531947285, 44.500546446070075], [-72.9773645941168, 44.500548373907804], [-72.97737465240061, 44.500549798831344], [-72.97738353721797, 44.500550301745534], [-72.97739217057824, 44.50054946355522], [-72.97740206122398, 44.500547368079424], [-72.97741387970746, 44.50054435059428], [-72.97742779366672, 44.50054099783301], [-72.97744388692081, 44.50053705833852], [-72.97746056690812, 44.50053261592984], [-72.97747657634318, 44.500527838245034], [-72.97749141231179, 44.5005227252841], [-72.97750398516655, 44.500518115237355], [-72.97751538455486, 44.50051434338093], [-72.97752753831446, 44.50051090680063], [-72.97754203900695, 44.50050696730614], [-72.9775603953749, 44.5005021058023], [-72.97758135013282, 44.50049674138427], [-72.97760213725269, 44.500491293147206], [-72.97762124799192, 44.500485844910145], [-72.97763868235052, 44.50048022903502], [-72.97765485942364, 44.50047452934086], [-72.97767103649676, 44.50046857818961], [-72.97768830321729, 44.50046254321933], [-72.97770615667105, 44.50045675970614], [-72.97772359102964, 44.500451646745205], [-72.97773909755051, 44.50044745579362], [-72.97775242477655, 44.50044401921332], [-72.97776332125068, 44.50044108554721], [-72.97777371481061, 44.500438487157226], [-72.97778511419892, 44.50043580494821], [-72.97779735177755, 44.500433038920164], [-72.97781126573682, 44.50042976997793], [-72.97782677225769, 44.50042566284537], [-72.97784194350243, 44.500420801341534], [-72.97785501927137, 44.50041711330414], [-72.9778659157455, 44.50041560456157], [-72.97787563875318, 44.500415520742536], [-72.97788427211344, 44.50041610747576], [-72.9778915643692, 44.50041677802801], [-72.97789826989174, 44.5004172809422], [-72.97790388576686, 44.5004172809422], [-72.97790883108974, 44.50041669420898], [-72.97791394405067, 44.500415436923504], [-72.97792023047805, 44.50041342526674], [-72.97792844474316, 44.50041091069579], [-72.97793841920793, 44.50040797702968], [-72.97794981859624, 44.50040487572551], [-72.97796180471778, 44.50040143914521], [-72.97797471284866, 44.50039758346975], [-72.97798921354115, 44.50039330869913], [-72.97800488770008, 44.50038853101432], [-72.97802207060158, 44.50038316659629], [-72.97804118134081, 44.50037746690214], [-72.97806079499424, 44.5003723539412], [-72.9780797380954, 44.500368079170585], [-72.9780969209969, 44.50036405585706], [-72.97811167314649, 44.5003602001816], [-72.9781249165535, 44.50035651214421], [-72.97813757322729, 44.50035274028778], [-72.97815182246268, 44.5003482978791], [-72.9781698435545, 44.500342682003975], [-72.97818920575082, 44.50033756904304], [-72.97820823267102, 44.50033404864371], [-72.97822759486735, 44.50033136643469], [-72.97824720852077, 44.50032826513052], [-72.97826539725065, 44.50032440945506], [-72.97828132286668, 44.500320637598634], [-72.97829657793045, 44.50031694956124], [-72.9783130902797, 44.50031309388578], [-72.97833136282861, 44.50030881911516], [-72.97835022211075, 44.50030446052551], [-72.97836740501225, 44.500300688669086], [-72.97838257625699, 44.50029758736491], [-72.9783979151398, 44.50029440224171], [-72.97841409221292, 44.5002912171185], [-72.97842943109572, 44.50028861872852], [-72.97844409942627, 44.500286439433694], [-72.97846010886133, 44.50028375722468], [-72.97847846522927, 44.50028040446341], [-72.9784975759685, 44.50027696788311], [-72.9785171058029, 44.500273782759905], [-72.97853630036116, 44.50027076527476], [-72.97855365090072, 44.50026674196124], [-72.97856966033578, 44.500261545181274], [-72.97858307138085, 44.50025676749647], [-72.9785945545882, 44.500253247097135], [-72.97860519960523, 44.500250397250056], [-72.97861634753644, 44.50024771504104], [-72.97863042913377, 44.500244446098804], [-72.97864761203527, 44.500240590423346], [-72.97866462729871, 44.50023656710982], [-72.97867921181023, 44.50023346580565], [-72.97869119793177, 44.500231705605984], [-72.97870444133878, 44.500230364501476], [-72.97872154042125, 44.500228855758905], [-72.97874132171273, 44.50022701174021], [-72.97876194119453, 44.50022474862635], [-72.97878197394311, 44.50022231787443], [-72.97880125232041, 44.50022030621767], [-72.97881944105029, 44.50021896511316], [-72.97883645631373, 44.50021829456091], [-72.97885322012007, 44.50021846219897], [-72.97887023538351, 44.50021921657026], [-72.97888725064695, 44.500219970941544], [-72.97890451736748, 44.50022030621767], [-72.97892203554511, 44.500220054760575], [-72.97894005663693, 44.50021980330348], [-72.97895992174745, 44.50021963566542], [-72.9789809603244, 44.50021946802735], [-72.97900124453008, 44.500219132751226], [-72.97901851125062, 44.500218126922846], [-72.9790332634002, 44.500216115266085], [-72.97904826700687, 44.50021343305707], [-72.9790639411658, 44.500210247933865], [-72.97907877713442, 44.500206895172596], [-72.97909210436046, 44.500202955678105], [-72.97910484485328, 44.5001981779933], [-72.97911867499352, 44.50019205920398], [-72.97913393005729, 44.50018476694822], [-72.97914968803525, 44.500177055597305], [-72.97916485927999, 44.500169763341546], [-72.97917801886797, 44.50016347691417], [-72.97918925061822, 44.5001582801342], [-72.97920014709234, 44.50015375390649], [-72.97921171411872, 44.500149227678776], [-72.9792246222496, 44.50014419853687], [-72.97923878766596, 44.500137912109494], [-72.97925370745361, 44.50012986548245], [-72.97926787286997, 44.500121315941215], [-72.97928086481988, 44.50011486187577], [-72.97929310239851, 44.50011134147644], [-72.97930433414876, 44.500109162181616], [-72.97931523062289, 44.50010706670582], [-72.97932554036379, 44.50010505504906], [-72.97933442518115, 44.50010346248746], [-72.97934138216078, 44.50010237284005], [-72.97934666275978, 44.5001011993736], [-72.97935009934008, 44.500099774450064], [-72.97935177572072, 44.5000980142504], [-72.97935286536813, 44.50009583495557], [-72.97935403883457, 44.50009306892753], [-72.97935605049133, 44.50008971616626], [-72.97935923561454, 44.5000858604908], [-72.97936434857547, 44.50008200481534], [-72.97937147319317, 44.50007848441601], [-72.97937985509634, 44.5000752992928], [-72.97939050011337, 44.500071024522185], [-72.97940282151103, 44.50006599538028], [-72.97941430471838, 44.50006138533354], [-72.97942436300218, 44.50005744583905], [-72.97943492420018, 44.5000530872494], [-72.97944691032171, 44.50004772283137], [-72.97945763915777, 44.5000427775085], [-72.9794650990516, 44.500040179118514], [-72.97947071492672, 44.5000393409282], [-72.97947557643056, 44.50003850273788], [-72.97947959974408, 44.50003758072853], [-72.9794838745147, 44.50003615580499], [-72.97948932275176, 44.50003322213888], [-72.97949703410268, 44.500027941539884], [-72.97950809821486, 44.50001981109381], [-72.97952083870769, 44.50000983662903], [-72.97953374683857, 44.499999191612005], [-72.9795462358743, 44.49998854659498], [-72.97955780290067, 44.499978655949235], [-72.97956836409867, 44.499970860779285], [-72.9795769136399, 44.49996583163738], [-72.97958479262888, 44.49996222741902], [-72.97959401272237, 44.49995879083872], [-72.97960524447262, 44.49995501898229], [-72.97961764968932, 44.49995040893555], [-72.9796287138015, 44.499945463612676], [-72.97963935881853, 44.499940099194646], [-72.97965059056878, 44.49993456713855], [-72.9796614870429, 44.49992920272052], [-72.97967221587896, 44.4999235868454], [-72.97968327999115, 44.499917635694146], [-72.97969434410334, 44.499911768361926], [-72.9797050729394, 44.49990623630583], [-72.9797148797661, 44.4999008718878], [-72.97972426749766, 44.49989483691752], [-72.97973340377212, 44.499888299033046], [-72.97974203713238, 44.499881928786635], [-72.9797499999404, 44.49987580999732], [-72.97975762747228, 44.49986960738897], [-72.97976550646126, 44.49986256659031], [-72.97977279871702, 44.499854603782296], [-72.97977833077312, 44.49984664097428], [-72.97978294081986, 44.499839348718524], [-72.97978721559048, 44.499833062291145], [-72.97979065217078, 44.49982677586377], [-72.97979224473238, 44.499820405617356], [-72.97979224473238, 44.49981478974223], [-72.97979232855141, 44.49980825185776], [-72.9797928314656, 44.49980045668781], [-72.9797930829227, 44.499792996793985], [-72.9797928314656, 44.49978603981435], [-72.97979232855141, 44.49977866373956], [-72.97979174181819, 44.499770449474454], [-72.97979132272303, 44.49976257048547], [-72.97979107126594, 44.499755362048745], [-72.97979090362787, 44.4997489079833], [-72.9797909874469, 44.499743124470115], [-72.97979157418013, 44.49973767623305], [-72.97979207709432, 44.49973306618631], [-72.97979199327528, 44.49973004870117], [-72.97979182563722, 44.499727953225374], [-72.97979199327528, 44.49972627684474], [-72.97979274764657, 44.499724600464106], [-72.9797944240272, 44.49972284026444], [-72.97979752533138, 44.49972049333155], [-72.97980196774006, 44.49971764348447], [-72.9798081703484, 44.49971395544708], [-72.97981521114707, 44.49970934540033], [-72.97982141375542, 44.499704986810684], [-72.97982543706894, 44.499701634049416], [-72.97982803545892, 44.49969844892621], [-72.97983080148697, 44.49969459325075], [-72.97983423806727, 44.499690402299166], [-72.97983742319047, 44.49968663044274], [-72.9798398539424, 44.49968386441469], [-72.97984136268497, 44.4996817689389], [-72.97984178178012, 44.49967950582504], [-72.979841446504, 44.499676739796996], [-72.97984044067562, 44.49967347085476], [-72.97983868047595, 44.49967003427446], [-72.97983658500016, 44.49966634623706], [-72.9798345733434, 44.49966240674257], [-72.9798327293247, 44.49965821579099], [-72.9798311367631, 44.49965385720134], [-72.9798292927444, 44.49965000152588], [-72.97982702963054, 44.49964597821236], [-72.9798240121454, 44.49964111670852], [-72.97982049174607, 44.49963575229049], [-72.97981722280383, 44.49963047169149], [-72.97981495968997, 44.49962460435927], [-72.97981378622353, 44.49961789883673], [-72.97981387004256, 44.499611277133226], [-72.97981462441385, 44.49960448779166], [-72.97981546260417, 44.4995969440788], [-72.97981613315642, 44.49958839453757], [-72.97981630079448, 44.49957984499633], [-72.97981655225158, 44.499571211636066], [-72.97981730662286, 44.49956157244742], [-72.97981864772737, 44.49955151416361], [-72.97982099466026, 44.49954120442271], [-72.97982325777411, 44.49952997267246], [-72.97982417978346, 44.4995176512748], [-72.97982309013605, 44.49950541369617], [-72.97982065938413, 44.49949434958398], [-72.97981856390834, 44.499484626576304], [-72.97981772571802, 44.499475406482816], [-72.97981856390834, 44.49946576729417], [-72.97982099466026, 44.49945545755327], [-72.97982510179281, 44.49944447726011], [-72.97983071766794, 44.49943349696696], [-72.97983700409532, 44.49942377395928], [-72.97984287142754, 44.49941606260836], [-72.97984840348363, 44.499409860000014], [-72.97985351644456, 44.499404579401016], [-72.97985787503421, 44.49940038844943], [-72.97986223362386, 44.49939644895494], [-72.97986810095608, 44.49939200654626], [-72.9798760637641, 44.49938722886145], [-72.979886373505, 44.499382534995675], [-72.97989919781685, 44.49937826022506], [-72.9799120221287, 44.499374739825726], [-72.97992216423154, 44.499371722340584], [-72.9799307975918, 44.49936870485544], [-72.9799397662282, 44.499365435913205], [-72.97994923777878, 44.49936191551387], [-72.97995963133872, 44.49935831129551], [-72.97997111454606, 44.49935453943908], [-72.97998351976275, 44.49935051612556], [-72.97999693080783, 44.49934624135494], [-72.98000983893871, 44.49934213422239], [-72.98002132214606, 44.499338530004025], [-72.98003297299147, 44.4993347581476], [-72.98004554584622, 44.499330315738916], [-72.98005778342485, 44.49932570569217], [-72.98006968572736, 44.49932117946446], [-72.98008292913437, 44.49931615032256], [-72.98009742982686, 44.49931086972356], [-72.98011067323387, 44.499306762591004], [-72.9801213182509, 44.499304415658116], [-72.98013146035373, 44.49930315837264], [-72.98014302738011, 44.49930257163942], [-72.98015526495874, 44.49930215254426], [-72.9801673348993, 44.49930164963007], [-72.98018057830632, 44.49930106289685], [-72.98019541427493, 44.499300476163626], [-72.98021008260548, 44.49930005706847], [-72.9802228230983, 44.49929930269718], [-72.98023254610598, 44.49929779395461], [-72.98023891635239, 44.499296033754945], [-72.9802434425801, 44.49929444119334], [-72.98024922609329, 44.499293100088835], [-72.98025727272034, 44.49929234571755], [-72.98026657663286, 44.499292178079486], [-72.98027512617409, 44.49929234571755], [-72.9802833404392, 44.499293100088835], [-72.98029281198978, 44.49929444119334], [-72.98030295409262, 44.49929662048817], [-72.98031359910965, 44.499299470335245], [-72.9803264234215, 44.499302906915545], [-72.98034209758043, 44.49930659495294], [-72.9803591966629, 44.49930944480002], [-72.9803750384599, 44.49931137263775], [-72.98038828186691, 44.49931330047548], [-72.9804004356265, 44.499316066503525], [-72.98041342757642, 44.49932017363608], [-72.98042809590697, 44.49932553805411], [-72.98044351860881, 44.49933157302439], [-72.98045818693936, 44.499337607994676], [-72.98047025687993, 44.49934314005077], [-72.9804799798876, 44.49934716336429], [-72.98049012199044, 44.49934992939234], [-72.9805026948452, 44.49935236014426], [-72.98051727935672, 44.49935487471521], [-72.9805322829634, 44.499357054010034], [-72.98054644837976, 44.49935847893357], [-72.98055918887258, 44.49935914948583], [-72.9805714264512, 44.499359568580985], [-72.98058332875371, 44.49935965240002], [-72.98059330321848, 44.49935948476195], [-72.98060026019812, 44.49935898184776], [-72.98060436733067, 44.49935831129551], [-72.9806065466255, 44.499357640743256], [-72.98060755245388, 44.499357137829065], [-72.98060855828226, 44.49935671873391], [-72.98060939647257, 44.49935638345778], [-72.9806097317487, 44.49935621581972], [-72.98061015084386, 44.499356132000685], [-72.98061090521514, 44.49935596436262], [-72.98061207868159, 44.49935588054359], [-72.98061409033835, 44.49935554526746], [-72.98061643727124, 44.49935495853424], [-72.9806187003851, 44.4993537850678], [-72.98062146641314, 44.49935244396329], [-72.98062498681247, 44.49935143813491], [-72.98062842339277, 44.49935101903975], [-72.98063051886857, 44.49935093522072], [-72.9806319437921, 44.49935068376362], [-72.98063328489661, 44.499350348487496], [-72.98063512891531, 44.499349845573306], [-72.98063831403852, 44.499349258840084], [-72.9806427564472, 44.499348336830735], [-72.98064745031297, 44.49934716336429], [-72.98065172508359, 44.49934607371688], [-72.98065566457808, 44.49934523552656], [-72.98065935261548, 44.49934456497431], [-72.98066262155771, 44.49934414587915], [-72.98066538758576, 44.499343894422054], [-72.98066714778543, 44.49934372678399], [-72.98066823743284, 44.49934355914593], [-72.98066907562315, 44.49934314005077], [-72.98066974617541, 44.499342469498515], [-72.98067041672766, 44.499341547489166], [-72.98067075200379, 44.499340541660786], [-72.98067041672766, 44.49933945201337], [-72.98066966235638, 44.49933827854693], [-72.98066882416606, 44.49933718889952], [-72.98066723160446, 44.49933618307114], [-72.98066454939544, 44.499335596337914], [-72.98066077753901, 44.49933542869985], [-72.9806565027684, 44.4993347581476], [-72.98065222799778, 44.499333165585995], [-72.98064828850329, 44.49933115392923], [-72.98064501956105, 44.49932897463441], [-72.9806425049901, 44.499326795339584], [-72.9806406609714, 44.49932453222573], [-72.98063940368593, 44.49932176619768], [-72.98063856549561, 44.49931832961738], [-72.98063806258142, 44.49931422248483], [-72.9806377273053, 44.49930952861905], [-72.98063739202917, 44.499304415658116], [-72.9806372243911, 44.49929913505912], [-72.9806372243911, 44.49929377064109], [-72.98063764348626, 44.49928840622306], [-72.98063848167658, 44.49928304180503], [-72.98063973896205, 44.499277677387], [-72.98064133152366, 44.499272564426064], [-72.98064342699945, 44.499267200008035], [-72.9806456901133, 44.49926158413291], [-72.9806480370462, 44.49925588443875], [-72.98065046779811, 44.49925001710653], [-72.9806530661881, 44.499243814498186], [-72.98065616749227, 44.49923719279468], [-72.98065943643451, 44.49923040345311], [-72.98066295683384, 44.49922344647348], [-72.98066672869027, 44.499216405674815], [-72.98067066818476, 44.499209532514215], [-72.98067477531731, 44.49920257553458], [-72.98067888244987, 44.49919612146914], [-72.98068315722048, 44.49919025413692], [-72.98068751581013, 44.49918497353792], [-72.98069162294269, 44.49918061494827], [-72.98069556243718, 44.49917742982507], [-72.9806993342936, 44.49917499907315], [-72.980703022331, 44.499172903597355], [-72.9807064589113, 44.49917080812156], [-72.98070947639644, 44.49916787445545], [-72.98071224242449, 44.49916393496096], [-72.98071458935738, 44.49915898963809], [-72.98071643337607, 44.4991532061249], [-72.98071760684252, 44.49914666824043], [-72.98071819357574, 44.49913937598467], [-72.98071802593768, 44.499131329357624], [-72.98071727156639, 44.49912345036864], [-72.98071593046188, 44.49911599047482], [-72.98071442171931, 44.49910920113325], [-72.98071291297674, 44.49910341762006], [-72.98071132041514, 44.49909855611622], [-72.98070947639644, 44.499094784259796], [-72.98070746473968, 44.49909218586981], [-72.98070511780679, 44.499090844765306], [-72.98070109449327, 44.49909000657499], [-72.98069329932332, 44.499088833108544], [-72.98068248666823, 44.499086905270815], [-72.9806702490896, 44.49908372014761], [-72.9806583467871, 44.49907969683409], [-72.98064661212265, 44.49907525442541], [-72.98063294962049, 44.49906989000738], [-72.98061710782349, 44.49906360358], [-72.98060143366456, 44.49905723333359], [-72.98058617860079, 44.49905086308718], [-72.98057025298476, 44.49904415756464], [-72.98055617138743, 44.499038541689515], [-72.98054368235171, 44.49903435073793], [-72.98053102567792, 44.49903099797666], [-72.98051794990897, 44.49902814812958], [-72.98050311394036, 44.49902513064444], [-72.9804857634008, 44.499021861702204], [-72.98046682029963, 44.49901834130287], [-72.9804472066462, 44.499015072360635], [-72.980428179726, 44.499011635780334], [-72.98041191883385, 44.499008702114224], [-72.98039901070297, 44.49900694191456], [-72.98038777895272, 44.49900660663843], [-72.98037554137409, 44.499007696285844], [-72.98036171123385, 44.49901037849486], [-72.980348886922, 44.49901431798935], [-72.98033933155239, 44.499019011855125], [-72.98033304512501, 44.499023873358965], [-72.98032726161182, 44.499029237776995], [-72.98032055608928, 44.49903527274728], [-72.98031368292868, 44.49904130771756], [-72.98030639067292, 44.49904725886881], [-72.98029792495072, 44.49905354529619], [-72.98028786666691, 44.49905941262841], [-72.98027613200247, 44.499063938856125], [-72.98026448115706, 44.49906729161739], [-72.98025467433035, 44.4990702252835], [-72.9802450351417, 44.49907341040671], [-72.98023430630565, 44.49907684698701], [-72.98022349365056, 44.49907994829118], [-72.9802122619003, 44.49908221140504], [-72.98019985668361, 44.49908372014761], [-72.98018879257143, 44.49908472597599], [-72.98018066212535, 44.499085983261466], [-72.9801742080599, 44.49908732436597], [-72.98016926273704, 44.49908858165145], [-72.98016557469964, 44.49908967129886], [-72.98016238957644, 44.499090844765306], [-72.98015928827226, 44.49909218586981], [-72.98015618696809, 44.49909361079335], [-72.98015291802585, 44.49909545481205], [-72.98014897853136, 44.499097634106874], [-72.98014461994171, 44.49910023249686], [-72.98014084808528, 44.49910274706781], [-72.9801379982382, 44.499105010181665], [-72.98013598658144, 44.49910685420036], [-72.98013422638178, 44.499108362942934], [-72.98013229854405, 44.499109368771315], [-72.98012986779213, 44.4991101231426], [-72.98012735322118, 44.499110877513885], [-72.98012500628829, 44.499111883342266], [-72.98012332990766, 44.49911314062774], [-72.98012215644121, 44.49911456555128], [-72.98012089915574, 44.499116158112884], [-72.98011930659413, 44.49911791831255], [-72.98011721111834, 44.49911976233125], [-72.98011511564255, 44.49912152253091], [-72.98011369071901, 44.49912286363542], [-72.98011285252869, 44.49912395328283], [-72.9801120981574, 44.499125042930245], [-72.98011134378612, 44.49912630021572], [-72.98011033795774, 44.49912780895829], [-72.98010882921517, 44.49912982061505], [-72.98010631464422, 44.49913250282407], [-72.9801020398736, 44.49913635849953], [-72.98009625636041, 44.49914122000337], [-72.98009022139013, 44.499146500602365], [-72.9800851084292, 44.4991516135633], [-72.98008175566792, 44.49915588833392], [-72.98007831908762, 44.49915982782841], [-72.98007345758379, 44.49916393496096], [-72.98006935045123, 44.49916737154126], [-72.98006775788963, 44.499169550836086], [-72.9800674226135, 44.49917105957866], [-72.98006633296609, 44.49917265214026], [-72.98006474040449, 44.49917474761605], [-72.98006381839514, 44.49917701072991], [-72.98006306402385, 44.49917994439602], [-72.98006197437644, 44.499183716252446], [-72.98006013035774, 44.499188493937254], [-72.98005702905357, 44.49919419363141], [-72.98005250282586, 44.499200312420726], [-72.9800465516746, 44.49920693412423], [-72.98003884032369, 44.49921405874193], [-72.98003079369664, 44.499221350997686], [-72.98002450726926, 44.49922797270119], [-72.98001998104155, 44.49923526495695], [-72.98001646064222, 44.49924347922206], [-72.98001319169998, 44.49924984946847], [-72.98000967130065, 44.499253956601024], [-72.98000480979681, 44.49925806373358], [-72.97999894246459, 44.49926242232323], [-72.97999391332269, 44.49926602654159], [-72.97999014146626, 44.49926904402673], [-72.9799865372479, 44.49927197769284], [-72.97998209483922, 44.49927491135895], [-72.97997656278312, 44.499278515577316], [-72.97997002489865, 44.49928354471922], [-72.97996290028095, 44.499289663508534], [-72.97995653003454, 44.49929662048817], [-72.97995183616877, 44.49930424802005], [-72.97994915395975, 44.49931195937097], [-72.9799484834075, 44.49931925162673], [-72.97994974069297, 44.49932704679668], [-72.97995233908296, 44.49933584779501], [-72.97995476983488, 44.49934515170753], [-72.97995577566326, 44.49935453943908], [-72.97995552420616, 44.499364430084825], [-72.97995426692069, 44.49937381781638], [-72.97995259054005, 44.49937993660569], [-72.97995099797845, 44.49938236735761], [-72.97994940541685, 44.49938370846212], [-72.97994772903621, 44.4993863068521], [-72.97994605265558, 44.49939141981304], [-72.97994395717978, 44.49939946644008], [-72.97994119115174, 44.4994090218097], [-72.97993758693337, 44.499418744817376], [-72.97993356361985, 44.499428467825055], [-72.97992954030633, 44.499438693746924], [-72.97992568463087, 44.499448919668794], [-72.9799220804125, 44.4994589779526], [-72.97991872765124, 44.49946970678866], [-72.97991612926126, 44.499480770900846], [-72.97991495579481, 44.499490493908525], [-72.97991445288062, 44.49949921108782], [-72.97991394996643, 44.49950826354325], [-72.97991327941418, 44.49951857328415], [-72.97991260886192, 44.499529134482145], [-72.9799117706716, 44.499538354575634], [-72.97991093248129, 44.49954682029784], [-72.97991009429097, 44.49955612421036], [-72.97990925610065, 44.49956609867513], [-72.97990841791034, 44.49957573786378], [-72.97990791499615, 44.49958512559533], [-72.97990791499615, 44.499595100060105], [-72.97990875318646, 44.499605409801006], [-72.97991017811, 44.49961479753256], [-72.9799117706716, 44.49962276034057], [-72.97991353087127, 44.49963047169149], [-72.97991562634706, 44.49963776394725], [-72.97991772182286, 44.49964430183172], [-72.97991881147027, 44.49965016916394], [-72.9799188952893, 44.49965645559132], [-72.97991872765124, 44.499662490561604], [-72.97991856001318, 44.499667854979634], [-72.97991780564189, 44.49967355467379], [-72.97991671599448, 44.4996799249202], [-72.9799157101661, 44.499685959890485], [-72.97991478815675, 44.49969174340367], [-72.97991353087127, 44.49969811365008], [-72.9799120221287, 44.49970490299165], [-72.97991126775742, 44.49971177615225], [-72.97991034574807, 44.49972007423639], [-72.97990900464356, 44.49972962960601], [-72.97990925610065, 44.49973742477596], [-72.9799120221287, 44.49974237009883], [-72.97991713508964, 44.49974538758397], [-72.97992501407862, 44.4997473154217], [-72.97993440181017, 44.499747985973954], [-72.9799450468272, 44.499747985973954], [-72.97995585948229, 44.499747985973954], [-72.97996642068028, 44.4997473154217], [-72.97997840680182, 44.49974580667913], [-72.97999165020883, 44.49974471703172], [-72.98000430688262, 44.499744130298495], [-72.98001528717577, 44.49974354356527], [-72.98002501018345, 44.49974304065108], [-72.98003515228629, 44.49974345974624], [-72.98004638403654, 44.49974438175559], [-72.98005853779614, 44.49974521994591], [-72.98007069155574, 44.4997457228601], [-72.98008209094405, 44.49974614195526], [-72.98009466379881, 44.49974664486945], [-72.98010933212936, 44.49974739924073], [-72.98012584447861, 44.49974840506911], [-72.98014369793236, 44.49974882416427], [-72.98016088083386, 44.49974840506911], [-72.98017613589764, 44.49974714778364], [-72.98018963076174, 44.499745639041066], [-72.98020237125456, 44.499744549393654], [-72.98021561466157, 44.49974396266043], [-72.98023028299212, 44.49974379502237], [-72.98024662770331, 44.499744130298495], [-72.98026364296675, 44.499744633212686], [-72.98027931712568, 44.499745136126876], [-72.98029314726591, 44.4997457228601], [-72.98030588775873, 44.49974639341235], [-72.98031787388027, 44.4997473154217], [-72.98032935708761, 44.49974823743105], [-72.98034100793302, 44.49974907562137], [-72.98035349696875, 44.49974957853556], [-72.98036808148026, 44.499749913811684], [-72.98038610257208, 44.49975058436394], [-72.98040504567325, 44.49975133873522], [-72.98042214475572, 44.499751925468445], [-72.98043664544821, 44.49975226074457], [-72.98044938594103, 44.49975276365876], [-72.98046011477709, 44.49975427240133], [-72.9804701730609, 44.49975695461035], [-72.98048224300146, 44.49975963681936], [-72.98049649223685, 44.499761229380965], [-72.98051099292934, 44.499762151390314], [-72.98052390106022, 44.49976257048547], [-72.98053580336273, 44.49976307339966], [-72.98054938204587, 44.499764665961266], [-72.98056497238576, 44.49976692907512], [-72.98058022744954, 44.499768521636724], [-72.98059464432299, 44.49976944364607], [-72.98060763627291, 44.499770030379295], [-72.9806187003851, 44.49977128766477], [-72.98062859103084, 44.499773886054754], [-72.98063856549561, 44.4997784961015], [-72.980647534132, 44.49978486634791], [-72.98065390437841, 44.499791488051414], [-72.98065725713968, 44.49979819357395], [-72.98065734095871, 44.49980607256293], [-72.98065423965454, 44.49981478974223], [-72.9806493781507, 44.49982350692153], [-72.98064418137074, 44.49983180500567], [-72.98063957132399, 44.499839935451746], [-72.98063504509628, 44.499847730621696], [-72.98062993213534, 44.499855022877455], [-72.98062423244119, 44.499862398952246], [-72.98061895184219, 44.499869691208005], [-72.98061492852867, 44.49987580999732], [-72.98061207868159, 44.499880922958255], [-72.98061006702483, 44.499885365366936], [-72.98060906119645, 44.49988913722336], [-72.98060872592032, 44.49989274144173], [-72.98060889355838, 44.49989642947912], [-72.98060906119645, 44.49990078806877], [-72.98060914501548, 44.49990497902036], [-72.98060939647257, 44.49990808032453], [-72.98060981556773, 44.49991000816226], [-72.98061006702483, 44.499911265447736], [-72.98061015084386, 44.49991201981902], [-72.98061040230095, 44.499912690371275], [-72.98061090521514, 44.49991310946643], [-72.98061207868159, 44.4999132771045], [-72.98061375506222, 44.499913193285465], [-72.98061618581414, 44.49991277419031], [-72.98061945475638, 44.499911768361926], [-72.98062440007925, 44.49990967288613], [-72.9806321952492, 44.49990665540099], [-72.98064032569528, 44.49990330263972], [-72.98064644448459, 44.49990020133555], [-72.98065298236907, 44.49989693239331], [-72.98066077753901, 44.49989282526076], [-72.980668656528, 44.499888299033046], [-72.98067586496472, 44.49988419190049], [-72.98068198375404, 44.49988109059632], [-72.98068793490529, 44.49987874366343], [-72.98069413751364, 44.499876480549574], [-72.98069966956973, 44.49987430125475], [-72.98070478253067, 44.49987245723605], [-72.98070956021547, 44.499870613217354], [-72.980713583529, 44.49986885301769], [-72.98071752302349, 44.49986709281802], [-72.98072112724185, 44.49986541643739], [-72.98072414472699, 44.499863823875785], [-72.98072758130729, 44.49986206367612], [-72.9807323589921, 44.49986030347645], [-72.98073805868626, 44.49985871091485], [-72.98074509948492, 44.49985711835325], [-72.98075339756906, 44.499854519963264], [-72.98076245002449, 44.49985099956393], [-72.98077150247991, 44.49984706006944], [-72.98078030347824, 44.49984303675592], [-72.98078927211463, 44.49983918108046], [-72.98079824075103, 44.49983582831919], [-72.98080712556839, 44.49983322992921], [-72.98081525601447, 44.49983172118664], [-72.98082254827023, 44.49983121827245], [-72.98082950524986, 44.499831050634384], [-72.9808357078582, 44.499831050634384], [-72.98084165900946, 44.49983121827245], [-72.98084744252264, 44.49983172118664], [-72.98085196875036, 44.49983230791986], [-72.98085548914969, 44.49983272701502], [-72.98085791990161, 44.499833062291145], [-72.98085926100612, 44.49983331374824], [-72.98086009919643, 44.49983364902437], [-72.98086060211062, 44.49983390048146], [-72.98086093738675, 44.499834068119526], [-72.98086118884385, 44.49983431957662], [-72.98086152411997, 44.499834487214684], [-72.98086194321513, 44.49983465485275], [-72.98086244612932, 44.49983490630984], [-72.98086311668158, 44.49983515776694], [-72.98086387105286, 44.4998355768621], [-72.98086462542415, 44.499835995957255], [-72.9808652959764, 44.49983666650951], [-72.98086596652865, 44.499837504699826], [-72.98086663708091, 44.49983851052821], [-72.98086747527122, 44.49983960017562], [-72.98086839728057, 44.49984068982303], [-72.98086965456605, 44.49984169565141], [-72.98087158240378, 44.49984270147979], [-72.9808740131557, 44.49984370730817], [-72.98087644390762, 44.499844796955585], [-72.98087862320244, 44.499845802783966], [-72.98088071867824, 44.49984680861235], [-72.98088289797306, 44.49984806589782], [-72.98088558018208, 44.49984957464039], [-72.98088851384819, 44.49985150247812], [-72.98089186660945, 44.49985384941101], [-72.98089555464685, 44.49985628016293], [-72.98089907504618, 44.49985854327679], [-72.98090226016939, 44.49986055493355], [-72.98090511001647, 44.49986265040934], [-72.98090754076838, 44.49986449442804], [-72.98090904951096, 44.49986550025642], [-72.9809102229774, 44.49986608698964], [-72.980911815539, 44.499866757541895], [-72.9809139110148, 44.49986751191318], [-72.98091617412865, 44.4998683501035], [-72.98091877251863, 44.499869188293815], [-72.98092187382281, 44.49987002648413], [-72.98092489130795, 44.499870697036386], [-72.98092748969793, 44.49987128376961], [-72.98092966899276, 44.4998717866838], [-72.98093117773533, 44.49987228959799], [-72.98093159683049, 44.499873043969274], [-72.98093159683049, 44.49987430125475], [-72.98093201592565, 44.49987631291151], [-72.98093327321112, 44.49987966567278], [-72.98093553632498, 44.49988419190049], [-72.98093838617206, 44.4998889695853], [-72.98094182275236, 44.499893663451076], [-72.98094517551363, 44.49989869259298], [-72.98094760626554, 44.49990422464907], [-72.98094936646521, 44.49991151690483], [-72.9809496179223, 44.499919898808], [-72.98094785772264, 44.49992668814957], [-72.98094517551363, 44.49993163347244], [-72.98094266094267, 44.499935656785965], [-72.98094106838107, 44.4999389257282], [-72.98094056546688, 44.499941524118185], [-72.98094098456204, 44.49994361959398], [-72.98094190657139, 44.499945463612676], [-72.9809429962188, 44.499947391450405], [-72.98094383440912, 44.49994957074523], [-72.98094433732331, 44.49995166622102], [-72.9809445887804, 44.49995317496359], [-72.98094442114234, 44.499954264611006], [-72.98094416968524, 44.49995493516326], [-72.98094408586621, 44.499955186620355], [-72.98094366677105, 44.49995552189648], [-72.9809432476759, 44.49995594099164], [-72.98094282858074, 44.49995627626777], [-72.98094224184752, 44.499956611543894], [-72.98094123601913, 44.49995694682002], [-72.98094006255269, 44.499957198277116], [-72.98093914054334, 44.49995744973421], [-72.98093872144818, 44.499957198277116], [-72.98093872144818, 44.49995602481067], [-72.98093905672431, 44.499954683706164], [-72.98093897290528, 44.49995359405875], [-72.9809377156198, 44.49995242059231], [-72.98093562014401, 44.49995099566877], [-72.98093327321112, 44.4999492354691], [-72.9809310939163, 44.49994697235525], [-72.98092824406922, 44.4999442063272], [-72.98092363402247, 44.49994219467044], [-72.98091701231897, 44.49994269758463], [-72.98090955242515, 44.49994571506977], [-72.98090234398842, 44.49995040893555], [-72.98089496791363, 44.499956192448735], [-72.98088792711496, 44.499962478876114], [-72.98088239505887, 44.499968346208334], [-72.98087812028825, 44.49997362680733], [-72.98087359406054, 44.49997873976827], [-72.98086705617607, 44.49998435564339], [-72.9808600153774, 44.49998997151852], [-72.98085406422615, 44.49999541975558], [-72.9808478616178, 44.50000095181167], [-72.98084015026689, 44.500006567686796], [-72.98083210363984, 44.50001176446676], [-72.9808256495744, 44.50001620687544], [-72.98082045279443, 44.500019727274776], [-72.9808155912906, 44.50002232566476], [-72.98081156797707, 44.5000237505883], [-72.98080913722515, 44.50002425350249], [-72.98080838285387, 44.500024169683456], [-72.98080888576806, 44.5000237505883], [-72.98080997541547, 44.50002324767411], [-72.98081140033901, 44.50002274475992], [-72.98081316053867, 44.50002224184573], [-72.98081483691931, 44.50002173893154], [-72.98081642948091, 44.50002140365541], [-72.98081777058542, 44.50002106837928], [-72.98081894405186, 44.50002090074122], [-72.9808201175183, 44.500020733103156], [-72.98082137480378, 44.50002048164606], [-72.98082279972732, 44.500020146369934], [-72.98082447610795, 44.50001981109381], [-72.98082632012665, 44.50001939199865], [-72.98082833178341, 44.50001888908446], [-72.98083009198308, 44.50001863762736], [-72.98083076253533, 44.50001888908446], [-72.98082992434502, 44.500020314008], [-72.98082774505019, 44.500023080036044], [-72.98082556575537, 44.500025007873774], [-72.98082422465086, 44.500024169683456], [-72.9808240570128, 44.500022158026695], [-72.98082447610795, 44.50002039782703], [-72.98082514666021, 44.50001888908446], [-72.9808256495744, 44.50001704506576], [-72.98082606866956, 44.50001461431384], [-72.98082615248859, 44.500011429190636], [-72.98082632012665, 44.50000757351518], [-72.98082682304084, 44.5000028796494], [-72.98082849942148, 44.499997263774276], [-72.98083193600178, 44.499990893527865], [-72.98083688132465, 44.499984020367265], [-72.98084216192365, 44.499977231025696], [-72.98084727488458, 44.49997069314122], [-72.9808515496552, 44.49996465817094], [-72.9808549862355, 44.499959545210004], [-72.98085892572999, 44.499954683706164], [-72.9808650445193, 44.499948816373944], [-72.98087392933667, 44.49994169175625], [-72.98088373616338, 44.49993347749114], [-72.98089228570461, 44.499925430864096], [-72.9808996617794, 44.49991872534156], [-72.9809081275016, 44.49991352856159], [-72.98091935925186, 44.49991000816226], [-72.98093209974468, 44.49990891851485], [-72.98094408586621, 44.49991042725742], [-72.98095414415002, 44.4999132771045], [-72.98096210695803, 44.49991570785642], [-72.98096830956638, 44.49991746805608], [-72.98097283579409, 44.49991931207478], [-72.98097593709826, 44.499921910464764], [-72.98097828403115, 44.499925430864096], [-72.98097996041179, 44.49992962181568], [-72.9809813015163, 44.499934231862426], [-72.9809828940779, 44.499939093366265], [-72.98098482191563, 44.49994403868914], [-72.98098683357239, 44.49994864873588], [-72.98098892904818, 44.49995283968747], [-72.98099094070494, 44.49995644390583], [-72.98099286854267, 44.49995937757194], [-72.98099462874234, 44.49996189214289], [-72.98099630512297, 44.49996381998062], [-72.98099773004651, 44.499965412542224], [-72.98099898733199, 44.49996683746576], [-72.98100016079843, 44.499968346208334], [-72.9810014180839, 44.49997002258897], [-72.98100267536938, 44.499971866607666], [-72.98100393265486, 44.49997396208346], [-72.9810048546642, 44.49997597374022], [-72.9810051061213, 44.499977650120854], [-72.98100477084517, 44.499978655949235], [-72.98100401647389, 44.49997873976827], [-72.98100200481713, 44.49997840449214], [-72.9809979815036, 44.49997840449214], [-72.98099194653332, 44.499980080872774], [-72.98098549246788, 44.49998343363404], [-72.98098121769726, 44.499986534938216], [-72.98097861930728, 44.4999891333282], [-72.98097593709826, 44.499991899356246], [-72.98097182996571, 44.499995252117515], [-72.98096613027155, 44.499998269602656], [-72.9809599276632, 44.499999694526196], [-72.98095414415002, 44.49999994598329], [-72.98094928264618, 44.4999994430691], [-72.98094592988491, 44.499998688697815], [-72.98094408586621, 44.4999978505075], [-72.98094316385686, 44.49999692849815], [-72.9809427447617, 44.49999583885074], [-72.98094232566655, 44.49999458156526], [-72.98094199039042, 44.49999307282269], [-72.98094157129526, 44.499991312623024], [-72.98094106838107, 44.499989384785295], [-72.98094048164785, 44.499987456947565], [-72.98093997873366, 44.4999856967479], [-72.98093939200044, 44.49998393654823], [-72.98093888908625, 44.49998242780566], [-72.98093838617206, 44.49998100288212], [-72.98093779943883, 44.49997974559665], [-72.98093704506755, 44.499978655949235], [-72.98093603923917, 44.499977650120854], [-72.98093478195369, 44.49997647665441], [-72.98093344084918, 44.4999751355499], [-72.98093218356371, 44.49997337535024], [-72.98093134537339, 44.49997094459832], [-72.98093151301146, 44.499968346208334], [-72.98093251883984, 44.499966921284795], [-72.98093377612531, 44.49996683746576], [-72.98093520104885, 44.49996734037995], [-72.98093687742949, 44.4999682623893], [-72.98093897290528, 44.49996951967478], [-72.98094148747623, 44.49997069314122], [-72.98094391822815, 44.49997203424573], [-72.98094601370394, 44.49997337535024], [-72.98094777390361, 44.49997446499765], [-72.98094911500812, 44.49997496791184], [-72.98094995319843, 44.499975387007], [-72.98095045611262, 44.49997605755925], [-72.98095121048391, 44.49997647665441], [-72.98095230013132, 44.49997681193054], [-72.98095288686454, 44.49997798539698], [-72.98095297068357, 44.49997982941568], [-72.9809533059597, 44.49998133815825], [-72.98095406033099, 44.49998234398663], [-72.9809554014355, 44.49998318217695], [-72.98095665872097, 44.499984523281455], [-72.98095716163516, 44.49998628348112], [-72.98095716163516, 44.49998770840466], [-72.98095657490194, 44.49998854659498], [-72.98095473088324, 44.49998821131885], [-72.980951461941, 44.49998762458563], [-72.98094743862748, 44.49998812749982], [-72.98094266094267, 44.4999891333282], [-72.98093662597239, 44.49998980388045], [-72.9809308424592, 44.49999064207077], [-72.98092589713633, 44.499992402270436], [-72.98091927543283, 44.499994330108166], [-72.98091055825353, 44.499996257945895], [-72.98090083524585, 44.49999877251685], [-72.98089019022882, 44.500002125278115], [-72.98087954521179, 44.500006064772606], [-72.98087099567056, 44.500010423362255], [-72.98086420632899, 44.500015033409], [-72.98085708171129, 44.50001989491284], [-72.98084953799844, 44.50002525933087], [-72.98084350302815, 44.500030959025025], [-72.98083973117173, 44.50003623962402], [-72.98083746805787, 44.500040765851736], [-72.98083629459143, 44.5000443700701], [-72.98083545640111, 44.50004688464105], [-72.98083453439176, 44.500048561021686], [-72.98083352856338, 44.5000496506691], [-72.98083193600178, 44.500050907954574], [-72.98083034344018, 44.500052500516176], [-72.98082984052598, 44.50005426071584], [-72.98083017580211, 44.50005644001067], [-72.98083084635437, 44.50005920603871], [-72.98083193600178, 44.50006197206676], [-72.98083344474435, 44.500064151361585], [-72.98083512112498, 44.500065576285124], [-72.98083654604852, 44.500066665932536], [-72.98083713278174, 44.50006792321801], [-72.98083604313433, 44.500069515779614], [-72.98083344474435, 44.5000702701509], [-72.98083059489727, 44.50006985105574], [-72.9808290861547, 44.50006934814155], [-72.98082866705954, 44.50006876140833], [-72.98082849942148, 44.5000684261322], [-72.98082849942148, 44.5000684261322], [-72.98082858324051, 44.500068593770266], [-72.98082816414535, 44.50006892904639], [-72.98082682304084, 44.50006943196058], [-72.98082497902215, 44.50007043778896], [-72.98082279972732, 44.5000718627125], [-72.98081994988024, 44.500073958188295], [-72.98081601038575, 44.50007664039731], [-72.98081140033901, 44.50008016079664], [-72.98080704174936, 44.50008384883404], [-72.98080310225487, 44.5000874530524], [-72.98079899512231, 44.500091476365924], [-72.98079497180879, 44.50009600259364], [-72.9807910323143, 44.50010103173554], [-72.98078709281981, 44.50010589323938], [-72.98078281804919, 44.500110587105155], [-72.98077762126923, 44.50011528097093], [-72.98077158629894, 44.500119891017675], [-72.98076496459544, 44.50012416578829], [-72.98075767233968, 44.500128189101815], [-72.9807497933507, 44.50013179332018], [-72.9807408247143, 44.50013531371951], [-72.98073152080178, 44.500138917937875], [-72.98072422854602, 44.5001426897943], [-72.98071936704218, 44.50014688074589], [-72.98071375116706, 44.500152161344886], [-72.98070553690195, 44.50015819631517], [-72.98069740645587, 44.50016314163804], [-72.9806911200285, 44.50016607530415], [-72.98068491742015, 44.50016900897026], [-72.98067787662148, 44.50017303228378], [-72.98067083582282, 44.500177474692464], [-72.9806636273861, 44.50018250383437], [-72.98065608367324, 44.50018853880465], [-72.98064895905554, 44.500194657593966], [-72.980642253533, 44.5001997705549], [-72.98063521273434, 44.50020454823971], [-72.98062699846923, 44.50021049939096], [-72.98061761073768, 44.50021770782769], [-72.98060839064419, 44.50022357515991], [-72.9805996734649, 44.50022776611149], [-72.9805891122669, 44.500232208520174], [-72.98057612031698, 44.50023732148111], [-72.9805616196245, 44.50024235062301], [-72.98054544255137, 44.5002462901175], [-72.98052926547825, 44.50024846941233], [-72.98051401041448, 44.500248888507485], [-72.98049984499812, 44.5002481341362], [-72.98048618249595, 44.50024662539363], [-72.98047159798443, 44.500244446098804], [-72.98045542091131, 44.50024193152785], [-72.98043983057141, 44.5002394169569], [-72.9804263357073, 44.50023690238595], [-72.98041409812868, 44.50023396871984], [-72.98040177673101, 44.50023061595857], [-72.98038937151432, 44.50022717937827], [-72.98037939704955, 44.500223826617], [-72.98037235625088, 44.50021988712251], [-72.98036590218544, 44.50021586380899], [-72.98035852611065, 44.50021259486675], [-72.98034938983619, 44.50021049939096], [-72.98033958300948, 44.50020949356258], [-72.9803301114589, 44.50020949356258], [-72.9803195502609, 44.50021016411483], [-72.98030882142484, 44.500211672857404], [-72.98029901459813, 44.50021401979029], [-72.9802888724953, 44.50021770782769], [-72.98027772456408, 44.50022265315056], [-72.9802677500993, 44.50022793374956], [-72.98026045784354, 44.50023262761533], [-72.98025417141616, 44.50023673474789], [-72.98024620860815, 44.50024067424238], [-72.98023539595306, 44.500244949012995], [-72.98022290691733, 44.50024913996458], [-72.98021025024354, 44.50025299564004], [-72.98019776120782, 44.5002565998584], [-72.98018611036241, 44.50025978498161], [-72.98017580062151, 44.50026229955256], [-72.98016482032835, 44.50026464648545], [-72.98015233129263, 44.50026732869446], [-72.98013975843787, 44.500270346179605], [-72.98012659884989, 44.50027344748378], [-72.98011251725256, 44.500276716426015], [-72.98009784892201, 44.50028048828244], [-72.98008401878178, 44.500285098329186], [-72.98007312230766, 44.50029021129012], [-72.98006440512836, 44.500295827165246], [-72.98005610704422, 44.500302616506815], [-72.98004697076976, 44.50031066313386], [-72.98003599047661, 44.50031912885606], [-72.98002283088863, 44.5003258343786], [-72.98000941984355, 44.500329941511154], [-72.97999776899815, 44.50033371336758], [-72.97998989000916, 44.500337820500135], [-72.97998318448663, 44.50034251436591], [-72.97997446730733, 44.50034938752651], [-72.97996524721384, 44.500358859077096], [-72.97995644621551, 44.500369084998965], [-72.97994798049331, 44.50037813745439], [-72.97993985004723, 44.50038593262434], [-72.97993138432503, 44.500393057242036], [-72.97992241568863, 44.50040018185973], [-72.97991327941418, 44.50040755793452], [-72.97990414313972, 44.50041526928544], [-72.97989450395107, 44.50042306445539], [-72.97988360747695, 44.50043094344437], [-72.97987220808864, 44.50043932534754], [-72.97986265271902, 44.500447204336524], [-72.97985485754907, 44.50045441277325], [-72.97984764911234, 44.50046153739095], [-72.97984085977077, 44.500468326732516], [-72.9798345733434, 44.500474613159895], [-72.97982887364924, 44.500480061396956], [-72.97982300631702, 44.50048500671983], [-72.97981722280383, 44.50049037113786], [-72.97981227748096, 44.50049623847008], [-72.97980775125325, 44.500502441078424], [-72.97980381175876, 44.500508308410645], [-72.9797997046262, 44.50051342137158], [-72.97979475930333, 44.50051828287542], [-72.97978998161852, 44.500522557646036], [-72.97978721559048, 44.500526413321495], [-72.97978512011468, 44.50052951462567], [-72.9797811806202, 44.50053194537759], [-72.97977648675442, 44.50053395703435], [-72.97977204434574, 44.500535717234015], [-72.97976768575609, 44.500537645071745], [-72.97976332716644, 44.50053974054754], [-72.97975888475776, 44.5005417522043], [-72.97975494526327, 44.50054384768009], [-72.9797513410449, 44.500545524060726], [-72.97974756918848, 44.50054636225104], [-72.97974304296076, 44.50054619461298], [-72.97973801381886, 44.50054535642266], [-72.97973273321986, 44.50054426677525], [-72.97972762025893, 44.5005433447659], [-72.97972292639315, 44.500543009489775], [-72.97971873544157, 44.500543596223], [-72.97971529886127, 44.50054418295622], [-72.97971228137612, 44.50054418295622], [-72.97970842570066, 44.500543931499124], [-72.97970356419683, 44.50054376386106], [-72.97969786450267, 44.500543512403965], [-72.97968990169466, 44.50054317712784], [-72.97967992722988, 44.50054284185171], [-72.97966978512704, 44.500543093308806], [-72.97965947538614, 44.500543596223], [-72.97964908182621, 44.50054426677525], [-72.979640616104, 44.50054418295622], [-72.97963516786695, 44.50054342858493], [-72.97962988726795, 44.500543009489775], [-72.97962318174541, 44.500543931499124], [-72.97961647622287, 44.50054585933685], [-72.97960951924324, 44.50054829008877], [-72.97960063442588, 44.500551391392946], [-72.97958957031369, 44.500554744154215], [-72.97957766801119, 44.50055683963001], [-72.9795650113374, 44.50055784545839], [-72.97955076210201, 44.50055876746774], [-72.9795356746763, 44.50055985711515], [-72.979521676898, 44.50056086294353], [-72.97950893640518, 44.50056245550513], [-72.97949669882655, 44.50056538917124], [-72.97948429360986, 44.500569412484765], [-72.97947105020285, 44.50057410635054], [-72.97945814207196, 44.50057905167341], [-72.979447664693, 44.50058349408209], [-72.97944154590368, 44.50058676302433], [-72.97943861223757, 44.50058952905238], [-72.97943676821887, 44.50059221126139], [-72.97943500801921, 44.50059489347041], [-72.97943266108632, 44.50059757567942], [-72.97942897304893, 44.500600257888436], [-72.97942318953574, 44.50060285627842], [-72.97941480763257, 44.500605035573244], [-72.979402737692, 44.50060687959194], [-72.97938656061888, 44.500608555972576], [-72.97936661168933, 44.500608975067735], [-72.97934473492205, 44.50060671195388], [-72.97932310961187, 44.50060243718326], [-72.97930341213942, 44.50059665367007], [-72.97928706742823, 44.50059053488076], [-72.9792734887451, 44.50058542191982], [-72.97926208935678, 44.50058240443468], [-72.97925286926329, 44.50058173388243], [-72.97924356535077, 44.50058290734887], [-72.9792319983244, 44.50058525428176], [-72.97921850346029, 44.50058885850012], [-72.97920542769134, 44.500593803822994], [-72.97919453121722, 44.50059941969812], [-72.97918631695211, 44.500604616478086], [-72.97917935997248, 44.500609477981925], [-72.97917173244059, 44.50061501003802], [-72.97916234470904, 44.50062179937959], [-72.97915144823492, 44.500629929825664], [-72.97913971357048, 44.50063914991915], [-72.97912806272507, 44.50064778327942], [-72.97911708243191, 44.50065373443067], [-72.97910710796714, 44.500657338649035], [-72.97909813933074, 44.50066085904837], [-72.97908925451338, 44.50066588819027], [-72.97908053733408, 44.500672928988934], [-72.9790708143264, 44.50068164616823], [-72.97906067222357, 44.50069078244269], [-72.97905103303492, 44.5006989967078], [-72.97904072329402, 44.50070637278259], [-72.9790298268199, 44.500712743029], [-72.97901859506965, 44.50071760453284], [-72.97900694422424, 44.50072028674185], [-72.97899470664561, 44.500721376389265], [-72.97898230142891, 44.50072154402733], [-72.97897098585963, 44.50072104111314], [-72.97896000556648, 44.50072095729411], [-72.97894793562591, 44.500721879303455], [-72.97893544659019, 44.50072439387441], [-72.97892329283059, 44.50072892010212], [-72.9789124801755, 44.500734535977244], [-72.97890342772007, 44.50074057094753], [-72.97889580018818, 44.50074660591781], [-72.97889010049403, 44.50075230561197], [-72.97888649627566, 44.50075725093484], [-72.97888440079987, 44.50076177716255], [-72.97888331115246, 44.50076596811414], [-72.97888247296214, 44.5007698237896], [-72.9788807965815, 44.50077351182699], [-72.9788776114583, 44.500777116045356], [-72.97887375578284, 44.50078264810145], [-72.97886973246932, 44.50079061090946], [-72.97886445187032, 44.5007991604507], [-72.9788585845381, 44.50080611743033], [-72.97885246574879, 44.50081097893417], [-72.97884433530271, 44.50081558898091], [-72.97883419319987, 44.50082095339894], [-72.97882363200188, 44.50082673691213], [-72.97881198115647, 44.50083268806338], [-72.97879781574011, 44.5008388068527], [-72.97878155484796, 44.500845512375236], [-72.97876437194645, 44.50085322372615], [-72.97874735668302, 44.50086219236255], [-72.9787309281528, 44.500871915370226], [-72.97871517017484, 44.500881219282746], [-72.97869991511106, 44.500889433547854], [-72.97868591733277, 44.50089664198458], [-72.9786735959351, 44.50090326368809], [-72.97866202890873, 44.5009093824774], [-72.97865021042526, 44.50091558508575], [-72.9786376375705, 44.500922625884414], [-72.97862539999187, 44.50092991814017], [-72.97861525788903, 44.50093704275787], [-72.97860771417618, 44.50094332918525], [-72.97860209830105, 44.500949028879404], [-72.97859715297818, 44.50095531530678], [-72.97859338112175, 44.50096185319126], [-72.97859195619822, 44.50096679851413], [-72.97859212383628, 44.500969648361206], [-72.97859279438853, 44.500971073284745], [-72.97859354875982, 44.500971743837], [-72.97859421931207, 44.500972079113126], [-72.97859472222626, 44.500972582027316], [-72.97859488986433, 44.50097375549376], [-72.9785943031311, 44.50097618624568], [-72.97859204001725, 44.50097920373082], [-72.97858986072242, 44.50098213739693], [-72.97858860343695, 44.50098481960595], [-72.97858667559922, 44.5009873341769], [-72.97858298756182, 44.50098951347172], [-72.97857611440122, 44.500991525128484], [-72.97856572084129, 44.5009939558804], [-72.97855256125331, 44.50099730864167], [-72.97853982076049, 44.50100200250745], [-72.97853135503829, 44.501007702201605], [-72.97852674499154, 44.50101390480995], [-72.97852364368737, 44.50102178379893], [-72.97852037474513, 44.50103184208274], [-72.97851626761258, 44.50104324147105], [-72.97851098701358, 44.5010547246784], [-72.97850520350039, 44.501064447686076], [-72.97849958762527, 44.50107232667506], [-72.97849472612143, 44.50107970274985], [-72.97849003225565, 44.50108816847205], [-72.9784854222089, 44.50109655037522], [-72.97848148271441, 44.5011030882597], [-72.9784772079438, 44.50110769830644], [-72.97847134061158, 44.50111121870577], [-72.97846429981291, 44.50111390091479], [-72.97845667228103, 44.50111591257155], [-72.97844904474914, 44.50111792422831], [-72.97844158485532, 44.50112077407539], [-72.97843404114246, 44.501124965026975], [-72.97842632979155, 44.501130413264036], [-72.97841861844063, 44.50113703496754], [-72.97841182909906, 44.50114516541362], [-72.97840604558587, 44.50115513987839], [-72.97840193845332, 44.50116561725736], [-72.97840101644397, 44.50117500498891], [-72.97840252518654, 44.501184057444334], [-72.97840537503362, 44.50119411572814], [-72.97840856015682, 44.50120476074517], [-72.97841073945165, 44.50121448375285], [-72.97841174528003, 44.50122378766537], [-72.97841224819422, 44.50123501941562], [-72.97841291874647, 44.50124775990844], [-72.97841342166066, 44.50126041658223], [-72.97841182909906, 44.50127290561795], [-72.97840696759522, 44.50128614902496], [-72.97840001061559, 44.501298470422626], [-72.97839255072176, 44.50130911543965], [-72.97838475555182, 44.501319928094745], [-72.97837553545833, 44.50133224949241], [-72.9783651418984, 44.501346331089735], [-72.9783543292433, 44.501360496506095], [-72.9783440195024, 44.50137348845601], [-72.97833513468504, 44.50138371437788], [-72.97832733951509, 44.501392683014274], [-72.97831912524998, 44.50140265747905], [-72.97831049188972, 44.50141338631511], [-72.97830160707235, 44.50142428278923], [-72.97829314135015, 44.50143492780626], [-72.9782855976373, 44.50144523754716], [-72.9782784730196, 44.50145546346903], [-72.97827126458287, 44.501466024667025], [-72.97826372087002, 44.50147708877921], [-72.97825651243329, 44.501487566158175], [-72.97824963927269, 44.501496367156506], [-72.97824234701693, 44.50150399468839], [-72.97823463566601, 44.501511035487056], [-72.9782264214009, 44.50151799246669], [-72.97821720130742, 44.50152578763664], [-72.97820756211877, 44.501534504815936], [-72.9781986773014, 44.50154288671911], [-72.97819079831243, 44.501550095155835], [-72.9781833384186, 44.501556381583214], [-72.97817571088672, 44.501562248915434], [-72.97816816717386, 44.501568200066686], [-72.97816121019423, 44.50157389976084], [-72.97815517522395, 44.50157926417887], [-72.97814905643463, 44.50158513151109], [-72.97814251855016, 44.501591166481376], [-72.97813614830375, 44.501596949994564], [-72.97813036479056, 44.50160298496485], [-72.97812575474381, 44.50161027722061], [-72.97812206670642, 44.501618491485715], [-72.97811946831644, 44.50162595137954], [-72.97811829484999, 44.501631651073694], [-72.97811854630709, 44.50163634493947], [-72.97812005504966, 44.50164078734815], [-72.97812231816351, 44.501645313575864], [-72.97812550328672, 44.501649336889386], [-72.97812961041927, 44.501652270555496], [-72.97813396900892, 44.5016538631171], [-72.97813765704632, 44.50165394693613], [-72.97814033925533, 44.50165327638388], [-72.97814260236919, 44.50165235437453], [-72.97814453020692, 44.50165143236518], [-72.97814612276852, 44.50165059417486], [-72.97814746387303, 44.501649755984545], [-72.9781487211585, 44.50164891779423], [-72.97815006226301, 44.50164807960391], [-72.97815131954849, 44.5016469899565], [-72.9781524091959, 44.50164573267102], [-72.97815257683396, 44.50164455920458], [-72.97815106809139, 44.50164363719523], [-72.97814679332078, 44.50164321810007], [-72.97813950106502, 44.5016433019191], [-72.97813044860959, 44.50164321810007], [-72.97812298871577, 44.50164279900491], [-72.97811913304031, 44.501643469557166], [-72.97811720520258, 44.50164464302361], [-72.97811485826969, 44.501644391566515], [-72.97811209224164, 44.50164279900491], [-72.97810941003263, 44.50164129026234], [-72.97810681164265, 44.501641038805246], [-72.9781037941575, 44.501643385738134], [-72.97809993848205, 44.50164707377553], [-72.97809482552111, 44.501649755984545], [-72.9780884552747, 44.50165092945099], [-72.9780802410096, 44.501651180908084], [-72.97807051800191, 44.50165059417486], [-72.97806238755584, 44.501649755984545], [-72.97805618494749, 44.501648833975196], [-72.97804998233914, 44.501647828146815], [-72.97804126515985, 44.50164623558521], [-72.97803011722863, 44.50164447538555], [-72.9780194722116, 44.50164305046201], [-72.97801033593714, 44.50164212845266], [-72.97800279222429, 44.50164179317653], [-72.97799742780626, 44.50164221227169], [-72.97799424268305, 44.50164305046201], [-72.97799239866436, 44.50164380483329], [-72.97799097374082, 44.50164422392845], [-72.97798971645534, 44.50164414010942], [-72.97798837535083, 44.50164372101426], [-72.9779866989702, 44.50164305046201], [-72.97798502258956, 44.50164254754782], [-72.97798401676118, 44.50164263136685], [-72.97798401676118, 44.501643469557166], [-72.9779848549515, 44.50164464302361], [-72.97798619605601, 44.50164606794715], [-72.97798736952245, 44.50164766050875], [-72.97798787243664, 44.50164958834648], [-72.97798778861761, 44.50165160000324], [-72.97798753716052, 44.50165344402194], [-72.97798728570342, 44.50165503658354], [-72.97798661515117, 44.50165637768805], [-72.97798535786569, 44.501657634973526], [-72.97798309475183, 44.501658892259], [-72.97797923907638, 44.50166023336351], [-72.97797345556319, 44.50166140682995], [-72.97796549275517, 44.50166224502027], [-72.97795535065234, 44.50166216120124], [-72.97794294543564, 44.50166115537286], [-72.97792886383832, 44.50165981426835], [-72.97791520133615, 44.50165897607803], [-72.97790313139558, 44.50165880843997], [-72.97789139673114, 44.50165872462094], [-72.9778794106096, 44.50165880843997], [-72.97786951996386, 44.501659059897065], [-72.97786206007004, 44.50165964663029], [-72.97785585746169, 44.50166065245867], [-72.97785066068172, 44.50166174210608], [-72.97784672118723, 44.501662999391556], [-72.97784412279725, 44.50166408903897], [-72.97784253023565, 44.50166509486735], [-72.97784118913114, 44.50166610069573], [-72.9778397642076, 44.50166710652411], [-72.97783833928406, 44.50166819617152], [-72.9778363276273, 44.501669453457], [-72.97783339396119, 44.501670794561505], [-72.97782870009542, 44.501672219485044], [-72.97782124020159, 44.50167330913246], [-72.97781093046069, 44.50167381204665], [-72.97780062071979, 44.50167431496084], [-72.97779064625502, 44.50167532078922], [-72.97777723520994, 44.50167674571276], [-72.97775980085135, 44.50167800299823], [-72.97774161212146, 44.50167884118855], [-72.97772677615285, 44.50167926028371], [-72.97771596349776, 44.501680014654994], [-72.97770674340427, 44.501682026311755], [-72.97769601456821, 44.501685965806246], [-72.97768369317055, 44.501690827310085], [-72.97767170704901, 44.501694263890386], [-72.97766014002264, 44.50169577263296], [-72.97764832153916, 44.50169627554715], [-72.97763616777956, 44.50169652700424], [-72.97762401401997, 44.501696694642305], [-72.97761236317456, 44.501696694642305], [-72.97760029323399, 44.501696694642305], [-72.97758914530277, 44.5016969460994], [-72.97758151777089, 44.5016969460994], [-72.97757699154317, 44.501696694642305], [-72.97757271677256, 44.501696694642305], [-72.9775688610971, 44.501696610823274], [-72.97756684944034, 44.50169543735683], [-72.97756643034518, 44.501694180071354], [-72.97756751999259, 44.50169384479523], [-72.97756953164935, 44.5016935095191], [-72.97757187858224, 44.50169300660491], [-72.97757397405803, 44.501692252233624], [-72.97757556661963, 44.501691749319434], [-72.97757640480995, 44.50169149786234], [-72.97757606953382, 44.50169141404331], [-72.9775741416961, 44.501691330224276], [-72.97756936401129, 44.501691246405244], [-72.97755947336555, 44.501691246405244], [-72.97754555940628, 44.50169158168137], [-72.97753172926605, 44.501691749319434], [-72.97751873731613, 44.50169158168137], [-72.97750440426171, 44.50169141404331], [-72.97748948447406, 44.50169107876718], [-72.97747540287673, 44.50169040821493], [-72.97746073454618, 44.50168923474848], [-72.97744447365403, 44.50168797746301], [-72.97742737457156, 44.50168680399656], [-72.97741111367941, 44.50168613344431], [-72.97739594243467, 44.50168579816818], [-72.9773804359138, 44.50168571434915], [-72.97736518085003, 44.50168579816818], [-72.97735218890011, 44.50168621726334], [-72.97733961604536, 44.5016866363585], [-72.97732461243868, 44.50168705545366], [-72.97730768099427, 44.50168747454882], [-72.97729049809277, 44.50168780982494], [-72.97727582976222, 44.50168755836785], [-72.97726258635521, 44.50168680399656], [-72.97724892385304, 44.501685881987214], [-72.9772350937128, 44.5016850437969], [-72.97722168266773, 44.50168428942561], [-72.9772094450891, 44.501683954149485], [-72.97719678841531, 44.50168378651142], [-72.97718279063702, 44.501683535054326], [-72.97716954723, 44.501683535054326], [-72.97715798020363, 44.50168428942561], [-72.97714624553919, 44.50168563053012], [-72.97713275067508, 44.50168772600591], [-72.97711841762066, 44.50169107876718], [-72.97710467129946, 44.50169501826167], [-72.97709176316857, 44.50169845484197], [-72.97707684338093, 44.50170138850808], [-72.97706125304103, 44.50170390307903], [-72.97704666852951, 44.50170583091676], [-72.97703149728477, 44.50170717202127], [-72.97701498493552, 44.50170775875449], [-72.97699771821499, 44.50170784257352], [-72.97698154114187, 44.50170733965933], [-72.97696771100163, 44.50170666910708], [-72.97695446759462, 44.50170616619289], [-72.97694063745439, 44.501705914735794], [-72.97692647203803, 44.50170574709773], [-72.97691280953586, 44.501705914735794], [-72.97689964994788, 44.50170625001192], [-72.97688607126474, 44.50170675292611], [-72.97687266021967, 44.501707004383206], [-72.97686100937426, 44.50170625001192], [-72.97685036435723, 44.50170465745032], [-72.97683930024505, 44.50170289725065], [-72.97682790085673, 44.50170130468905], [-72.97681650146842, 44.50169979594648], [-72.97680459916592, 44.501698622480035], [-72.97679177485406, 44.50169803574681], [-72.97677953727543, 44.50169778428972], [-72.97676905989647, 44.501697700470686], [-72.9767585825175, 44.50169753283262], [-72.97674785368145, 44.50169744901359], [-72.9767382144928, 44.501697197556496], [-72.97672874294221, 44.501696694642305], [-72.97671910375357, 44.501695688813925], [-72.9767102189362, 44.501694180071354], [-72.976701753214, 44.50169216841459], [-72.97669337131083, 44.50168965384364], [-72.97668465413153, 44.50168672017753], [-72.97667576931417, 44.50168370269239], [-72.97666856087744, 44.50168177485466], [-72.97666177153587, 44.501681020483375], [-72.97665280289948, 44.50167984701693], [-72.97664266079664, 44.50167842209339], [-72.97663310542703, 44.50167691335082], [-72.9766243044287, 44.50167548842728], [-72.97661575488746, 44.501674231141806], [-72.97660670243204, 44.50167280621827], [-72.97659672796726, 44.50167112983763], [-72.9765865020454, 44.501669369637966], [-72.97657694667578, 44.50166769325733], [-72.97656680457294, 44.501666352152824], [-72.97655523754656, 44.50166559778154], [-72.97654308378696, 44.501665430143476], [-72.97653051093221, 44.501665933057666], [-72.9765172675252, 44.50166710652411], [-72.9765030182898, 44.5016692019999], [-72.97648684121668, 44.50167188420892], [-72.97646990977228, 44.501674734055996], [-72.97645364888012, 44.501677583903074], [-72.97643763944507, 44.50168085284531], [-72.97642137855291, 44.5016850437969], [-72.97640427947044, 44.5016900729388], [-72.97638634219766, 44.50169610790908], [-72.97636924311519, 44.501702561974525], [-72.97635340131819, 44.50170784257352], [-72.9763378109783, 44.50171211734414], [-72.97632230445743, 44.50171614065766], [-72.9763066302985, 44.50171999633312], [-72.97628927975893, 44.50172393582761], [-72.97627067193389, 44.5017278753221], [-72.97625357285142, 44.50173072516918], [-72.97624141909182, 44.50173122808337], [-72.97623228281736, 44.50172963552177], [-72.97622121870518, 44.5017278753221], [-72.97620663419366, 44.50172678567469], [-72.97619045712054, 44.50172670185566], [-72.9761752858758, 44.501726534217596], [-72.9761612880975, 44.50172519311309], [-72.97614586539567, 44.501723097637296], [-72.97612784430385, 44.50172167271376], [-72.97610864974558, 44.50172184035182], [-72.97609096392989, 44.501723097637296], [-72.97607612796128, 44.50172460637987], [-72.97606305219233, 44.50172636657953], [-72.97604997642338, 44.50172854587436], [-72.97603589482605, 44.50173198245466], [-72.97602114267647, 44.50173692777753], [-72.97600722871721, 44.501742543652654], [-72.97599608078599, 44.50174740515649], [-72.97598677687347, 44.50175201520324], [-72.97597495839, 44.50175838544965], [-72.97596003860235, 44.50176634825766], [-72.97594478353858, 44.50177364051342], [-72.975930031389, 44.50177942402661], [-72.9759157821536, 44.50178403407335], [-72.97590312547982, 44.50178780592978], [-72.97589097172022, 44.5017920807004], [-72.97587814740837, 44.50179752893746], [-72.97586389817297, 44.50180490501225], [-72.97585006803274, 44.50181328691542], [-72.97583799809217, 44.50182150118053], [-72.97582743689418, 44.50182879343629], [-72.97581838443875, 44.50183482840657], [-72.97580933198333, 44.5018404442817], [-72.9757986869663, 44.501846730709076], [-72.97578527592123, 44.5018541906029], [-72.9757696017623, 44.50186206959188], [-72.97575325705111, 44.50186843983829], [-72.97573758289218, 44.50187170878053], [-72.97572190873325, 44.50187279842794], [-72.97570606693625, 44.50187330134213], [-72.9756898060441, 44.501874977722764], [-72.97567195259035, 44.501878498122096], [-72.97565493732691, 44.50188361108303], [-72.97563850879669, 44.50188905932009], [-72.97562149353325, 44.50189350172877], [-72.97560623846948, 44.50189693830907], [-72.97559240832925, 44.50189970433712], [-72.97557874582708, 44.50190263800323], [-72.97556382603943, 44.501906242221594], [-72.97554706223309, 44.50191085226834], [-72.97552887350321, 44.50191671960056], [-72.97551210969687, 44.50192300602794], [-72.97549752518535, 44.50192887336016], [-72.9754844494164, 44.50193381868303], [-72.97547271475196, 44.50193792581558], [-72.97546089626849, 44.50194253586233], [-72.97544765286148, 44.501948319375515], [-72.97543315216899, 44.50195544399321], [-72.97541923820972, 44.501962987706065], [-72.975406749174, 44.50196960940957], [-72.97539543360472, 44.50197505764663], [-72.97538478858769, 44.50197933241725], [-72.9753742273897, 44.501983439549804], [-72.97536266036332, 44.50198880396783], [-72.97535008750856, 44.501995677128434], [-72.97533818520606, 44.50200296938419], [-72.97532821074128, 44.50200908817351], [-72.97531991265714, 44.50201361440122], [-72.97531245276332, 44.50201713480055], [-72.9753047414124, 44.50202040374279], [-72.9752962756902, 44.50202392414212], [-72.97528898343444, 44.502027444541454], [-72.97528479248285, 44.50202962383628], [-72.97528152354062, 44.50203079730272], [-72.97527716495097, 44.502032892778516], [-72.9752703756094, 44.50203699991107], [-72.9752579703927, 44.50204345397651], [-72.975242882967, 44.50205015949905], [-72.9752288851887, 44.50205544009805], [-72.97521430067718, 44.50205963104963], [-72.97519753687084, 44.502062648534775], [-72.97517859376967, 44.50206499546766], [-72.97515797428787, 44.50206742621958], [-72.97513777390122, 44.50207027606666], [-72.97511874698102, 44.502073964104056], [-72.97510089352727, 44.50207815505564], [-72.97508438117802, 44.502081675454974], [-72.97506895847619, 44.502084190025926], [-72.97505429014564, 44.502086117863655], [-72.97503903508186, 44.50208796188235], [-72.97502252273262, 44.502090057358146], [-72.9750063456595, 44.502092404291034], [-72.97499125823379, 44.50209500268102], [-72.9749767575413, 44.502098355442286], [-72.974962759763, 44.50210237875581], [-72.97494867816567, 44.50210698880255], [-72.97493426129222, 44.502111515030265], [-72.9749194253236, 44.50211604125798], [-72.97490400262177, 44.50212065130472], [-72.97488807700574, 44.50212609954178], [-72.97487357631326, 44.502132553607225], [-72.97486267983913, 44.50213858857751], [-72.97485530376434, 44.502143282443285], [-72.97485077753663, 44.502146635204554], [-72.97484851442277, 44.50214898213744], [-72.97484767623246, 44.5021512452513], [-72.97484708949924, 44.50215384364128], [-72.97484625130892, 44.502157447859645], [-72.97484440729022, 44.502162812277675], [-72.9748406354338, 44.502169685438275], [-72.97483493573964, 44.5021771453321], [-72.9748284816742, 44.502184269949794], [-72.9748216085136, 44.50219156220555], [-72.9748142324388, 44.5021996088326], [-72.97480744309723, 44.50220849364996], [-72.97480107285082, 44.502218468114734], [-72.97479344531894, 44.502230202779174], [-72.97478430904448, 44.50224336236715], [-72.97477584332228, 44.50225635431707], [-72.97476779669523, 44.50226909480989], [-72.97475882805884, 44.502281500026584], [-72.97474851831794, 44.502293318510056], [-72.97473778948188, 44.50230413116515], [-72.97472731210291, 44.50231402181089], [-72.97471649944782, 44.50232416391373], [-72.97470459714532, 44.50233447365463], [-72.97469177283347, 44.502345034852624], [-72.9746797028929, 44.50235526077449], [-72.97466947697103, 44.50236498378217], [-72.97466075979173, 44.50237470678985], [-72.97465279698372, 44.5023840945214], [-72.97464542090893, 44.5023928117007], [-72.97463779337704, 44.50240136124194], [-72.97462907619774, 44.50241041369736], [-72.97461935319006, 44.502420304343104], [-72.97460854053497, 44.502431116998196], [-72.9745969735086, 44.50244209729135], [-72.97458523884416, 44.50245282612741], [-72.9745729174465, 44.502463303506374], [-72.9745602607727, 44.502473110333085], [-72.97454668208957, 44.50248207896948], [-72.97453151084483, 44.502490712329745], [-72.97451466321945, 44.50249917805195], [-72.97449613921344, 44.50250705704093], [-72.97447711229324, 44.502514181658626], [-72.97445858828723, 44.50252088718116], [-72.97444190829992, 44.50252708978951], [-72.97442715615034, 44.50253295712173], [-72.9744135774672, 44.502538572996855], [-72.97440066933632, 44.50254435651004], [-72.97438725829124, 44.50255114585161], [-72.97437275759876, 44.50255936011672], [-72.97435875982046, 44.50256874784827], [-72.97434652224183, 44.50257888995111], [-72.97433621250093, 44.502588948234916], [-72.97432816587389, 44.50259741395712], [-72.97432229854167, 44.502603616565466], [-72.97431659884751, 44.50260931625962], [-72.974309977144, 44.50261602178216], [-72.97430251725018, 44.50262373313308], [-72.97429396770895, 44.50263253413141], [-72.97428424470127, 44.50264284387231], [-72.97427427023649, 44.502654327079654], [-72.97426437959075, 44.502666061744094], [-72.9742547404021, 44.50267679058015], [-72.97424552030861, 44.50268575921655], [-72.97423613257706, 44.50269405730069], [-72.97422632575035, 44.50270252302289], [-72.97421559691429, 44.502711994573474], [-72.97420352697372, 44.502723226323724], [-72.97419137321413, 44.502734960988164], [-72.97418039292097, 44.50274636037648], [-72.97417125664651, 44.502757005393505], [-72.97416404820979, 44.50276656076312], [-72.9741582646966, 44.50277578085661], [-72.97415398992598, 44.502784749493], [-72.97415097244084, 44.50279296375811], [-72.9741479549557, 44.50280126184225], [-72.97414435073733, 44.502810733392835], [-72.97414032742381, 44.502820959314704], [-72.97413697466254, 44.50283168815076], [-72.97413479536772, 44.50284333899617], [-72.97413487918675, 44.502855241298676], [-72.97413789667189, 44.502865970134735], [-72.97414300963283, 44.50287510640919], [-72.97414879314601, 44.50288298539817], [-72.97415507957339, 44.5028901938349], [-72.97416287474334, 44.50289798900485], [-72.97417217865586, 44.502906454727054], [-72.97418265603483, 44.50291517190635], [-72.97419405542314, 44.50292388908565], [-72.97420696355402, 44.50293369591236], [-72.97422087751329, 44.502944089472294], [-72.97423495911062, 44.50295448303223], [-72.97424837015569, 44.50296428985894], [-72.97425926662982, 44.502972923219204], [-72.97426764853299, 44.50298105366528], [-72.97427552752197, 44.50298918411136], [-72.97428466379642, 44.50299764983356], [-72.9742948897183, 44.50300636701286], [-72.97430620528758, 44.50301583856344], [-72.97431852668524, 44.503026232123375], [-72.97433126717806, 44.5030371285975], [-72.974344342947, 44.50304861180484], [-72.97435800544918, 44.50306026265025], [-72.97437066212296, 44.50307082384825], [-72.97438046894968, 44.503079457208514], [-72.97438801266253, 44.503086833283305], [-72.97439538873732, 44.503094712272286], [-72.97440418973565, 44.50310384854674], [-72.97441449947655, 44.50311399064958], [-72.97442615032196, 44.503124970942736], [-72.97443822026253, 44.50313603505492], [-72.97444961965084, 44.50314609333873], [-72.9744603484869, 44.50315514579415], [-72.97447183169425, 44.503163527697325], [-72.97448499128222, 44.50317098759115], [-72.97449965961277, 44.50317760929465], [-72.97451608814299, 44.503183560445905], [-72.9745343606919, 44.5031888410449], [-72.97455330379307, 44.50319319963455], [-72.97457216307521, 44.50319663621485], [-72.97459077090025, 44.50319998897612], [-72.97460795380175, 44.50320350937545], [-72.97462228685617, 44.50320711359382], [-72.97463393770158, 44.503211388364434], [-72.97464609146118, 44.5032165851444], [-72.97466034069657, 44.50322253629565], [-72.97467618249357, 44.50322865508497], [-72.97469261102378, 44.503234354779124], [-72.97471012920141, 44.50323963537812], [-72.97472789883614, 44.50324483215809], [-72.97474441118538, 44.50325019657612], [-72.97475857660174, 44.50325522571802], [-72.97477056272328, 44.50325958430767], [-72.97478296793997, 44.50326411053538], [-72.97479721717536, 44.50326922349632], [-72.97481331042945, 44.50327483937144], [-72.97483032569289, 44.50328062288463], [-72.97484683804214, 44.50328540056944], [-72.9748641885817, 44.5032892562449], [-72.97488195821643, 44.503292106091976], [-72.97489712946117, 44.50329378247261], [-72.97490852884948, 44.50329512357712], [-72.97491850331426, 44.503296883776784], [-72.97492856159806, 44.50329914689064], [-72.97493970952928, 44.50330208055675], [-72.97495379112661, 44.50330593623221], [-72.9749714769423, 44.50331046245992], [-72.97499016858637, 44.503314988687634], [-72.97500810585916, 44.5033201854676], [-72.97502411529422, 44.503326807171106], [-72.97503668814898, 44.503334099426866], [-72.97504666261375, 44.503341894596815], [-72.97505613416433, 44.503350695595145], [-72.97506694681942, 44.503361005336046], [-72.97507868148386, 44.50337248854339], [-72.97509024851024, 44.50338430702686], [-72.97510173171759, 44.50339587405324], [-72.9751131311059, 44.50340727344155], [-72.97512494958937, 44.503418086096644], [-72.97513626515865, 44.50342822819948], [-72.97514573670924, 44.50343744829297], [-72.9751525260508, 44.50344515964389], [-72.97515822574496, 44.50345245189965], [-72.97516417689621, 44.503460666164756], [-72.97517146915197, 44.50346955098212], [-72.97518119215965, 44.50347893871367], [-72.97519301064312, 44.503488996997476], [-72.97520533204079, 44.50349863618612], [-72.97521622851491, 44.50350668281317], [-72.97522477805614, 44.503512969240546], [-72.97523114830256, 44.50351808220148], [-72.97523777000606, 44.503523614257574], [-72.97524657100439, 44.5035308226943], [-72.97525629401207, 44.50353920459747], [-72.97526492737234, 44.50354741886258], [-72.97527230344713, 44.5035551302135], [-72.9752790927887, 44.50356292538345], [-72.97528672032058, 44.503571055829525], [-72.97529610805213, 44.50357859954238], [-72.97530750744045, 44.50358488596976], [-72.97532100230455, 44.503590669482946], [-72.9753359220922, 44.50359687209129], [-72.97535100951791, 44.50360366143286], [-72.97536643221974, 44.50361120514572], [-72.97538177110255, 44.503619419410825], [-72.97539518214762, 44.50362763367593], [-72.97540599480271, 44.503635512664914], [-72.97541437670588, 44.50364372693002], [-72.97542166896164, 44.503654120489955], [-72.97542678192258, 44.50366602279246], [-72.97542820684612, 44.50367733836174], [-72.97542678192258, 44.50368748046458], [-72.97542376443744, 44.50369753874838], [-72.97541965730488, 44.503708351403475], [-72.97541429288685, 44.50371991842985], [-72.97540850937366, 44.50373165309429], [-72.97540339641273, 44.503742046654224], [-72.97539794817567, 44.503750931471586], [-72.97539057210088, 44.50375990010798], [-72.97538126818836, 44.503769958391786], [-72.97537120990455, 44.50378144159913], [-72.97536240890622, 44.50379309244454], [-72.97535385936499, 44.50380432419479], [-72.97534455545247, 44.503814885392785], [-72.97533558681607, 44.503824189305305], [-72.97532712109387, 44.503832906484604], [-72.97531832009554, 44.503842210397124], [-72.97530876472592, 44.50385226868093], [-72.97529895789921, 44.50386199168861], [-72.9752894025296, 44.50387079268694], [-72.97527984715998, 44.503878923133016], [-72.97527004033327, 44.503886718302965], [-72.9752600658685, 44.50389493256807], [-72.9752497561276, 44.503904236480594], [-72.9752391949296, 44.503914546221495], [-72.9752288851887, 44.503925358876586], [-72.97521941363811, 44.50393583625555], [-72.97521094791591, 44.5039454754442], [-72.97520348802209, 44.50395444408059], [-72.97519627958536, 44.50396274216473], [-72.97518848441541, 44.5039711240679], [-72.97517909668386, 44.50398109853268], [-72.97516803257167, 44.503992246463895], [-72.97515696845949, 44.504002472385764], [-72.97514665871859, 44.50401043519378], [-72.97513685189188, 44.504017140716314], [-72.97512696124613, 44.50402409769595], [-72.97511606477201, 44.50403239578009], [-72.9751041624695, 44.50404169969261], [-72.97509259544313, 44.50405050069094], [-72.97508245334029, 44.50405863113701], [-72.9750732332468, 44.50406684540212], [-72.97506409697235, 44.50407556258142], [-72.9750544577837, 44.5040852855891], [-72.97504473477602, 44.50409601442516], [-72.97503584995866, 44.50410624034703], [-72.97502780333161, 44.504115376621485], [-72.97501950524747, 44.504123171791434], [-72.97501053661108, 44.50413038022816], [-72.97500047832727, 44.50413825921714], [-72.97498983331025, 44.50414680875838], [-72.97498002648354, 44.50415477156639], [-72.97497156076133, 44.50416147708893], [-72.97496410086751, 44.504167679697275], [-72.9749577306211, 44.50417346321046], [-72.97495203092694, 44.5041785761714], [-72.97494566068053, 44.50418444350362], [-72.97493820078671, 44.50419249013066], [-72.97493007034063, 44.504202296957374], [-72.9749217722565, 44.504213612526655], [-72.97491347417235, 44.504225766286254], [-72.97490500845015, 44.50423674657941], [-72.97489687800407, 44.504246385768056], [-72.97488908283412, 44.50425594113767], [-72.97488078474998, 44.50426599942148], [-72.97487198375165, 44.50427630916238], [-72.97486309893429, 44.504286870360374], [-72.97485396265984, 44.50429793447256], [-72.97484549693763, 44.50430866330862], [-72.97483837231994, 44.50431847013533], [-72.97483233734965, 44.50432785786688], [-72.97482680529356, 44.504337664693594], [-72.97482077032328, 44.504348477348685], [-72.97481481917202, 44.50435954146087], [-72.974809454754, 44.504370018839836], [-72.97480350360274, 44.50438083149493], [-72.97479713335633, 44.504391895607114], [-72.97479101456702, 44.50440237298608], [-72.97478623688221, 44.504412934184074], [-72.97478380613029, 44.5044235792011], [-72.97478347085416, 44.50443422421813], [-72.97478395390843, 44.50443997256383]]}}, {"type": "Feature", "properties": {"name": "walk-04", "distance_km": 2.109, "points": 1849, "clipped": true}, "geometry": {"type": "LineString", "coordinates": [[-72.97473556177812, 44.504443806580795], [-72.9747346881777, 44.50443992391229], [-72.97473401762545, 44.50443137437105], [-72.97473946586251, 44.50442492030561], [-72.97475094906986, 44.504421316087246], [-72.97476226463914, 44.50441712513566], [-72.97477207146585, 44.50441335327923], [-72.97477760352194, 44.50440991669893], [-72.97478036954999, 44.50440522283316], [-72.97478363849223, 44.50439675711095], [-72.97478849999607, 44.50438426807523], [-72.97479419969022, 44.5043701864779], [-72.97479973174632, 44.50435593724251], [-72.97480568289757, 44.50434135273099], [-72.97481305897236, 44.504326516762376], [-72.97482253052294, 44.50431092642248], [-72.9748335108161, 44.504294246435165], [-72.97484507784247, 44.50427748262882], [-72.97485605813563, 44.504261557012796], [-72.9748660326004, 44.50424697250128], [-72.97487458214164, 44.504234148189425], [-72.97488153912127, 44.50422274880111], [-72.97488857991993, 44.504212103784084], [-72.9748974647373, 44.50420053675771], [-72.97490836121142, 44.504188215360045], [-72.97491976059973, 44.504176396876574], [-72.97493065707386, 44.504165751859546], [-72.9749402962625, 44.50415628030896], [-72.97494909726083, 44.50414773076773], [-72.97495831735432, 44.50413918122649], [-72.97496879473329, 44.50412945821881], [-72.9749801941216, 44.50411872938275], [-72.97499150969088, 44.5041074976325], [-72.97500181943178, 44.50409601442516], [-72.97501162625849, 44.50408495031297], [-72.97502109780908, 44.50407539494336], [-72.97503006644547, 44.50406734831631], [-72.97503844834864, 44.504060223698616], [-72.97504716552794, 44.50405217707157], [-72.97505755908787, 44.50404228642583], [-72.97506778500974, 44.504031809046865], [-72.97507516108453, 44.50402233749628], [-72.97508027404547, 44.504014290869236], [-72.97508463263512, 44.50400725007057], [-72.97508999705315, 44.5039988681674], [-72.97509720548987, 44.503988390788436], [-72.97510500065982, 44.50397682376206], [-72.97511321492493, 44.50396517291665], [-72.97512168064713, 44.50395436026156], [-72.9751303140074, 44.503944804891944], [-72.9751390311867, 44.50393583625555], [-72.97514867037535, 44.50392653234303], [-72.97515948303044, 44.50391630642116], [-72.97517063096166, 44.50390599668026], [-72.97518010251224, 44.503896441310644], [-72.97518781386316, 44.50388805940747], [-72.97519527375698, 44.50388001278043], [-72.97520399093628, 44.50387129560113], [-72.9752148874104, 44.503861321136355], [-72.97522603534162, 44.503851095214486], [-72.97523634508252, 44.50384086929262], [-72.97524598427117, 44.503830559551716], [-72.97525495290756, 44.503820249810815], [-72.97526417300105, 44.503809437155724], [-72.97527456656098, 44.50379761867225], [-72.97528529539704, 44.503785045817494], [-72.97529459930956, 44.503773311153054], [-72.97530214302242, 44.5037623308599], [-72.97530935145915, 44.50375160202384], [-72.97531748190522, 44.503740621730685], [-72.97532628290355, 44.503729892894626], [-72.97533558681607, 44.50371941551566], [-72.975345980376, 44.503708351403475], [-72.97535670921206, 44.50369737111032], [-72.97536651603878, 44.503686809912324], [-72.97537514939904, 44.503676164895296], [-72.97538319602609, 44.50366593897343], [-72.97539157792926, 44.50365621596575], [-72.97540046274662, 44.50364691205323], [-72.97541060484946, 44.50363777577877], [-72.97542284242809, 44.50362788513303], [-72.9754374269396, 44.50361673720181], [-72.97545234672725, 44.50360567308962], [-72.97546743415296, 44.50359519571066], [-72.97548252157867, 44.50358580797911], [-72.97549769282341, 44.503577593714], [-72.97551286406815, 44.5035704690963], [-72.97552711330354, 44.50356451794505], [-72.97554111108184, 44.50355873443186], [-72.97555594705045, 44.5035516936332], [-72.97557103447616, 44.503543227910995], [-72.9755848646164, 44.5035342592746], [-72.97559777274728, 44.5035255420953], [-72.975610261783, 44.50351741164923], [-72.97562283463776, 44.503510454669595], [-72.97563632950187, 44.50350450351834], [-72.97565116547048, 44.503498803824186], [-72.97566717490554, 44.503492936491966], [-72.97568351961672, 44.503487069159746], [-72.97569860704243, 44.503482123836875], [-72.97571235336363, 44.50347986072302], [-72.97572635114193, 44.50348153710365], [-72.9757418576628, 44.50348631478846], [-72.97575736418366, 44.50349268503487], [-72.97577152960002, 44.50349955819547], [-72.97578427009284, 44.50350617989898], [-72.97579650767148, 44.50351221486926], [-72.97581042163074, 44.503518249839544], [-72.97582450322807, 44.503524117171764], [-72.97583682462573, 44.50352914631367], [-72.97584772109985, 44.50353400781751], [-72.97585878521204, 44.50353903695941], [-72.9758711066097, 44.503544233739376], [-72.97588468529284, 44.50354968197644], [-72.97589918598533, 44.50355571694672], [-72.97591460868716, 44.50356267392635], [-72.97593078576028, 44.50357139110565], [-72.97594545409083, 44.5035810302943], [-72.97595836222172, 44.503590585663915], [-72.97597043216228, 44.50359997339547], [-72.9759818315506, 44.5036085229367], [-72.97599281184375, 44.503616988658905], [-72.97600337304175, 44.50362553820014], [-72.97601502388716, 44.50363383628428], [-72.97602843493223, 44.503643307834864], [-72.97604343853891, 44.503654120489955], [-72.9760592803359, 44.50366476550698], [-72.97607445158064, 44.5036743208766], [-72.97608895227313, 44.5036830380559], [-72.97610278241336, 44.50369100086391], [-72.97611577436328, 44.503698125481606], [-72.97612885013223, 44.503704495728016], [-72.9761422611773, 44.503710363060236], [-72.9761565104127, 44.503716230392456], [-72.97617193311453, 44.503722097724676], [-72.9761869367212, 44.50372729450464], [-72.9761993419379, 44.503731317818165], [-72.97620663419366, 44.50373391620815], [-72.97620931640267, 44.50373559258878], [-72.97621057368815, 44.503736179322004], [-72.97621208243072, 44.50373592786491], [-72.97621401026845, 44.50373534113169], [-72.97621635720134, 44.50373492203653], [-72.97621887177229, 44.503734754398465], [-72.97622147016227, 44.50373500585556], [-72.97622465528548, 44.503735760226846], [-72.97622934915125, 44.50373684987426], [-72.97623647376895, 44.50373877771199], [-72.9762474540621, 44.50374179519713], [-72.97626094892621, 44.503745986148715], [-72.97627461142838, 44.503750847652555], [-72.97628835774958, 44.50375604443252], [-72.97630160115659, 44.50376023538411], [-72.97631392255425, 44.503762582316995], [-72.97632582485676, 44.50376425869763], [-72.97633739188313, 44.503766437992454], [-72.9763494618237, 44.50376903638244], [-72.97636262141168, 44.50377163477242], [-72.9763772059232, 44.50377440080047], [-72.97639396972954, 44.50377733446658], [-72.97641349956393, 44.50378035195172], [-72.97643336467445, 44.50378303416073], [-72.9764528106898, 44.50378580018878], [-72.97647141851485, 44.503789404407144], [-72.97648784704506, 44.5037932600826], [-72.97650251537561, 44.50379694812], [-72.97651743516326, 44.50380055233836], [-72.97653386369348, 44.50380449183285], [-72.97655071131885, 44.5038091018796], [-72.97656730748713, 44.503814382478595], [-72.97658289782703, 44.50382016599178], [-72.97659689560533, 44.50382544659078], [-72.9766087140888, 44.50382963754237], [-72.97661944292486, 44.50383332557976], [-72.9766309261322, 44.503836845979095], [-72.97664500772953, 44.50384036637843], [-72.97666084952652, 44.503843719139695], [-72.97667685896158, 44.50384723953903], [-72.97669161111116, 44.503850508481264], [-72.97670460306108, 44.50385319069028], [-72.97671742737293, 44.50385620817542], [-72.97673117369413, 44.50385998003185], [-72.976746680215, 44.503864170983434], [-72.97676453366876, 44.50386878103018], [-72.97678364440799, 44.50387364253402], [-72.97680275514722, 44.50387867167592], [-72.97682153061032, 44.503883784636855], [-72.97683904878795, 44.50388898141682], [-72.97685505822301, 44.50389442965388], [-72.97687123529613, 44.50390021316707], [-72.97688900493085, 44.50390616431832], [-72.97690786421299, 44.50391253456473], [-72.97692622058094, 44.503918988630176], [-72.97694365493953, 44.50392544269562], [-72.9769591614604, 44.50393080711365], [-72.97697257250547, 44.50393474660814], [-72.97698539681733, 44.50393826700747], [-72.97699889168143, 44.5039417874068], [-72.97701339237392, 44.5039454754442], [-72.97702948562801, 44.50394933111966], [-72.97704641707242, 44.503953102976084], [-72.97706468962133, 44.503957126289606], [-72.9770833812654, 44.503960562869906], [-72.97710014507174, 44.50396316125989], [-72.97711397521198, 44.50396517291665], [-72.97712218947709, 44.50396617874503], [-72.97712579369545, 44.50396643020213], [-72.97712822444737, 44.503966346383095], [-72.97712948173285, 44.50396626256406], [-72.97712956555188, 44.50396626256406], [-72.97712906263769, 44.50396643020213], [-72.9771283082664, 44.50396676547825], [-72.97712730243802, 44.503967352211475], [-72.97712621279061, 44.50396810658276], [-72.9771251231432, 44.50396919623017], [-72.97712403349578, 44.50397045351565], [-72.9771232791245, 44.503971794620156], [-72.97712286002934, 44.503973219543695], [-72.97712294384837, 44.50397447682917], [-72.97712386585772, 44.50397548265755], [-72.97712621279061, 44.50397623702884], [-72.97713132575154, 44.503977075219154], [-72.97714096494019, 44.5039782486856], [-72.97715563327074, 44.503979505971074], [-72.9771732352674, 44.50398076325655], [-72.97719083726406, 44.503982439637184], [-72.97720701433718, 44.50398428365588], [-72.97722210176289, 44.50398663058877], [-72.97723651863635, 44.50398989953101], [-72.9772509355098, 44.5039935875684], [-72.9772665258497, 44.50399802997708], [-72.97728328965604, 44.50400372967124], [-72.97730122692883, 44.50401051901281], [-72.97732033766806, 44.50401730835438], [-72.97733978368342, 44.50402233749628], [-72.97735847532749, 44.50402569025755], [-72.97737590968609, 44.50402828864753], [-72.97739150002599, 44.50403113849461], [-72.97740600071847, 44.50403516180813], [-72.97742041759193, 44.50404027476907], [-72.9774359241128, 44.50404622592032], [-72.97745352610946, 44.50405276380479], [-72.97747221775353, 44.504059134051204], [-72.97749032266438, 44.50406533665955], [-72.97750742174685, 44.50407212600112], [-72.97752334736288, 44.50407992117107], [-72.97753784805536, 44.504088554531336], [-72.97755151055753, 44.5040974393487], [-72.97756467014551, 44.504106156527996], [-72.97757841646671, 44.504114957526326], [-72.97759300097823, 44.50412392616272], [-72.97760766930878, 44.504132559522986], [-72.97762133181095, 44.504140522331], [-72.97763264738023, 44.504148149862885], [-72.97764161601663, 44.50415628030896], [-72.97764941118658, 44.50416541658342], [-72.97765695489943, 44.504175055772066], [-72.9776655882597, 44.50418486259878], [-72.97767623327672, 44.504194501787424], [-72.97768888995051, 44.50420355424285], [-72.97770330682397, 44.50421176850796], [-72.97771789133549, 44.50421906076372], [-72.97773163765669, 44.50422601774335], [-72.9777446296066, 44.504233645275235], [-72.97775695100427, 44.50424211099744], [-72.97776910476387, 44.504250744357705], [-72.97778226435184, 44.50425937771797], [-72.97779735177755, 44.50426750816405], [-72.97781319357455, 44.50427446514368], [-72.97782886773348, 44.504281003028154], [-72.97784521244466, 44.504287876188755], [-72.97786105424166, 44.50429458171129], [-72.97787454910576, 44.50430036522448], [-72.97788603231311, 44.50430514290929], [-72.97789692878723, 44.50430916622281], [-72.9779092501849, 44.50431268662214], [-72.97792366705835, 44.504314949736], [-72.97794009558856, 44.504315201193094], [-72.977957110852, 44.504314195364714], [-72.97797278501093, 44.50431293807924], [-72.97798619605601, 44.504311848431826], [-72.9779986012727, 44.50431059114635], [-72.9780110064894, 44.50430899858475], [-72.97802408225834, 44.50430681928992], [-72.97803833149374, 44.504304053261876], [-72.9780538380146, 44.504301119595766], [-72.97807060182095, 44.50429852120578], [-72.97808879055083, 44.50429701246321], [-72.97810815274715, 44.50429785065353], [-72.97812709584832, 44.5043012034148], [-72.97814385965466, 44.50430556200445], [-72.97815727069974, 44.504309417679906], [-72.97816724516451, 44.50431243516505], [-72.9781748726964, 44.504315201193094], [-72.9781801532954, 44.50431779958308], [-72.97818283550441, 44.5043199788779], [-72.9781833384186, 44.50432199053466], [-72.97818325459957, 44.5043236669153], [-72.97818400897086, 44.50432492420077], [-72.9781851824373, 44.50432668440044], [-72.97818593680859, 44.50432861223817], [-72.97818669117987, 44.50433020479977], [-72.97818778082728, 44.504331378266215], [-72.97818870283663, 44.504331797361374], [-72.97818954102695, 44.50433171354234], [-72.9781902115792, 44.504331378266215], [-72.9781907144934, 44.50433095917106], [-72.97819146886468, 44.50433045625687], [-72.97819247469306, 44.504329953342676], [-72.97819406725466, 44.50432961806655], [-72.97819624654949, 44.504329450428486], [-72.97819951549172, 44.50432978570461], [-72.97820471227169, 44.50433112680912], [-72.97821200452745, 44.50433364138007], [-72.97822181135416, 44.50433732941747], [-72.9782335460186, 44.50434227474034], [-72.97824536450207, 44.50434839352965], [-72.9782581049949, 44.50435560196638], [-72.97827302478254, 44.50436398386955], [-72.97828777693212, 44.5043736230582], [-72.97829993069172, 44.50438334606588], [-72.97831032425165, 44.50439206324518], [-72.97832013107836, 44.504400696605444], [-72.97832884825766, 44.504409581422806], [-72.97833655960858, 44.504418382421136], [-72.97834360040724, 44.5044270157814], [-72.97835072502494, 44.50443673878908], [-72.97835784964263, 44.50444830581546], [-72.97836405225098, 44.50446213595569], [-72.97836841084063, 44.50447739101946], [-72.978372015059, 44.50449222698808], [-72.97837637364864, 44.50450547039509], [-72.97838165424764, 44.50451745651662], [-72.97838685102761, 44.504528772085905], [-72.9783910419792, 44.50453891418874], [-72.97839473001659, 44.504549223929644], [-72.9783990047872, 44.50456162914634], [-72.97840403392911, 44.50457428582013], [-72.97840948216617, 44.50458560138941], [-72.97841442748904, 44.50459599494934], [-72.97841861844063, 44.50460580177605], [-72.97842280939221, 44.50461510568857], [-72.97842733561993, 44.504624074324965], [-72.97843177802861, 44.504633378237486], [-72.97843563370407, 44.50464251451194], [-72.97843898646533, 44.504651483148336], [-72.97844200395048, 44.50466045178473], [-72.97844493761659, 44.50466874986887], [-72.97844870947301, 44.504676880314946], [-72.97845390625298, 44.50468643568456], [-72.97846010886133, 44.504697332158685], [-72.97846606001258, 44.504709066823125], [-72.97847050242126, 44.50472113676369], [-72.97847284935415, 44.50473337434232], [-72.9784735199064, 44.504745695739985], [-72.97847368754447, 44.50475734658539], [-72.97847393900156, 44.504768159240484], [-72.97847410663962, 44.504778888076544], [-72.97847368754447, 44.50478978455067], [-72.97847368754447, 44.50480034574866], [-72.97847528010607, 44.50480998493731], [-72.9784785490483, 44.504818534478545], [-72.97848357819021, 44.50482498854399], [-72.97849053516984, 44.50482850894332], [-72.97849950380623, 44.50482993386686], [-72.97850981354713, 44.5048295147717], [-72.97852112911642, 44.50482674874365], [-72.97853361815214, 44.50482180342078], [-72.97854610718787, 44.5048157684505], [-72.97855599783361, 44.504810152575374], [-72.97856354154646, 44.504804788157344], [-72.97857074998319, 44.50479917228222], [-72.97857862897217, 44.504793556407094], [-72.97858868725598, 44.50478760525584], [-72.97860193066299, 44.504781821742654], [-72.97861852683127, 44.50477779842913], [-72.97863730229437, 44.50477520003915], [-72.9786545690149, 44.50477293692529], [-72.97866781242192, 44.50477033853531], [-72.97867795452476, 44.504767656326294], [-72.9786878451705, 44.50476514175534], [-72.97869890928268, 44.50476195663214], [-72.97871139831841, 44.5047570951283], [-72.97872330062091, 44.50475097633898], [-72.97873361036181, 44.504744689911604], [-72.97874383628368, 44.50473815202713], [-72.97875490039587, 44.50473077595234], [-72.97876562923193, 44.50472197495401], [-72.978773759678, 44.50471208430827], [-72.97877736389637, 44.5047016069293], [-72.97877694480121, 44.504691548645496], [-72.97877451404929, 44.50468249619007], [-72.97877099364996, 44.504674868658185], [-72.97876663506031, 44.50466782785952], [-72.97876160591841, 44.50465902686119], [-72.97875582240522, 44.504647459834814], [-72.97875045798719, 44.504635222256184], [-72.97874593175948, 44.50462248176336], [-72.97874199226499, 44.50460948981345], [-72.9787375498563, 44.50459725223482], [-72.9787322692573, 44.50458602048457], [-72.97872698865831, 44.50457529164851], [-72.97872179187834, 44.504563389346], [-72.97871659509838, 44.50455064885318], [-72.97871123068035, 44.504538495093584], [-72.97870645299554, 44.5045274309814], [-72.97870234586298, 44.504516534507275], [-72.97869798727334, 44.50450454838574], [-72.97869304195046, 44.504491640254855], [-72.97868792898953, 44.50447781011462], [-72.97868315130472, 44.50446305796504], [-72.97867845743895, 44.50444889254868], [-72.9786740988493, 44.504435397684574], [-72.97866948880255, 44.504422741010785], [-72.97866412438452, 44.50441259890795], [-72.97865725122392, 44.50440379790962], [-72.97864895313978, 44.50439474545419], [-72.97864006832242, 44.50438627973199], [-72.97863109968603, 44.50437739491463], [-72.97862154431641, 44.504366079345345], [-72.97861156985164, 44.5043530035764], [-72.97860201448202, 44.50433976016939], [-72.97859380021691, 44.50432735495269], [-72.97858717851341, 44.50431612320244], [-72.97858114354312, 44.50430572964251], [-72.97857468947768, 44.50429508462548], [-72.97856806777418, 44.504284020513296], [-72.9785615298897, 44.50427304022014], [-72.97855499200523, 44.50426205992699], [-72.97854887321591, 44.504250744357705], [-72.97854359261692, 44.50423867441714], [-72.97853839583695, 44.50422543101013], [-72.97853277996182, 44.5042113494128], [-72.97852699644864, 44.50419710017741], [-72.97852171584964, 44.50418301858008], [-72.97851702198386, 44.50417036190629], [-72.97851291485131, 44.504159884527326], [-72.97850931063294, 44.50415091589093], [-72.97850553877652, 44.504141779616475], [-72.97850109636784, 44.50413230806589], [-72.9784959834069, 44.50412258505821], [-72.97849103808403, 44.50411210767925], [-72.97848626039922, 44.504100205376744], [-72.97848072834313, 44.50408671051264], [-72.97847360372543, 44.50407246127725], [-72.97846547327936, 44.50405930168927], [-72.97845776192844, 44.50404806993902], [-72.97845155932009, 44.50403792783618], [-72.97844686545432, 44.504028456285596], [-72.9784425906837, 44.50401923619211], [-72.97843781299889, 44.50400976464152], [-72.97843261621892, 44.50400029309094], [-72.97842683270574, 44.50398964807391], [-72.97842054627836, 44.50397673994303], [-72.97841358929873, 44.50396274216473], [-72.97840621322393, 44.503948325291276], [-72.97839858569205, 44.50393382459879], [-72.9783907905221, 44.50392058119178], [-72.97838307917118, 44.50390951707959], [-72.97837587073445, 44.50390004552901], [-72.97836874611676, 44.50389074161649], [-72.97836103476584, 44.50388018041849], [-72.9783527366817, 44.503868110477924], [-72.97834477387369, 44.50385528616607], [-72.97833731397986, 44.50384254567325], [-72.97832993790507, 44.50382930226624], [-72.97832214273512, 44.503815807402134], [-72.97831434756517, 44.503803150728345], [-72.97830822877586, 44.50379183515906], [-72.97830403782427, 44.503781609237194], [-72.97830051742494, 44.50377213768661], [-72.97829708084464, 44.5037623308599], [-72.97829347662628, 44.50375160202384], [-72.97829012386501, 44.50374078936875], [-72.97828668728471, 44.503729389980435], [-72.97828207723796, 44.503716649487615], [-72.97827654518187, 44.50370281934738], [-72.97827025875449, 44.503689743578434], [-72.97826464287937, 44.503678092733026], [-72.97826045192778, 44.503667866811156], [-72.97825701534748, 44.503658059984446], [-72.9782523214817, 44.50364749878645], [-72.97824603505433, 44.503636015579104], [-72.97823849134147, 44.503624280914664], [-72.97823052853346, 44.50361338444054], [-72.97822273336351, 44.50360290706158], [-72.9782142676413, 44.50359226204455], [-72.97820496372879, 44.503581281751394], [-72.97819515690207, 44.50357021763921], [-72.97818618826568, 44.50355923734605], [-72.97817923128605, 44.50354943051934], [-72.97817369922996, 44.50354088097811], [-72.9781679995358, 44.50353174470365], [-72.97816171310842, 44.503520680591464], [-72.97815592959523, 44.503509029746056], [-72.97815131954849, 44.50349888764322], [-72.97814779914916, 44.50349075719714], [-72.97814478166401, 44.50348346494138], [-72.97814126126468, 44.503474831581116], [-72.97813665121794, 44.50346418656409], [-72.97813137061894, 44.50345211662352], [-72.97812541946769, 44.50343945994973], [-72.97811846248806, 44.50342806056142], [-72.97811125405133, 44.503417667001486], [-72.9781042970717, 44.50340794399381], [-72.97809734009206, 44.50339771807194], [-72.97809013165534, 44.503386402502656], [-72.97808242030442, 44.503374584019184], [-72.97807437367737, 44.50336209498346], [-72.97806548886001, 44.50334860011935], [-72.97805618494749, 44.50333544053137], [-72.97804704867303, 44.503324292600155], [-72.9780384991318, 44.503314988687634], [-72.97803036868572, 44.503306690603495], [-72.97802248969674, 44.503298392519355], [-72.97801528126001, 44.50328975915909], [-72.97800790518522, 44.50327961705625], [-72.97799952328205, 44.50326729565859], [-72.97799021936953, 44.503253381699324], [-72.97798074781895, 44.50323963537812], [-72.97797211445868, 44.50322580523789], [-72.97796465456486, 44.50321222655475], [-72.97795878723264, 44.50319948606193], [-72.97795501537621, 44.50318766757846], [-72.97795241698623, 44.503176771104336], [-72.97794939950109, 44.50316620990634], [-72.97794537618756, 44.503155229613185], [-72.97794026322663, 44.50314290821552], [-72.97793498262763, 44.50312958098948], [-72.97792953439057, 44.50311633758247], [-72.97792349942029, 44.503103932365775], [-72.97791704535484, 44.50309303589165], [-72.97791067510843, 44.50308356434107], [-72.97790464013815, 44.503075098618865], [-72.97789860516787, 44.50306688435376], [-72.97789189964533, 44.50305833481252], [-72.97788402065635, 44.50304894708097], [-72.97787530347705, 44.503038469702005], [-72.97786675393581, 44.503027154132724], [-72.97785895876586, 44.50301583856344], [-72.97785208560526, 44.503005696460605], [-72.97784613445401, 44.50299681164324], [-72.97784068621695, 44.50298884883523], [-72.97783515416086, 44.502981221303344], [-72.9778294544667, 44.50297325849533], [-72.97782400622964, 44.50296454131603], [-72.97781855799258, 44.50295506976545], [-72.97781310975552, 44.50294576585293], [-72.97780816443264, 44.50293847359717], [-72.97780263237655, 44.50293201953173], [-72.97779475338757, 44.50292380526662], [-72.97778419218957, 44.50291357934475], [-72.97777304425836, 44.50290301814675], [-72.97776407562196, 44.502893881872296], [-72.9777570348233, 44.50288558378816], [-72.97775066457689, 44.50287728570402], [-72.97774421051145, 44.50286848470569], [-72.97773633152246, 44.50285851024091], [-72.97772761434317, 44.502847865223885], [-72.97772032208741, 44.502839064225554], [-72.97771487385035, 44.50283160433173], [-72.97770967707038, 44.502823390066624], [-72.97770322300494, 44.50281383469701], [-72.97769593074918, 44.502803860232234], [-72.97768855467439, 44.50279355049133], [-72.9776806756854, 44.50278231874108], [-72.97767237760127, 44.50277150608599], [-72.97766424715519, 44.502761447802186], [-72.97765653580427, 44.502751640975475], [-72.97764932736754, 44.5027416665107], [-72.97764203511178, 44.502731608226895], [-72.97763390466571, 44.50272121466696], [-72.97762501984835, 44.50271098874509], [-72.97761655412614, 44.502701265737414], [-72.97760976478457, 44.502691961824894], [-72.9776050709188, 44.50268391519785], [-72.9776016343385, 44.50267679058015], [-72.97759836539626, 44.502669582143426], [-72.97759526409209, 44.50266203843057], [-72.9775926657021, 44.50265474617481], [-72.97759124077857, 44.50264695100486], [-72.9775913245976, 44.502637227997184], [-72.97759400680661, 44.50262566097081], [-72.97760029323399, 44.50261350721121], [-72.97760993242264, 44.50260294601321], [-72.97762116417289, 44.502594815567136], [-72.97763356938958, 44.50258827768266], [-72.97764714807272, 44.50258199125528], [-72.97766181640327, 44.50257562100887], [-72.97767623327672, 44.50256925076246], [-72.97768863849342, 44.50256371870637], [-72.97769878059626, 44.50255944393575], [-72.977708671242, 44.50255542062223], [-72.97772040590644, 44.502550307661295], [-72.97773364931345, 44.50254385359585], [-72.97774731181562, 44.502536561340094], [-72.97775996848941, 44.5025294367224], [-72.97776985913515, 44.502523485571146], [-72.97777731902897, 44.502519043162465], [-72.9777847789228, 44.50251451693475], [-72.97779374755919, 44.50250898487866], [-72.97780439257622, 44.502502363175154], [-72.97781579196453, 44.502495154738426], [-72.97782635316253, 44.50248761102557], [-72.97783439978957, 44.50248023495078], [-72.97784077003598, 44.50247327797115], [-72.97784722410142, 44.50246590189636], [-72.97785501927137, 44.50245684944093], [-72.9778638202697, 44.50244612060487], [-72.977872537449, 44.502434050664306], [-72.97788008116186, 44.50242206454277], [-72.97788603231311, 44.502411503344774], [-72.97789122909307, 44.50240236707032], [-72.97789642587304, 44.50239432044327], [-72.97790254466236, 44.50238644145429], [-72.97790983691812, 44.50237856246531], [-72.97791888937354, 44.50237026438117], [-72.97792945057154, 44.50236096046865], [-72.9779399279505, 44.50235165655613], [-72.97794956713915, 44.5023428555578], [-72.97795903868973, 44.50233321636915], [-72.97796976752579, 44.50232173316181], [-72.97798250801861, 44.502309914678335], [-72.97799658961594, 44.5022997725755], [-72.97801016829908, 44.50229172594845], [-72.97802173532546, 44.502284433692694], [-72.9780318774283, 44.50227647088468], [-72.97804210335016, 44.50226750224829], [-72.97805266454816, 44.50225777924061], [-72.97806297428906, 44.502247385680676], [-72.97807269729674, 44.50223632156849], [-72.97808200120926, 44.5022252574563], [-72.97809105366468, 44.5022149477154], [-72.97809977084398, 44.502205811440945], [-72.97810857184231, 44.50219717808068], [-72.97811762429774, 44.50218887999654], [-72.97812709584832, 44.50218024663627], [-72.97813832759857, 44.50217035599053], [-72.97815098427236, 44.502159459516406], [-72.97816372476518, 44.50214873068035], [-72.97817638143897, 44.50213850475848], [-72.97818962484598, 44.50212802737951], [-72.97820311971009, 44.50211729854345], [-72.97821560874581, 44.50210732407868], [-72.97822684049606, 44.50209894217551], [-72.97823798842728, 44.50209081172943], [-72.97824972309172, 44.50208293274045], [-72.97826212830842, 44.50207572430372], [-72.97827755101025, 44.50206910260022], [-72.97829657793045, 44.50206273235381], [-72.97831610776484, 44.50205761939287], [-72.97833563759923, 44.502053847536445], [-72.97835449688137, 44.5020510815084], [-72.97837025485933, 44.50204965658486], [-72.9783839173615, 44.502049908041954], [-72.97839816659689, 44.50205208733678], [-72.97841425985098, 44.502055272459984], [-72.97843119129539, 44.50205812230706], [-72.97844862565398, 44.50206005014479], [-72.97846673056483, 44.502061139792204], [-72.97848466783762, 44.50206181034446], [-72.9785012640059, 44.50206281617284], [-72.9785166028887, 44.50206499546766], [-72.9785321932286, 44.502068515866995], [-72.97854795120656, 44.5020732935518], [-72.97856387682259, 44.50207907706499], [-72.97858022153378, 44.5020854473114], [-72.97859690152109, 44.50209206901491], [-72.97861291095614, 44.50209852308035], [-72.97862799838185, 44.50210455805063], [-72.97864191234112, 44.50210992246866], [-72.97865473665297, 44.50211461633444], [-72.97866705805063, 44.50211922638118], [-72.97868088819087, 44.502124758437276], [-72.97869672998786, 44.50213179923594], [-72.97871307469904, 44.502139845862985], [-72.97872807830572, 44.50214797630906], [-72.97874039970338, 44.502155017107725], [-72.97875163145363, 44.50216046534479], [-72.97876319848001, 44.502165829762816], [-72.97877593897283, 44.50217278674245], [-72.97878993675113, 44.50218100100756], [-72.9788033477962, 44.502189215272665], [-72.97881600446999, 44.50219684280455], [-72.97882773913443, 44.50220421887934], [-72.97883905470371, 44.50221209786832], [-72.97884936444461, 44.50222031213343], [-72.97885841690004, 44.50222861021757], [-72.97886646352708, 44.502237075939775], [-72.97887383960187, 44.50224604457617], [-72.97888012602925, 44.50225451029837], [-72.97888054512441, 44.502259120345116], [-72.97887090593576, 44.502257108688354], [-72.97885690815747, 44.502249816432595], [-72.97884400002658, 44.50224068015814], [-72.97883159480989, 44.502232382074], [-72.97881902195513, 44.50222500599921], [-72.97880628146231, 44.50221830047667], [-72.97879203222692, 44.5022117625922], [-72.97877593897283, 44.50220497325063], [-72.97875967808068, 44.50219885446131], [-72.9787444230169, 44.50219332240522], [-72.97873050905764, 44.50218737125397], [-72.9787185229361, 44.50218100100756], [-72.97870854847133, 44.50217563658953], [-72.9786979034543, 44.50217094272375], [-72.97868382185698, 44.50216616503894], [-72.97866789624095, 44.50216147117317], [-72.97865247353911, 44.50215728022158], [-72.97863855957985, 44.50215384364128], [-72.97862598672509, 44.502150658518076], [-72.97861316241324, 44.502146719023585], [-72.97859866172075, 44.502141354605556], [-72.97858390957117, 44.50213523581624], [-72.9785704985261, 44.50212886556983], [-72.97855792567134, 44.50212299823761], [-72.9785459395498, 44.50211763381958], [-72.97853353433311, 44.502112520858645], [-72.97851936891675, 44.50210682116449], [-72.97850327566266, 44.5021010376513], [-72.97848718240857, 44.50209701433778], [-72.97847251407802, 44.50209517031908], [-72.9784597735852, 44.50209475122392], [-72.97844753600657, 44.50209458358586], [-72.97843437641859, 44.502094415947795], [-72.97841995954514, 44.50209424830973], [-72.97840336337686, 44.50209424830973], [-72.9783855099231, 44.502094918861985], [-72.97836799174547, 44.502096846699715], [-72.97835173085332, 44.50210045091808], [-72.97833731397986, 44.50210497714579], [-72.97832465730608, 44.502110090106726], [-72.97831317409873, 44.50211528688669], [-72.97830303199589, 44.50212073512375], [-72.97829356044531, 44.50212702155113], [-72.9782837536186, 44.50213464908302], [-72.9782734438777, 44.50214386917651], [-72.9782628826797, 44.50215417891741], [-72.97825290821493, 44.50216457247734], [-72.97824419103563, 44.50217379257083], [-72.97823597677052, 44.50218209065497], [-72.97822734341025, 44.502190137282014], [-72.97821778804064, 44.50219793245196], [-72.97820756211877, 44.50220606289804], [-72.97819649800658, 44.502214612439275], [-72.97818509861827, 44.50222349725664], [-72.97817369922996, 44.502232382074], [-72.9781629703939, 44.50224118307233], [-72.978152660653, 44.50224998407066], [-72.97814243473113, 44.50225886888802], [-72.97813195735216, 44.50226808898151], [-72.97812089323997, 44.50227823108435], [-72.9781093262136, 44.5022894628346], [-72.97809775918722, 44.50230094604194], [-72.97808728180826, 44.50231159105897], [-72.97807722352445, 44.50232081115246], [-72.97806750051677, 44.50232827104628], [-72.97805861569941, 44.50233455747366], [-72.97804956324399, 44.50234143063426], [-72.97804017551243, 44.5023497287184], [-72.97803145833313, 44.502359200268984], [-72.97802441753447, 44.502369007095695], [-72.97801796346903, 44.50237805955112], [-72.9780107550323, 44.50238585472107], [-72.97800279222429, 44.5023928117007], [-72.97799432650208, 44.502400271594524], [-72.9779851064086, 44.502408066764474], [-72.9779763892293, 44.50241661630571], [-72.97796884551644, 44.50242592021823], [-72.97796188853681, 44.50243530794978], [-72.9779555182904, 44.50244410894811], [-72.97794965095818, 44.50245232321322], [-72.97794369980693, 44.502460453659296], [-72.97793749719858, 44.502468751743436], [-72.97793062403798, 44.50247688218951], [-72.97792266122997, 44.50248459354043], [-72.97791360877454, 44.50249255634844], [-72.97790329903364, 44.50250152498484], [-72.97789148055017, 44.50251183472574], [-72.97787899151444, 44.50252306647599], [-72.97786708921194, 44.502533711493015], [-72.97785577364266, 44.50254309922457], [-72.97784328460693, 44.502551816403866], [-72.97782861627638, 44.50256044976413], [-72.97781277447939, 44.50256866402924], [-72.97779584303498, 44.502576710656285], [-72.97777824103832, 44.50258484110236], [-72.97776080667973, 44.50259297154844], [-72.97774395905435, 44.50260043144226], [-72.9777276981622, 44.5026068855077], [-72.97771227546036, 44.50261224992573], [-72.97769718803465, 44.50261652469635], [-72.97768126241863, 44.50262046419084], [-72.97766357660294, 44.50262448750436], [-72.97764563933015, 44.50262792408466], [-72.977629378438, 44.50263052247465], [-72.97761487774551, 44.50263270176947], [-72.97760062851012, 44.50263421051204], [-72.97758436761796, 44.50263471342623], [-72.9775654245168, 44.502633875235915], [-72.97754597850144, 44.50263219885528], [-72.97752670012414, 44.502630438655615], [-72.97750784084201, 44.50262859463692], [-72.9774911608547, 44.50262624770403], [-72.97747456468642, 44.502623062580824], [-72.9774567950517, 44.50261937454343], [-72.97743709757924, 44.50261568650603], [-72.9774166457355, 44.502612417563796], [-72.97739644534886, 44.502609483897686], [-72.97737834043801, 44.50260621495545], [-72.97736283391714, 44.50260244309902], [-72.97734866850078, 44.50259833596647], [-72.97733467072248, 44.502594312652946], [-72.97731899656355, 44.50259054079652], [-72.97729971818626, 44.50258685275912], [-72.97727943398058, 44.50258375145495], [-72.97726158052683, 44.502581572160125], [-72.97724464908242, 44.50257930904627], [-72.97722855582833, 44.50257746502757], [-72.97721464186907, 44.502576626837254], [-72.97720148228109, 44.50257629156113], [-72.97718689776957, 44.50257604010403], [-72.97717030160129, 44.502575788646936], [-72.97715177759528, 44.50257536955178], [-72.9771333374083, 44.50257495045662], [-72.97711506485939, 44.502574782818556], [-72.97709754668176, 44.502574279904366], [-72.97708321362734, 44.50257302261889], [-72.97707005403936, 44.502571346238256], [-72.97705530188978, 44.5025690831244], [-72.97703887335956, 44.502565981820226], [-72.97702294774354, 44.50256237760186], [-72.9770088661462, 44.50255894102156], [-72.97699570655823, 44.50255684554577], [-72.97698254697025, 44.50255634263158], [-72.97696896828711, 44.502557097002864], [-72.97695505432785, 44.50255927629769], [-72.97694164328277, 44.50256237760186], [-72.97692890278995, 44.502566484734416], [-72.9769163299352, 44.50257151387632], [-72.97690325416625, 44.5025775488466], [-72.97688841819763, 44.502584505826235], [-72.97687081620097, 44.502591881901026], [-72.97685338184237, 44.5025984197855], [-72.97683720476925, 44.50260395184159], [-72.97682169824839, 44.5026087295264], [-72.9768071975559, 44.502612836658955], [-72.97679211013019, 44.50261660851538], [-72.9767762683332, 44.50262054800987], [-72.97676092945039, 44.50262440368533], [-72.97674626111984, 44.502628007903695], [-72.97673192806542, 44.50263152830303], [-72.97671751119196, 44.50263521634042], [-72.97670183703303, 44.50263957493007], [-72.97668515704572, 44.50264435261488], [-72.9766689799726, 44.50264938175678], [-72.9766531381756, 44.50265449471772], [-72.976638302207, 44.50265969149768], [-72.97662765718997, 44.50266455300152], [-72.97662120312452, 44.502668995410204], [-72.97661751508713, 44.50267285108566], [-72.97661567106843, 44.502675952389836], [-72.97661508433521, 44.502678299322724], [-72.97661491669714, 44.50268014334142], [-72.97661500051618, 44.5026814006269], [-72.97661508433521, 44.502682238817215], [-72.97661516815424, 44.50268265791237], [-72.97661516815424, 44.50268265791237], [-72.97661491669714, 44.50268240645528], [-72.97661432996392, 44.50268165208399], [-72.97661315649748, 44.502680227160454], [-72.97661080956459, 44.502677796408534], [-72.976606618613, 44.502673940733075], [-72.97659966163337, 44.50266790576279], [-72.97659119591117, 44.50265944004059], [-72.97658289782703, 44.5026483759284], [-72.97657535411417, 44.50263496488333], [-72.97656781040132, 44.502620883286], [-72.97655917704105, 44.502606969326735], [-72.976548448205, 44.50259322300553], [-72.97653503715992, 44.502579141408205], [-72.9765202011913, 44.502564975991845], [-72.9765067063272, 44.50255215167999], [-72.97649513930082, 44.50254091992974], [-72.97648415900767, 44.50253052636981], [-72.97647275961936, 44.50252038426697], [-72.97646119259298, 44.502510242164135], [-72.97644929029047, 44.502500016242266], [-72.97643663361669, 44.50248987413943], [-72.97642271965742, 44.50248006731272], [-72.97640771605074, 44.502471182495356], [-72.97639195807278, 44.502462800592184], [-72.97637603245676, 44.502454586327076], [-72.97636128030717, 44.50244704261422], [-72.97634912654757, 44.502441175282], [-72.9763391520828, 44.50243706814945], [-72.97632867470384, 44.50243379920721], [-72.97631610184908, 44.50243187136948], [-72.97630151733756, 44.50243145227432], [-72.97628642991185, 44.502432541921735], [-72.97627276740968, 44.502434553578496], [-72.97626103274524, 44.50243765488267], [-72.9762495495379, 44.50244209729135], [-72.97623647376895, 44.50244754552841], [-72.97622197307646, 44.5024533290416], [-72.97620696946979, 44.502458442002535], [-72.97619129531085, 44.50246271677315], [-72.97617411240935, 44.50246640481055], [-72.97615533694625, 44.50246908701956], [-72.97613639384508, 44.50247009284794], [-72.97611904330552, 44.50246984139085], [-72.97610336914659, 44.50246942229569], [-72.97608744353056, 44.502469254657626], [-72.97607076354325, 44.50246958993375], [-72.97605207189918, 44.502470595762134], [-72.97603279352188, 44.502471685409546], [-72.97601561062038, 44.50247227214277], [-72.97599960118532, 44.50247227214277], [-72.97598384320736, 44.502471601590514], [-72.97596791759133, 44.502470595762134], [-72.97595190815628, 44.50246950611472], [-72.97593564726412, 44.5024689193815], [-72.97591804526746, 44.50246908701956], [-72.97589977271855, 44.50246942229569], [-72.97588267363608, 44.502469757571816], [-72.9758679214865, 44.50247009284794], [-72.97585534863174, 44.50247093103826], [-72.97584260813892, 44.50247285887599], [-72.97582877799869, 44.50247562490404], [-72.97581335529685, 44.50247889384627], [-72.97579642385244, 44.50248274952173], [-72.97577974386513, 44.50248668901622], [-72.97576448880136, 44.50248995795846], [-72.97575015574694, 44.50249238871038], [-72.97573607414961, 44.502494148910046], [-72.97572182491422, 44.50249624438584], [-72.97570648603141, 44.502499429509044], [-72.97569039277732, 44.5025035366416], [-72.97567513771355, 44.50250789523125], [-72.97566097229719, 44.50251191854477], [-72.97564839944243, 44.50251476839185], [-72.97563792206347, 44.50251644477248], [-72.97562786377966, 44.50251778587699], [-72.97561747021973, 44.502518540248275], [-72.97560757957399, 44.502518037334085], [-72.97559777274728, 44.50251686386764], [-72.97558570280671, 44.50251443311572], [-72.97557145357132, 44.502509823068976], [-72.97555737197399, 44.50250320136547], [-72.97554555349052, 44.502495573833585], [-72.97553666867316, 44.5024876948446], [-72.9755291249603, 44.502479396760464], [-72.97552200034261, 44.502470595762134], [-72.97551571391523, 44.50246162712574], [-72.97550993040204, 44.50245240703225], [-72.97550397925079, 44.50244243256748], [-72.97549811191857, 44.502432039007545], [-72.97549224458635, 44.50242114253342], [-72.97548704780638, 44.502411000430584], [-72.97548277303576, 44.50240245088935], [-72.9754789173603, 44.50239473953843], [-72.97547531314194, 44.50238727964461], [-72.97547179274261, 44.502380322664976], [-72.9754686076194, 44.50237353332341], [-72.97546584159136, 44.50236674398184], [-72.97546416521072, 44.502360289916396], [-72.97546324320138, 44.50235417112708], [-72.975462237373, 44.50234863907099], [-72.9754603933543, 44.502344112843275], [-72.97545704059303, 44.50233933515847], [-72.9754519276321, 44.502333384007215], [-72.97544622793794, 44.50232642702758], [-72.97544069588184, 44.50231930240989], [-72.97543549910188, 44.50231251306832], [-72.97543038614094, 44.50230622664094], [-72.97542468644679, 44.502299688756466], [-72.97541789710522, 44.50229222886264], [-72.9754101857543, 44.50228376314044], [-72.97540213912725, 44.5022754650563], [-72.97539417631924, 44.50226825661957], [-72.97538512386382, 44.50226138345897], [-72.97537473030388, 44.50225333683193], [-72.97536391764879, 44.50224378146231], [-72.97535452991724, 44.50223389081657], [-72.97534799203277, 44.502225844189525], [-72.97534313052893, 44.502219557762146], [-72.97533810138702, 44.502213690429926], [-72.975332736969, 44.50220748782158], [-72.97532686963677, 44.5022012013942], [-72.97532024793327, 44.50219483114779], [-72.9753134585917, 44.50218812562525], [-72.97530809417367, 44.502181336283684], [-72.9753044899553, 44.50217479839921], [-72.97530214302242, 44.50216750614345], [-72.9753013048321, 44.50215979479253], [-72.97530205920339, 44.50215241871774], [-72.97530365176499, 44.502144791185856], [-72.9753049928695, 44.502137247473], [-72.97530507668853, 44.50213121250272], [-72.9753034003079, 44.50212643481791], [-72.97530029900372, 44.50212207622826], [-72.9752960242331, 44.50211780145764], [-72.97528957016766, 44.50211235322058], [-72.97528236173093, 44.502106569707394], [-72.97527632676065, 44.502102294936776], [-72.97527180053294, 44.502098858356476], [-72.97526844777167, 44.5020957570523], [-72.97526593320072, 44.50209307484329], [-72.97526367008686, 44.502089554443955], [-72.97526065260172, 44.50208393856883], [-72.97525688074529, 44.50207723304629], [-72.97525310888886, 44.50207186862826], [-72.97524958848953, 44.50206868350506], [-72.9752463195473, 44.50206692330539], [-72.97524305060506, 44.50206616893411], [-72.9752394463867, 44.502065582200885], [-72.97523517161608, 44.502065163105726], [-72.97523014247417, 44.502065079286695], [-72.97522377222776, 44.50206616893411], [-72.97521547414362, 44.50206868350506], [-72.97520566731691, 44.502072371542454], [-72.97519510611892, 44.5020769815892], [-72.97518479637802, 44.50208159163594], [-72.97517532482743, 44.50208578258753], [-72.97516635619104, 44.50208938680589], [-72.97515638172626, 44.50209223665297], [-72.9751440603286, 44.50209458358586], [-72.97512905672193, 44.502096427604556], [-72.97511371783912, 44.50209802016616], [-72.97510064207017, 44.502099780365825], [-72.97508865594864, 44.50210195966065], [-72.97507490962744, 44.5021044742316], [-72.97505957074463, 44.50210698880255], [-72.9750423040241, 44.50210941955447], [-72.97502336092293, 44.50211193412542], [-72.9750042501837, 44.50211470015347], [-72.97498631291091, 44.50211780145764], [-72.97497063875198, 44.50212090276182], [-72.97495647333562, 44.502124171704054], [-72.97494281083345, 44.502127692103386], [-72.97492923215032, 44.50213146395981], [-72.97491523437202, 44.502135990187526], [-72.97490199096501, 44.502141270786524], [-72.97489134594798, 44.502146216109395], [-72.97488313168287, 44.50215082615614], [-72.97487642616034, 44.50215518474579], [-72.97486913390458, 44.502160381525755], [-72.97486008144915, 44.50216691941023], [-72.97485002316535, 44.50217463076115], [-72.97484088689089, 44.502182928845286], [-72.97483434900641, 44.50219055637717], [-72.9748298227787, 44.502197513356805], [-72.97482470981777, 44.50220597907901], [-72.97481800429523, 44.50221578590572], [-72.97481062822044, 44.502225844189525], [-72.97480308450758, 44.50223523192108], [-72.9747954569757, 44.502244368195534], [-72.97478766180575, 44.502253672108054], [-72.97478045336902, 44.50226222164929], [-72.97477374784648, 44.5022704359144], [-72.97476687468588, 44.50227923691273], [-72.97475966624916, 44.50228912755847], [-72.97475145198405, 44.5022997725755], [-72.97474298626184, 44.50230932794511], [-72.97473669983447, 44.502314776182175], [-72.97473384998739, 44.50231594964862], [-72.9747333470732, 44.50231460854411], [-72.97473317943513, 44.50231276452541], [-72.97473242506385, 44.50231117196381], [-72.97473024576902, 44.5023100823164], [-72.97472630627453, 44.50231050141156], [-72.97472035512328, 44.50231343507767], [-72.97471071593463, 44.502319721505046], [-72.97469839453697, 44.502328941598535], [-72.97468649223447, 44.50233883224428], [-72.97467643395066, 44.50234821997583], [-72.97466805204749, 44.50235752388835], [-72.97466017305851, 44.50236682780087], [-72.9746519587934, 44.50237655080855], [-72.97464231960475, 44.502387112006545], [-72.97463075257838, 44.50239867903292], [-72.97461910173297, 44.502410078421235], [-72.9746091272682, 44.50242122635245], [-72.97460024245083, 44.5024324581027], [-72.97459211200476, 44.50244268402457], [-72.97458473592997, 44.502451652660966], [-72.97457719221711, 44.50245969928801], [-72.97456881031394, 44.502468165010214], [-72.97455741092563, 44.50247788801789], [-72.97454291023314, 44.502488281577826], [-72.97452715225518, 44.502497501671314], [-72.974510807544, 44.50250521302223], [-72.97449513338506, 44.50251108035445], [-72.97448088414967, 44.5025156904012], [-72.97446671873331, 44.502520468086004], [-72.97445146366954, 44.502525748685], [-72.97443486750126, 44.50253153219819], [-72.9744172655046, 44.50253773480654], [-72.97439924441278, 44.50254418887198], [-72.97438256442547, 44.50255072675645], [-72.97436898574233, 44.502558102831244], [-72.97435825690627, 44.50256673619151], [-72.97434995882213, 44.50257553718984], [-72.97434392385185, 44.50258366763592], [-72.97433872707188, 44.50259146280587], [-72.97433210536838, 44.502599593251944], [-72.97432338818908, 44.50260906480253], [-72.97431358136237, 44.50261996127665], [-72.97430369071662, 44.50263169594109], [-72.97429396770895, 44.502644101157784], [-72.97428550198674, 44.50265608727932], [-72.97427862882614, 44.502666648477316], [-72.97427251003683, 44.502676371484995], [-72.97426630742848, 44.50268542394042], [-72.97425968572497, 44.50269414111972], [-72.9742513038218, 44.50270394794643], [-72.9742409940809, 44.50271534733474], [-72.97423034906387, 44.50272683054209], [-72.97421987168491, 44.50273722410202], [-72.9742100648582, 44.502746779471636], [-72.97420151531696, 44.502755496650934], [-72.97419397160411, 44.502763794735074], [-72.97418693080544, 44.50277200900018], [-72.97418030910194, 44.50278022326529], [-72.97417393885553, 44.50278835371137], [-72.97416614368558, 44.5027971547097], [-72.97415625303984, 44.502806877717376], [-72.97414518892765, 44.50281651690602], [-72.97413244843483, 44.5028246473521], [-72.974117025733, 44.50283110141754], [-72.97409825026989, 44.50283688493073], [-72.97407721169293, 44.50284191407263], [-72.97405709512532, 44.50284509919584], [-72.97403957694769, 44.50284618884325], [-72.97402339987457, 44.502844009548426], [-72.97400772571564, 44.502838142216206], [-72.97399314120412, 44.502829676494], [-72.97397864051163, 44.50281919911504], [-72.97396380454302, 44.50280696153641], [-72.97394888475537, 44.50279405340552], [-72.97393430024385, 44.50278181582689], [-72.97392005100846, 44.50277108699083], [-72.9739063885063, 44.50276128016412], [-72.97389331273735, 44.50275172479451], [-72.97388040460646, 44.50274216942489], [-72.97386825084686, 44.50273236259818], [-72.97385634854436, 44.50272205285728], [-72.97384310513735, 44.502710737288], [-72.97382885590196, 44.50269900262356], [-72.97381452284753, 44.50268743559718], [-72.9738004412502, 44.50267603620887], [-72.97378711402416, 44.50266488827765], [-72.97377512790263, 44.50265457853675], [-72.9737642314285, 44.5026451908052], [-72.97375308349729, 44.50263496488333], [-72.97374051064253, 44.50262331403792], [-72.97372777014971, 44.502611830830574], [-72.97371553257108, 44.50260168872774], [-72.97370337881148, 44.502592803910375], [-72.97369197942317, 44.50258559547365], [-72.97368091531098, 44.50257947668433], [-72.97367027029395, 44.50257394462824], [-72.9736587870866, 44.50256816111505], [-72.97364571131766, 44.50256187468767], [-72.97363188117743, 44.5025553368032], [-72.97361847013235, 44.502548379823565], [-72.97360673546791, 44.50254175812006], [-72.97359650954604, 44.50253488495946], [-72.9735868703574, 44.502526335418224], [-72.97357832081616, 44.50251644477248], [-72.9735712800175, 44.50250722467899], [-72.97356608323753, 44.50250068679452], [-72.97356323339045, 44.50249725021422], [-72.97356189228594, 44.50249540619552], [-72.9735609702766, 44.50249431654811], [-72.97356038354337, 44.50249339453876], [-72.97355971299112, 44.50249230489135], [-72.97355904243886, 44.502490628510714], [-72.97355845570564, 44.502488281577826], [-72.97355803661048, 44.50248543173075], [-72.97355778515339, 44.50248216278851], [-72.97355744987726, 44.50247839093208], [-72.97355719842017, 44.5024739485234], [-72.97355736605823, 44.502467662096024], [-72.97355895861983, 44.50245886109769], [-72.97356222756207, 44.502449221909046], [-72.97356717288494, 44.502439834177494], [-72.97357463277876, 44.50243036262691], [-72.97358402051032, 44.502420807257295], [-72.97359340824187, 44.50241225771606], [-72.97360103577375, 44.50240555219352], [-72.97360640019178, 44.502400271594524], [-72.9736106749624, 44.50239574536681], [-72.97361562028527, 44.50239063240588], [-72.97362190671265, 44.50238476507366], [-72.97362802550197, 44.502379735931754], [-72.97363238409162, 44.502376802265644], [-72.9736352339387, 44.50237571261823], [-72.97363791614771, 44.502375377342105], [-72.97364135272801, 44.502374874427915], [-72.97364587895572, 44.50237412005663], [-72.97365132719278, 44.502372946590185], [-72.97365811653435, 44.50237110257149], [-72.97366633079946, 44.50236816890538], [-72.97367529943585, 44.50236489996314], [-72.97368284314871, 44.50236246921122], [-72.97368762083352, 44.50236129574478], [-72.9736902192235, 44.50236087664962], [-72.97369239851832, 44.50236054137349], [-72.97369482927024, 44.502360206097364], [-72.97369692474604, 44.502359787002206], [-72.97369910404086, 44.50235911644995], [-72.97370136715472, 44.50235811062157], [-72.97370438463986, 44.502356853336096], [-72.97370832413435, 44.50235526077449], [-72.97371335327625, 44.502353332936764], [-72.9737198073417, 44.50235106982291], [-72.97372818924487, 44.50234830379486], [-72.97373875044286, 44.50234478339553], [-72.97375123947859, 44.50234034098685], [-72.97376322560012, 44.50233615003526], [-72.97377345152199, 44.50233279727399], [-72.97378283925354, 44.5023291092366], [-72.9737938195467, 44.50232399627566], [-72.97380773350596, 44.50231737457216], [-72.97382365912199, 44.502309914678335], [-72.9738403391093, 44.50230186805129], [-72.97385542653501, 44.502294240519404], [-72.97386758029461, 44.50228812173009], [-72.97387805767357, 44.502283008769155], [-72.9738884512335, 44.50227756053209], [-72.97389892861247, 44.50227211229503], [-72.9739098250866, 44.50226632878184], [-72.97392223030329, 44.50225979089737], [-72.97393673099577, 44.50225241482258], [-72.97395190224051, 44.502244871109724], [-72.97396556474268, 44.502237662673], [-72.97397654503584, 44.502230789512396], [-72.97398651950061, 44.502224419265985], [-72.9739973321557, 44.5022183842957], [-72.97400864772499, 44.50221285223961], [-72.97401987947524, 44.502207236364484], [-72.97403094358742, 44.502201452851295], [-72.97404150478542, 44.50219533406198], [-72.97405038960278, 44.50218996964395], [-72.97405768185854, 44.502186281606555], [-72.97406530939043, 44.5021837670356], [-72.97407520003617, 44.502181336283684], [-72.97408752143383, 44.502178402617574], [-72.97410051338375, 44.50217488221824], [-72.97411350533366, 44.50217077508569], [-72.97412649728358, 44.502165829762816], [-72.97413957305253, 44.502159878611565], [-72.97415306791663, 44.502153089269996], [-72.97416798770428, 44.50214562937617], [-72.97418433241546, 44.50213766656816], [-72.97420084476471, 44.50212995521724], [-72.97421786002815, 44.50212266296148], [-72.97423512674868, 44.50211620889604], [-72.97425088472664, 44.50211084447801], [-72.97426454722881, 44.502106150612235], [-72.9742769524455, 44.50210195966065], [-72.97428919002414, 44.50209793634713], [-72.97430234961212, 44.50209324248135], [-72.9743168503046, 44.50208737514913], [-72.97433252446353, 44.50208108872175], [-72.97434845007956, 44.50207522138953], [-72.97436378896236, 44.50207019224763], [-72.97437862493098, 44.502066085115075], [-72.97439379617572, 44.50206231325865], [-72.97440913505852, 44.50205845758319], [-72.97442455776036, 44.502053847536445], [-72.97443922609091, 44.50204873457551], [-72.9744532238692, 44.5020439568907], [-72.97446805983782, 44.50203951448202], [-72.974484404549, 44.50203498825431], [-72.97450267709792, 44.50203054584563], [-72.9745211172849, 44.502026941627264], [-72.97453871928155, 44.502024510875344], [-72.97455598600209, 44.50202249921858], [-72.97457166016102, 44.50201981700957], [-72.97458649612963, 44.502015793696046], [-72.9746022541076, 44.50201009400189], [-72.97461843118072, 44.50200389139354], [-72.97463519498706, 44.50199777260423], [-72.9746517073363, 44.50199156999588], [-72.9746662080288, 44.50198587030172], [-72.9746797028929, 44.50198042206466], [-72.97469303011894, 44.5019749738276], [-72.97470577061176, 44.5019696932286], [-72.97471792437136, 44.50196474790573], [-72.97473091632128, 44.50195896439254], [-72.97474533319473, 44.501951755955815], [-72.9747605882585, 44.501943876966834], [-72.9747761785984, 44.501936081796885], [-72.97479160130024, 44.50192837044597], [-72.97480626963079, 44.501920994371176], [-72.9748197644949, 44.50191437266767], [-72.97483099624515, 44.50190884061158], [-72.97484080307186, 44.501903811469674], [-72.97485086135566, 44.501898447051644], [-72.97486133873463, 44.50189232826233], [-72.97487215138972, 44.501884784549475], [-72.97488355077803, 44.501875564455986], [-72.97489520162344, 44.501864751800895], [-72.97490551136434, 44.501854525879025], [-72.97491263598204, 44.50184740126133], [-72.97491632401943, 44.50184304267168], [-72.97491749748588, 44.501840779557824], [-72.97491732984781, 44.50183968991041], [-72.97491657547653, 44.501839354634285], [-72.97491582110524, 44.501839354634285], [-72.97491515055299, 44.501839354634285], [-72.97491473145783, 44.50183918699622], [-72.9749146476388, 44.501838851720095], [-72.97491481527686, 44.50183826498687], [-72.97491556964815, 44.50183725915849], [-72.97491716220975, 44.50183583423495], [-72.97492043115199, 44.50183382257819], [-72.97492638230324, 44.50183080509305], [-72.97493426129222, 44.50182770378888], [-72.97494113445282, 44.50182544067502], [-72.97494649887085, 44.50182359665632], [-72.97495152801275, 44.50182233937085], [-72.97495731152594, 44.50182208791375], [-72.9749648552388, 44.5018230099231], [-72.97497508116066, 44.50182535685599], [-72.97498765401542, 44.501829547807574], [-72.9749992210418, 44.50183474458754], [-72.97500751912594, 44.50183927081525], [-72.97501313500106, 44.5018420368433], [-72.9750166554004, 44.50184287503362], [-72.97501908615232, 44.501842791214585], [-72.97502118162811, 44.50184220448136], [-72.97502336092293, 44.50184145011008], [-72.97502520494163, 44.50184069573879], [-72.97502688132226, 44.5018404442817], [-72.97502939589322, 44.50184195302427], [-72.97503266483545, 44.5018470659852], [-72.97503601759672, 44.50185427442193], [-72.97503769397736, 44.5018592197448], [-72.97503660432994, 44.501859890297055], [-72.97503367066383, 44.501857375726104], [-72.9750301502645, 44.50185318477452], [-72.97502746805549, 44.50184773653746], [-72.97502688132226, 44.50184094719589], [-72.9750298988074, 44.501832481473684], [-72.9750370234251, 44.501822255551815], [-72.97504708170891, 44.501812029629946], [-72.9750592354685, 44.50180247426033], [-72.97507281415164, 44.50179308652878], [-72.9750874824822, 44.501783698797226], [-72.97510164789855, 44.50177548453212], [-72.975113382563, 44.5017696171999], [-72.97512193210423, 44.5017659291625], [-72.97512746416032, 44.5017643366009], [-72.97513023018837, 44.501764085143805], [-72.97513081692159, 44.50176442041993], [-72.9751303140074, 44.50176483951509], [-72.97512972727418, 44.50176525861025], [-72.97512939199805, 44.50176567770541], [-72.9751287214458, 44.5017659291625], [-72.97512771561742, 44.501766096800566], [-72.97512704506516, 44.50176626443863], [-72.9751268774271, 44.50176634825766], [-72.97512679360807, 44.501766515895724], [-72.97512654215097, 44.501766515895724], [-72.97512612305582, 44.501766515895724], [-72.97512578777969, 44.501766515895724], [-72.97512570396066, 44.50176685117185], [-72.97512578777969, 44.501767521724105], [-72.97512645833194, 44.50176861137152], [-72.97512738034129, 44.50177037157118], [-72.97512830235064, 44.50177263468504], [-72.97512939199805, 44.50177514925599], [-72.97512997873127, 44.50177799910307], [-72.97512905672193, 44.501781268045306], [-72.97512763179839, 44.50178428553045], [-72.97512654215097, 44.501786129549146], [-72.97512578777969, 44.501787135377526], [-72.9751255363226, 44.50178730301559], [-72.97512595541775, 44.501786548644304], [-72.97512696124613, 44.501785123720765], [-72.97512880526483, 44.50178286060691], [-72.9751321580261, 44.50177917256951], [-72.975137187168, 44.501774394884706], [-72.97514414414763, 44.50176861137152], [-72.97515286132693, 44.50176240876317], [-72.97516317106783, 44.50175603851676], [-72.97517448663712, 44.50175008736551], [-72.97518630512059, 44.50174447149038], [-72.97519879415631, 44.501739190891385], [-72.97521195374429, 44.50173399411142], [-72.97522620297968, 44.501728881150484], [-72.9752410389483, 44.50172368437052], [-72.97525646165013, 44.50171848759055], [-72.97527255490422, 44.50171312317252], [-72.9752891510725, 44.50170767493546], [-72.97530541196465, 44.501702478155494], [-72.97532083466649, 44.50169778428972], [-72.9753359220922, 44.501693258062005], [-72.975351260975, 44.501688899472356], [-72.97536727041006, 44.50168470852077], [-72.97538420185447, 44.50168118812144], [-72.97540163621306, 44.5016779191792], [-72.97542016021907, 44.50167356058955], [-72.97543901950121, 44.5016676094383], [-72.97545712441206, 44.501660987734795], [-72.97547464258969, 44.50165453366935], [-72.97549065202475, 44.50164950452745], [-72.97550515271723, 44.501645816490054], [-72.97551889903843, 44.50164279900491], [-72.97553272917867, 44.5016398653388], [-72.97554722987115, 44.501636512577534], [-72.97556365840137, 44.50163257308304], [-72.97558151185513, 44.50162813067436], [-72.97559911385179, 44.501623352989554], [-72.97561487182975, 44.50161832384765], [-72.97562710940838, 44.501614132896066], [-72.97563507221639, 44.501611702144146], [-72.97564026899636, 44.501610612496734], [-72.97564563341439, 44.50160960666835], [-72.97565108165145, 44.50160860083997], [-72.9756554402411, 44.501607762649655], [-72.9756588768214, 44.50160692445934], [-72.97566172666848, 44.50160600244999], [-72.97566440887749, 44.50160516425967], [-72.9756675940007, 44.501604326069355], [-72.9756723716855, 44.50160306878388], [-72.9756797477603, 44.50160114094615], [-72.97569022513926, 44.501597955822945], [-72.97570338472724, 44.50159418396652], [-72.97571872361004, 44.501590663567185], [-72.97573490068316, 44.501588232815266], [-72.97575023956597, 44.50158739462495], [-72.97576507553458, 44.50158781372011], [-72.9757817555219, 44.50158940628171], [-72.97580145299435, 44.50159301050007], [-72.97582031227648, 44.50159787200391], [-72.97583615407348, 44.501602817326784], [-72.97584998421371, 44.501607762649655], [-72.97586272470653, 44.50161321088672], [-72.97587554901838, 44.50161891058087], [-72.97588971443474, 44.50162494555116], [-72.9759038798511, 44.50163047760725], [-72.97591662034392, 44.501634668558836], [-72.97592776827514, 44.50163793750107], [-72.97593841329217, 44.50164154171944], [-72.97594998031855, 44.501646319404244], [-72.97596079297364, 44.501651180908084], [-72.97596682794392, 44.50165352784097], [-72.97596774995327, 44.50165302492678], [-72.97596682794392, 44.50165143236518], [-72.97596548683941, 44.50164967216551], [-72.97596473246813, 44.50164841488004], [-72.97596490010619, 44.50164807960391], [-72.97596666030586, 44.50164916925132], [-72.97597068361938, 44.50165243819356], [-72.97597697004676, 44.501657634973526], [-72.97598543576896, 44.50166434049606], [-72.97599465586245, 44.501671800389886], [-72.97600194811821, 44.50167942792177], [-72.97600647434592, 44.50168747454882], [-72.97600873745978, 44.5016969460994], [-72.97600655816495, 44.501708429306746], [-72.97599809244275, 44.501720583066344], [-72.975985519588, 44.501731814816594], [-72.9759715218097, 44.50174279510975], [-72.9759575240314, 44.50175327248871], [-72.97594335861504, 44.50176224112511], [-72.9759281873703, 44.50177062302828], [-72.97591276466846, 44.50177858583629], [-72.97589851543307, 44.50178571045399], [-72.97588552348316, 44.50179283507168], [-72.97587404027581, 44.501800211146474], [-72.97586347907782, 44.50180783867836], [-72.97585316933692, 44.501815969124436], [-72.97584193758667, 44.50182493776083], [-72.97583062201738, 44.501834409311414], [-72.97581964172423, 44.50184404850006], [-72.97580966725945, 44.501853100955486], [-72.97580136917531, 44.50186047703028], [-72.97579390928149, 44.50186592526734], [-72.97578535974026, 44.50187028385699], [-72.97577354125679, 44.501874977722764], [-72.97575853765011, 44.5018800906837], [-72.97574336640537, 44.50188453309238], [-72.97573029063642, 44.50188788585365], [-72.97572148963809, 44.50188931077719], [-72.97571679577231, 44.501888221129775], [-72.97571361064911, 44.50188604183495], [-72.97571034170687, 44.50188403017819], [-72.97570581547916, 44.50188294053078], [-72.97569936141372, 44.50188319198787], [-72.9756916500628, 44.501884784549475], [-72.9756829328835, 44.50188738293946], [-72.97567212022841, 44.50189056806266], [-72.9756586253643, 44.50189425610006], [-72.97564269974828, 44.50189827941358], [-72.97562643885612, 44.50190171599388], [-72.97561109997332, 44.50190423056483], [-72.97559743747115, 44.50190615840256], [-72.9755848646164, 44.50190817005932], [-72.97557153739035, 44.50191093608737], [-72.97555569559336, 44.501915127038956], [-72.97553926706314, 44.501920407637954], [-72.97552401199937, 44.501926274970174], [-72.97550884075463, 44.501932226121426], [-72.97549434006214, 44.50193775817752], [-72.97548151575029, 44.50194287113845], [-72.9754691105336, 44.50194823555648], [-72.97545611858368, 44.50195393525064], [-72.97544279135764, 44.50195946730673], [-72.9754289612174, 44.501964915543795], [-72.97541404142976, 44.50197095051408], [-72.97539786435664, 44.50197782367468], [-72.9753824416548, 44.50198486447334], [-72.97536877915263, 44.50199198909104], [-72.97535670921206, 44.5019990298897], [-72.97534723766148, 44.50200531631708], [-72.97533852048218, 44.50201160274446], [-72.97532770782709, 44.50201889500022], [-72.97531454823911, 44.50202719308436], [-72.9753013048321, 44.50203498825431], [-72.97528931871057, 44.5020407717675], [-72.97527791932225, 44.50204546563327], [-72.97526559792459, 44.50205024331808], [-72.97525277361274, 44.5020561106503], [-72.97523877583444, 44.502063151448965], [-72.97522427514195, 44.502070527523756], [-72.9752098582685, 44.5020767301321], [-72.97519477084279, 44.50208159163594], [-72.97517968341708, 44.502085112035275], [-72.97516325488687, 44.50208771042526], [-72.97514531761408, 44.50208988972008], [-72.97512788325548, 44.50209139846265], [-72.97511204145849, 44.50209273956716], [-72.97509762458503, 44.50209424830973], [-72.97508362680674, 44.5020960085094], [-72.9750702995807, 44.50209776870906], [-72.97505730763078, 44.502099780365825], [-72.97504423186183, 44.50210212729871], [-72.9750298988074, 44.502104641869664], [-72.97501414082944, 44.5021079108119], [-72.97499704174697, 44.50211260467768], [-72.97498027794063, 44.5021182205528], [-72.97496569342911, 44.502123249694705], [-72.97495211474597, 44.50212744064629], [-72.97493828460574, 44.502131547778845], [-72.9749228619039, 44.50213573873043], [-72.97490634955466, 44.50214051641524], [-72.97489134594798, 44.5021459646523], [-72.97487910836935, 44.50215199962258], [-72.97486905008554, 44.50215820223093], [-72.97486041672528, 44.50216515921056], [-72.97485153190792, 44.5021734572947], [-72.97484206035733, 44.502183347940445], [-72.97483334317803, 44.502194076776505], [-72.9748261347413, 44.502204805612564], [-72.97482102178037, 44.50221444480121], [-72.97481699846685, 44.502222994342446], [-72.97481230460107, 44.50223162770271], [-72.97480635344982, 44.502241015434265], [-72.97479897737503, 44.50225057080388], [-72.97479059547186, 44.502260126173496], [-72.9747814591974, 44.50227093882859], [-72.9747714009136, 44.50228326022625], [-72.97476151026785, 44.50229516252875], [-72.9747523739934, 44.50230572372675], [-72.97474307008088, 44.502315279096365], [-72.97473359853029, 44.5023238286376], [-72.97472320497036, 44.50233221054077], [-72.97471105121076, 44.50234143063426], [-72.97469738870859, 44.50235207565129], [-72.97468389384449, 44.5023634750396], [-72.97467157244682, 44.502374874427915], [-72.97466008923948, 44.50238644145429], [-72.97464944422245, 44.502397421747446], [-72.97463963739574, 44.50240731239319], [-72.97463058494031, 44.50241611339152], [-72.97462094575167, 44.50242508202791], [-72.97460979782045, 44.50243564322591], [-72.9745983146131, 44.50244737789035], [-72.97458716668189, 44.50245928019285], [-72.97457660548389, 44.5024705119431], [-72.97456612810493, 44.50248023495078], [-72.97455481253564, 44.50248836539686], [-72.97454215586185, 44.50249565765262], [-72.97452782280743, 44.50250261463225], [-72.9745118971914, 44.50250940397382], [-72.97449479810894, 44.50251594185829], [-72.97447744756937, 44.502522395923734], [-72.97446001321077, 44.50252893380821], [-72.97444358468056, 44.50253496877849], [-72.97442925162613, 44.50254024937749], [-72.97441684640944, 44.5025450270623], [-72.97440569847822, 44.502549804747105], [-72.97439404763281, 44.5025553368032], [-72.97438139095902, 44.5025622099638], [-72.97436806373298, 44.502570843324065], [-72.97435574233532, 44.50258023105562], [-72.97434560023248, 44.50258978642523], [-72.97433839179575, 44.50259883888066], [-72.97433319501579, 44.50260680168867], [-72.97432816587389, 44.50261459685862], [-72.9743221309036, 44.50262323021889], [-72.97431492246687, 44.502632869407535], [-72.97430612146854, 44.50264376588166], [-72.97429539263248, 44.50265566818416], [-72.9742843285203, 44.50266698375344], [-72.9742735158652, 44.502677293494344], [-72.97426312230527, 44.502686597406864], [-72.97425323165953, 44.502694979310036], [-72.97424376010895, 44.502703277394176], [-72.97423403710127, 44.5027123298496], [-72.97422322444618, 44.502722807228565], [-72.97421241179109, 44.50273395515978], [-72.97420243732631, 44.50274518691003], [-72.97419372014701, 44.502755496650934], [-72.97418651171029, 44.50276404619217], [-72.97418039292097, 44.502771170809865], [-72.97417452558875, 44.502778463065624], [-72.97416815534234, 44.502786844968796], [-72.97416186891496, 44.50279640033841], [-72.97415608540177, 44.50280654244125], [-72.9741508886218, 44.50281676836312], [-72.97414703294635, 44.502824982628226], [-72.97414460219443, 44.502830849960446], [-72.97414200380445, 44.50283705256879], [-72.97413957305253, 44.502844512462616], [-72.97413831576705, 44.50285172089934], [-72.97413831576705, 44.50285700149834], [-72.97413907013834, 44.50285968370736], [-72.97413999214768, 44.502860605716705], [-72.97414099797606, 44.50286068953574], [-72.97414217144251, 44.50286077335477], [-72.97414334490895, 44.502861527726054], [-72.97414443455637, 44.50286328792572], [-72.97414594329894, 44.502865467220545], [-72.97414803877473, 44.50286705978215], [-72.97414963133633, 44.50286764651537], [-72.97414988279343, 44.5028677303344], [-72.9741492960602, 44.5028677303344], [-72.97414837405086, 44.5028677303344], [-72.9741474520415, 44.5028677303344], [-72.97414669767022, 44.50286781415343], [-72.974146110937, 44.50286781415343], [-72.97414544038475, 44.50286781415343], [-72.97414485365152, 44.50286781415343], [-72.97414418309927, 44.50286781415343], [-72.97414342872798, 44.502867897972465], [-72.9741426743567, 44.50286823324859], [-72.97414200380445, 44.502868903800845], [-72.97414166852832, 44.50287049636245], [-72.97414208762348, 44.50287309475243], [-72.97414368018508, 44.50287711806595], [-72.97414627857506, 44.50288231484592], [-72.97414963133633, 44.502888433635235], [-72.97415357083082, 44.502895222976804], [-72.9741580132395, 44.502902179956436], [-72.97416237182915, 44.502908969298005], [-72.97416564077139, 44.50291550718248], [-72.97416798770428, 44.502921625971794], [-72.97416974790394, 44.50292732566595], [-72.97417083755136, 44.50293185189366], [-72.97417150810361, 44.50293503701687], [-72.97417167574167, 44.50293771922588], [-72.97417150810361, 44.5029401499778], [-72.97417075373232, 44.502942664548755], [-72.97416924498975, 44.50294492766261], [-72.97416656278074, 44.50294677168131], [-72.97416429966688, 44.50294777750969], [-72.97416379675269, 44.50294735841453], [-72.97416421584785, 44.50294551439583], [-72.97416572459042, 44.5029419939965], [-72.97416840679944, 44.502938808873296], [-72.97417125664651, 44.50293805450201], [-72.97417452558875, 44.50293947942555], [-72.9741791356355, 44.50294241309166], [-72.97418525442481, 44.50294668786228], [-72.97419313341379, 44.5029523037374], [-72.97420226968825, 44.50295900925994], [-72.97421224415302, 44.50296688824892], [-72.97422272153199, 44.50297552160919], [-72.97423319891095, 44.50298440642655], [-72.97424342483282, 44.502993039786816], [-72.97425348311663, 44.5030006673187], [-72.97426412813365, 44.503008713945746], [-72.97427552752197, 44.50301852077246], [-72.97428692691028, 44.50302883051336], [-72.9742978233844, 44.50303905643523], [-72.97430763021111, 44.503048192709684], [-72.97431810759008, 44.5030577480793], [-72.97432967461646, 44.50306856073439], [-72.97434040345252, 44.50307937338948], [-72.9743498750031, 44.50308918021619], [-72.97435842454433, 44.503097562119365], [-72.9743670579046, 44.503104938194156], [-72.97437678091228, 44.50311214663088], [-72.9743876773864, 44.50312027707696], [-72.97439941205084, 44.503130335360765], [-72.97441106289625, 44.50314181856811], [-72.97442154027522, 44.503153301775455], [-72.97443218529224, 44.50316436588764], [-72.97444442287087, 44.503174256533384], [-72.97445800155401, 44.50318171642721], [-72.97447174787521, 44.503186494112015], [-72.97448541037738, 44.50319018214941], [-72.97450033016503, 44.50319454073906], [-72.97451650723815, 44.50319956988096], [-72.97453335486352, 44.50320518575609], [-72.97455129213631, 44.5032113045454], [-72.97456906177104, 44.50321759097278], [-72.97458565793931, 44.50322337448597], [-72.97460141591728, 44.50322840362787], [-72.97461566515267, 44.50323225930333], [-72.97462807036936, 44.50323510915041], [-72.97464022412896, 44.50323795899749], [-72.97465363517404, 44.50324181467295], [-72.97466872259974, 44.50324726291001], [-72.97468523494899, 44.503254387527704], [-72.97470174729824, 44.50326167978346], [-72.97471700236201, 44.503267547115684], [-72.9747317545116, 44.5032718218863], [-72.97474717721343, 44.5032755099237], [-72.97476343810558, 44.50327953323722], [-72.97477927990258, 44.50328405946493], [-72.97479487024248, 44.50328833423555], [-72.97481037676334, 44.5032926928252], [-72.9748266376555, 44.5032977219671], [-72.97484348528087, 44.50330367311835], [-72.97486041672528, 44.50331021100283], [-72.97487726435065, 44.50331591069698], [-72.97489226795733, 44.503320436924696], [-72.97490609809756, 44.503324795514345], [-72.97492009587586, 44.50332990847528], [-72.97493451274931, 44.50333527289331], [-72.97494834288955, 44.50333979912102], [-72.97496150247753, 44.50334348715842], [-72.97497642226517, 44.50334834866226], [-72.97499335370958, 44.503355557098985], [-72.97501095570624, 44.50336444191635], [-72.97502872534096, 44.50337424874306], [-72.97504582442343, 44.503384390845895], [-72.97506032511592, 44.50339386239648], [-72.97507147304714, 44.50340266339481], [-72.9750806093216, 44.503411212936044], [-72.97508924268186, 44.503419511020184], [-72.97509837895632, 44.50342814438045], [-72.97510768286884, 44.5034377835691], [-72.97511707060039, 44.503447422757745], [-72.97512679360807, 44.50345664285123], [-72.9751374386251, 44.50346586294472], [-72.97514900565147, 44.50347541831434], [-72.97516040503979, 44.50348480604589], [-72.97517138533294, 44.50349268503487], [-72.97518194653094, 44.503499222919345], [-72.97519158571959, 44.50350525788963], [-72.9751995485276, 44.50351129285991], [-72.9752077627927, 44.50351791456342], [-72.97521815635264, 44.503524620085955], [-72.97522905282676, 44.50353015214205], [-72.97523978166282, 44.503534929826856], [-72.97525151632726, 44.50354037806392], [-72.97526400536299, 44.50354674831033], [-72.9752769973129, 44.50355479493737], [-72.97528990544379, 44.50356401503086], [-72.97530164010823, 44.503573067486286], [-72.97531203366816, 44.503581365570426], [-72.97532259486616, 44.50358941219747], [-72.9753343295306, 44.50359779410064], [-72.97534765675664, 44.503606762737036], [-72.9753615707159, 44.503615479916334], [-72.97537464648485, 44.50362302362919], [-72.97538680024445, 44.50362989678979], [-72.97539769671857, 44.50363777577877], [-72.97540591098368, 44.50364741496742], [-72.97541085630655, 44.50365914963186], [-72.97541278414428, 44.503673231229186], [-72.9754133708775, 44.50368823483586], [-72.97541429288685, 44.50370214879513], [-72.97541395761073, 44.50371480546892], [-72.97541068866849, 44.503726959228516], [-72.9754051566124, 44.50373877771199], [-72.9753977805376, 44.50375076383352], [-72.97538730315864, 44.50376375578344], [-72.97537464648485, 44.50377649627626], [-72.97536224126816, 44.503788063302636], [-72.97535000368953, 44.50379946269095], [-72.97533810138702, 44.50381061062217], [-72.97532745637, 44.50382092036307], [-72.97531790100038, 44.50383039191365], [-72.97530868090689, 44.50383919291198], [-72.97529853880405, 44.5038484968245], [-72.97528655268252, 44.503859393298626], [-72.9752740636468, 44.503870960325], [-72.97526216134429, 44.50388252735138], [-72.97525067813694, 44.50389417819679], [-72.97524003311992, 44.50390540994704], [-72.9752307292074, 44.503916054964066], [-72.97522243112326, 44.50392669998109], [-72.97521480359137, 44.503937009721994], [-72.9752077627927, 44.50394639745355], [-72.97520038671792, 44.50395536608994], [-72.9751910828054, 44.50396500527859], [-72.97517909668386, 44.50397590175271], [-72.97516644001007, 44.5039869658649], [-72.97515512444079, 44.50399735942483], [-72.97514481469989, 44.50400766916573], [-72.97513551078737, 44.50401781126857], [-72.97512721270323, 44.504027450457215], [-72.97511933371425, 44.504036754369736], [-72.97511070035398, 44.50404622592032], [-72.97510047443211, 44.504056787118316], [-72.97508848831058, 44.50406860560179], [-72.97507625073195, 44.504080172628164], [-72.97506367787719, 44.50409132055938], [-72.9750510212034, 44.50410196557641], [-72.97503920271993, 44.504111940041184], [-72.97502813860774, 44.50412208214402], [-72.9750184994191, 44.50413222424686], [-72.97500994987786, 44.50414253398776], [-72.97500173561275, 44.504152592271566], [-72.9749925993383, 44.50416256673634], [-72.97498128376901, 44.50417363084853], [-72.97496913000941, 44.50418503023684], [-72.97495823353529, 44.50419642962515], [-72.9749492648989, 44.50420757755637], [-72.97494172118604, 44.504217971116304], [-72.97493509948254, 44.504228197038174], [-72.97492914833128, 44.50423817150295], [-72.97492168843746, 44.504248229786754], [-72.97491221688688, 44.504259042441845], [-72.97490132041276, 44.50427044183016], [-72.9748900886625, 44.5042821764946], [-72.97487944364548, 44.50429340824485], [-72.97486888244748, 44.50430480763316], [-72.97485857270658, 44.50431612320244], [-72.97484952025115, 44.504326516762376], [-72.9748422279954, 44.50433565303683], [-72.97483560629189, 44.504344621673226], [-72.97482755966485, 44.50435442849994], [-72.9748181719333, 44.5043649058789], [-72.97480744309723, 44.50437638908625], [-72.97479629516602, 44.50438879430294], [-72.97478623688221, 44.50440237298608], [-72.9747782740742, 44.50441553257406], [-72.97477316111326, 44.50442735105753], [-72.9747707515201, 44.50444143707842]]}}, {"type": "Feature", "properties": {"name": "walk-05", "distance_km": 3.263, "points": 3117, "clipped": true}, "geometry": {"type": "LineString", "coordinates": [[-72.97473317943513, 44.50445224530995], [-72.97472949139774, 44.504449563100934], [-72.97472630627453, 44.504443192854524], [-72.97472639009356, 44.50443263165653], [-72.97472923994064, 44.50442190282047], [-72.97473485581577, 44.50441209599376], [-72.9747418127954, 44.50440245680511], [-72.97474667429924, 44.5043944939971], [-72.97474851831794, 44.504388961941004], [-72.97475220635533, 44.50438275933266], [-72.97475966624916, 44.5043736230582], [-72.9747695568949, 44.50436138547957], [-72.97478062100708, 44.50434730388224], [-72.97479101456702, 44.50433255173266], [-72.97480065375566, 44.504317129030824], [-72.97480937093496, 44.50430145487189], [-72.97481624409556, 44.504286954179406], [-72.97482219524682, 44.50427362695336], [-72.97482906840742, 44.50425912626088], [-72.97483803704381, 44.504243368282914], [-72.97484893351793, 44.50422761030495], [-72.97486041672528, 44.50421302579343], [-72.97487139701843, 44.50420020148158], [-72.97488170675933, 44.504188718274236], [-72.97489126212895, 44.5041783247143], [-72.97490006312728, 44.504169188439846], [-72.9749096184969, 44.50416072271764], [-72.97492101788521, 44.50415225699544], [-72.97493392601609, 44.50414295308292], [-72.97494725324214, 44.50413272716105], [-72.97495965845883, 44.504122249782085], [-72.97497063875198, 44.50411210767925], [-72.97497969120741, 44.50410305522382], [-72.97498715110123, 44.50409601442516], [-72.97499285079539, 44.504091991111636], [-72.97499687410891, 44.50409023091197], [-72.97499989159405, 44.50408981181681], [-72.97500248998404, 44.50409006327391], [-72.97500475309789, 44.50409081764519], [-72.97500676475465, 44.50409173965454], [-72.97500877641141, 44.50409249402583], [-72.9750108718872, 44.50409308075905], [-72.97501313500106, 44.50409349985421], [-72.97501497901976, 44.5040937513113], [-72.9750164039433, 44.5040940027684], [-72.97501732595265, 44.50409417040646], [-72.97501791268587, 44.50409417040646], [-72.9750184994191, 44.5040940027684], [-72.97501916997135, 44.50409349985421], [-72.97501975670457, 44.50409257784486], [-72.9750200919807, 44.50409115292132], [-72.97502034343779, 44.50408922508359], [-72.97502059489489, 44.50408629141748], [-72.97502126544714, 44.50408142991364], [-72.97502285800874, 44.50407405383885], [-72.97502579167485, 44.5040646661073], [-72.97503056935966, 44.50405444018543], [-72.97503593377769, 44.50404471717775], [-72.97504037618637, 44.50403633527458], [-72.97504381276667, 44.50402921065688], [-72.9750478360802, 44.504022588953376], [-72.97505361959338, 44.50401538051665], [-72.97506149858236, 44.50400708243251], [-72.9750702995807, 44.50399777851999], [-72.97507910057902, 44.50398805551231], [-72.9750872310251, 44.50397883541882], [-72.97509427182376, 44.50397053733468], [-72.97510106116533, 44.503962406888604], [-72.9751096945256, 44.503953186795115], [-72.97512008808553, 44.50394262559712], [-72.97513064928353, 44.50393156148493], [-72.97514079138637, 44.50392007827759], [-72.97515110112727, 44.50390809215605], [-72.97516048885882, 44.503896441310644], [-72.97516878694296, 44.503885209560394], [-72.97517591156065, 44.50387473218143], [-72.97518244944513, 44.50386559590697], [-72.97518974170089, 44.50385704636574], [-72.97519854269922, 44.50384824536741], [-72.97520969063044, 44.50383894145489], [-72.97522293403745, 44.50382879935205], [-72.97523676417768, 44.50381865724921], [-72.97525042667985, 44.503808598965406], [-72.97526241280138, 44.503798205405474], [-72.97527247108519, 44.50378781184554], [-72.97528110444546, 44.503777250647545], [-72.97528797760606, 44.503766521811485], [-72.97529334202409, 44.5037554576993], [-72.97529828734696, 44.503745064139366], [-72.9753049928695, 44.50373609550297], [-72.97531471587718, 44.50372712686658], [-72.97532544471323, 44.5037174038589], [-72.97533416189253, 44.50370768085122], [-72.97533969394863, 44.50369896367192], [-72.97534195706248, 44.50369183905423], [-72.97534187324345, 44.503685384988785], [-72.97534044831991, 44.503678511828184], [-72.97533868812025, 44.503671219572425], [-72.97533667646348, 44.50366468168795], [-72.97533365897834, 44.50365973636508], [-72.97532921656966, 44.50365588068962], [-72.97532184049487, 44.50365152209997], [-72.97531153075397, 44.50364599004388], [-72.97529895789921, 44.50363978743553], [-72.97528554685414, 44.50363341718912], [-72.97527322545648, 44.503627298399806], [-72.97526266425848, 44.50362151488662], [-72.97525327652693, 44.503616485744715], [-72.97524380497634, 44.503611959517], [-72.97523357905447, 44.503607181832194], [-72.97522251494229, 44.5036016497761], [-72.975211199373, 44.50359628535807], [-72.97520021907985, 44.50359167531133], [-72.97518890351057, 44.503587149083614], [-72.97517742030323, 44.50358111411333], [-72.97516644001007, 44.50357315130532], [-72.97515613026917, 44.5035635959357], [-72.9751459043473, 44.50355311855674], [-72.9751353431493, 44.50354197062552], [-72.97512427903712, 44.50353015214205], [-72.97511246055365, 44.503518249839544], [-72.97510039061308, 44.503507101908326], [-72.9750890750438, 44.503497295081615], [-72.97507868148386, 44.503488996997476], [-72.97506812028587, 44.50348095037043], [-72.97505680471659, 44.50347198173404], [-72.97504481859505, 44.50346217490733], [-72.97503308393061, 44.50345220044255], [-72.97502185218036, 44.50344222597778], [-72.97501095570624, 44.50343149714172], [-72.97500014305115, 44.50342085212469], [-72.97498949803412, 44.50341112911701], [-72.97497868537903, 44.503402914851904], [-72.97496695071459, 44.50339620932937], [-72.9749542940408, 44.50339042581618], [-72.97494038008153, 44.50338522903621], [-72.97492453828454, 44.50338028371334], [-72.9749075230211, 44.5033754222095], [-72.97489126212895, 44.5033703930676], [-72.97487667761743, 44.50336469337344], [-72.9748628474772, 44.50335832312703], [-72.9748506937176, 44.503351701423526], [-72.97484239563346, 44.50334591791034], [-72.97483820468187, 44.50334181077778], [-72.97483711503446, 44.503338960930705], [-72.97483786940575, 44.503336949273944], [-72.97483904287219, 44.503335524350405], [-72.97483988106251, 44.503334602341056], [-72.97484004870057, 44.503334099426866], [-72.97483895905316, 44.50333368033171], [-72.97483644448221, 44.50333317741752], [-72.97483267262578, 44.50333225540817], [-72.97482873313129, 44.50333133339882], [-72.97482688911259, 44.50333091430366], [-72.97482747584581, 44.50333124957979], [-72.97482923604548, 44.503331668674946], [-72.9748314153403, 44.50333200395107], [-72.97483367845416, 44.50333225540817], [-72.97483543865383, 44.5033323392272], [-72.97483661212027, 44.50333250686526], [-72.97483786940575, 44.50333275832236], [-72.97483929432929, 44.50333292596042], [-72.97484105452895, 44.50333317741752], [-72.97484306618571, 44.503333596512675], [-72.97484532929957, 44.503334099426866], [-72.97484759241343, 44.50333468616009], [-72.97484977170825, 44.503335105255246], [-72.97485144808888, 44.50333527289331], [-72.97485278919339, 44.50333527289331], [-72.97485404647887, 44.50333518907428], [-72.97485496848822, 44.50333518907428], [-72.9748557228595, 44.50333535671234], [-72.97485647723079, 44.503335524350405], [-72.97485672868788, 44.50333585962653], [-72.97485580667853, 44.50333619490266], [-72.9748538788408, 44.503336530178785], [-72.97485128045082, 44.50333669781685], [-72.97484809532762, 44.50333686545491], [-72.97484457492828, 44.503337033092976], [-72.97484071925282, 44.50333728455007], [-72.97483644448221, 44.5033376198262], [-72.97483149915934, 44.50333770364523], [-72.97482605092227, 44.5033373683691], [-72.97482068650424, 44.50333619490266], [-72.97481314279139, 44.50333426706493], [-72.97480098903179, 44.50333133339882], [-72.97478347085416, 44.503326723352075], [-72.97476067207754, 44.50332060456276], [-72.97473636455834, 44.503313563764095], [-72.97471306286752, 44.503306271508336], [-72.97469085082412, 44.50329923070967], [-72.97466956079006, 44.50329277664423], [-72.97464835457504, 44.50328598730266], [-72.97462857328355, 44.50327919796109], [-72.97460979782045, 44.50327266007662], [-72.97459068708122, 44.5032665412873], [-72.97457207925618, 44.50326117686927], [-72.97455321997404, 44.5032564830035], [-72.97453444451094, 44.50325237587094], [-72.97451575286686, 44.503248017281294], [-72.97449748031795, 44.503243239596486], [-72.9744793754071, 44.50323854573071], [-72.97446118667722, 44.50323326513171], [-72.97444375231862, 44.503226559609175], [-72.9744254797697, 44.5032184291631], [-72.97440477646887, 44.50320828706026], [-72.9743842408061, 44.503196803852916], [-72.97436613589525, 44.50318397954106], [-72.97434970736504, 44.503169897943735], [-72.97433495521545, 44.5031563192606], [-72.97432179562747, 44.50314374640584], [-72.97430913895369, 44.503131257370114], [-72.97429673373699, 44.50311918742955], [-72.97428508289158, 44.503107871860266], [-72.97427393496037, 44.5030976459384], [-72.97426312230527, 44.503087839111686], [-72.97425264492631, 44.50307811610401], [-72.97424233518541, 44.50306814163923], [-72.97423194162548, 44.503057496622205], [-72.97422079369426, 44.50304592959583], [-72.97420863993466, 44.503034027293324], [-72.97419640235603, 44.503022292628884], [-72.97418508678675, 44.50301072560251], [-72.97417477704585, 44.50299999676645], [-72.97416522167623, 44.5029903575778], [-72.9741561692208, 44.50298155657947], [-72.97414736822248, 44.502973426133394], [-72.97413881868124, 44.502965630963445], [-72.97412976622581, 44.50295791961253], [-72.97411945648491, 44.50294928625226], [-72.97410772182047, 44.50293897651136], [-72.97409523278475, 44.50292673893273], [-72.97408416867256, 44.502914249897], [-72.97407469712198, 44.50290268287063], [-72.97406556084752, 44.502892373129725], [-72.97405692748725, 44.502883488312364], [-72.9740475397557, 44.50287502259016], [-72.97403622418642, 44.50286605395377], [-72.97402239404619, 44.50285607948899], [-72.97400739043951, 44.50284652411938], [-72.9739925544709, 44.50283789075911], [-72.97397931106389, 44.502829844132066], [-72.97396816313267, 44.50282255187631], [-72.97395860776305, 44.50281551107764], [-72.97395014204085, 44.502807799726725], [-72.97394251450896, 44.502799082547426], [-72.97393471933901, 44.502789275720716], [-72.97392608597875, 44.50277888216078], [-72.97391703352332, 44.50276890769601], [-72.97390781342983, 44.50275951996446], [-72.97389859333634, 44.502750635147095], [-72.97388937324286, 44.50274242088199], [-72.97387981787324, 44.5027347933501], [-72.97386791557074, 44.5027263276279], [-72.973852744326, 44.50271635316312], [-72.9738371539861, 44.50270587578416], [-72.97382248565555, 44.502694979310036], [-72.97380857169628, 44.50268349610269], [-72.97379490919411, 44.50267167761922], [-72.97378233633935, 44.50266002677381], [-72.97377194277942, 44.502648962661624], [-72.97376247122884, 44.502638317644596], [-72.9737525805831, 44.50262825936079], [-72.97374143265188, 44.50261811725795], [-72.97372885979712, 44.50260772369802], [-72.97371528111398, 44.50259665958583], [-72.97370220534503, 44.50258609838784], [-72.97368921339512, 44.50257696211338], [-72.97367555089295, 44.50256757438183], [-72.973662475124, 44.502557599917054], [-72.97365074045956, 44.502548296004534], [-72.97363942489028, 44.50254016555846], [-72.97362693585455, 44.502532705664635], [-72.97361260280013, 44.502524910494685], [-72.97359826974571, 44.50251644477248], [-72.97358611598611, 44.50250772759318], [-72.97357739880681, 44.5024998486042], [-72.97357144765556, 44.502494065091014], [-72.9735657479614, 44.502489706501365], [-72.97355895861983, 44.50248618610203], [-72.97355024144053, 44.5024826657027], [-72.9735395964235, 44.50247830711305], [-72.9735281970352, 44.502473529428244], [-72.97351679764688, 44.502468751743436], [-72.97350539825857, 44.50246414169669], [-72.9734930768609, 44.502459866926074], [-72.97347840853035, 44.50245617888868], [-72.97346072271466, 44.502452574670315], [-72.9734417796135, 44.50244947336614], [-72.97342266887426, 44.50244737789035], [-72.97340364195406, 44.50244637206197], [-72.97338553704321, 44.50244603678584], [-72.973369108513, 44.5024448633194], [-72.97335502691567, 44.502442264929414], [-72.97334195114672, 44.50243907980621], [-72.97332870773971, 44.502435978502035], [-72.97331470996141, 44.502433547750115], [-72.97329928725958, 44.50243195518851], [-72.9732826910913, 44.50243094936013], [-72.97326466999948, 44.502430530264974], [-72.97324514016509, 44.502431033179164], [-72.97322493977845, 44.502432541921735], [-72.9732049908489, 44.50243480503559], [-72.9731859639287, 44.502437487244606], [-72.97316794283688, 44.502440337091684], [-72.9731510952115, 44.50244260020554], [-72.97313466668129, 44.50244410894811], [-72.97311748377979, 44.5024448633194], [-72.97309828922153, 44.502445785328746], [-72.97307716682553, 44.50244746170938], [-72.97305545769632, 44.50244997628033], [-72.97303475439548, 44.50245265848935], [-72.97301606275141, 44.50245475396514], [-72.97299929894507, 44.50245575979352], [-72.97298396006227, 44.50245592743158], [-72.97296878881752, 44.50245575979352], [-72.9729528632015, 44.50245559215546], [-72.97293601557612, 44.50245567597449], [-72.97291866503656, 44.50245584361255], [-72.97290097922087, 44.502455508336425], [-72.97288312576711, 44.502454083412886], [-72.97286527231336, 44.502451652660966], [-72.97284859232605, 44.5024482998997], [-72.97283459454775, 44.50244436040521], [-72.97282277606428, 44.50244008563459], [-72.9728112090379, 44.502435475587845], [-72.97279922291636, 44.50243044644594], [-72.9727871529758, 44.50242499820888], [-72.97277508303523, 44.50241904705763], [-72.97276326455176, 44.50241225771606], [-72.97275211662054, 44.50240446254611], [-72.97274230979383, 44.50239582918584], [-72.9727335087955, 44.50238577090204], [-72.97272579744458, 44.50237462297082], [-72.97271917574108, 44.50236280448735], [-72.9727126378566, 44.50235031545162], [-72.97270618379116, 44.50233740732074], [-72.9727009870112, 44.502325085923076], [-72.97269713133574, 44.50231360271573], [-72.97269444912672, 44.50230186805129], [-72.97269285656512, 44.50228996574879], [-72.97269260510802, 44.502279069274664], [-72.9726941138506, 44.50226901099086], [-72.9726970475167, 44.5022582821548], [-72.97270165756345, 44.502245876938105], [-72.97270794399083, 44.50223154388368], [-72.97271548770368, 44.502217043191195], [-72.97272353433073, 44.50220354832709], [-72.97273116186261, 44.5021908916533], [-72.97273702919483, 44.502179492264986], [-72.97274122014642, 44.50216901488602], [-72.97274390235543, 44.50215904042125], [-72.97274633310735, 44.50214881449938], [-72.97274893149734, 44.50213758274913], [-72.97275203280151, 44.50212492607534], [-72.97275630757213, 44.50211226940155], [-72.972761252895, 44.50210137292743], [-72.97276586294174, 44.50209265574813], [-72.972771814093, 44.502084609121084], [-72.97278053127229, 44.50207480229437], [-72.97279159538448, 44.50206340290606], [-72.97280349768698, 44.502052422612906], [-72.97281506471336, 44.50204278342426], [-72.97282604500651, 44.50203415006399], [-72.97283669002354, 44.50202618725598], [-72.97284750267863, 44.502018224447966], [-72.97285848297179, 44.502009423449636], [-72.97286904416978, 44.50200003571808], [-72.9728788509965, 44.501989893615246], [-72.97288781963289, 44.50197941623628], [-72.97289645299315, 44.50196952559054], [-72.97290441580117, 44.501960976049304], [-72.9729113727808, 44.501953683793545], [-72.97291774302721, 44.501946307718754], [-72.9729235265404, 44.50193826109171], [-72.9729288071394, 44.501929292455316], [-72.97293341718614, 44.501919485628605], [-72.97293710522354, 44.5019094273448], [-72.97293995507061, 44.50189970433712], [-72.9729428049177, 44.501890232786536], [-72.97294649295509, 44.5018798392266], [-72.9729512706399, 44.5018679369241], [-72.97295680269599, 44.50185586698353], [-72.97296267002821, 44.50184513814747], [-72.97296912409365, 44.50183507986367], [-72.97297641634941, 44.5018246024847], [-72.97298396006227, 44.50181370601058], [-72.97299175523221, 44.50180255807936], [-72.97300013713539, 44.50179233215749], [-72.97300843521953, 44.50178353115916], [-72.97301690094173, 44.501775400713086], [-72.97302628867328, 44.50176693499088], [-72.97303626313806, 44.50175696052611], [-72.9730464052409, 44.50174581259489], [-72.97305654734373, 44.501735335215926], [-72.97306660562754, 44.501726450398564], [-72.97307691536844, 44.501718655228615], [-72.97308747656643, 44.50171144679189], [-72.97309837304056, 44.50170457363129], [-72.973110107705, 44.50169744901359], [-72.97312259674072, 44.50168965384364], [-72.97313449904323, 44.50168211013079], [-72.97314564697444, 44.50167573988438], [-72.9731566272676, 44.50167045928538], [-72.97316827811301, 44.50166568160057], [-72.9731806833297, 44.501660568639636], [-72.97319325618446, 44.501655120402575], [-72.9732047393918, 44.50165034271777], [-72.97321437858045, 44.50164665468037], [-72.97322351485491, 44.50164263136685], [-72.97323348931968, 44.50163684785366], [-72.97324354760349, 44.50163005851209], [-72.97325352206826, 44.501623436808586], [-72.97326282598078, 44.5016174018383], [-72.97327137552202, 44.501611618325114], [-72.97327850013971, 44.50160642154515], [-72.97328554093838, 44.50160114094615], [-72.97329383902252, 44.50159477069974], [-72.97330272383988, 44.50158689171076], [-72.9733122792095, 44.50157708488405], [-72.97332216985524, 44.501565769314766], [-72.9733313061297, 44.50155478902161], [-72.97334010712802, 44.501545149832964], [-72.97334907576442, 44.50153660029173], [-72.97335745766759, 44.50152897275984], [-72.9733654204756, 44.501522183418274], [-72.97337505966425, 44.501514472067356], [-72.97338696196675, 44.501504581421614], [-72.97339802607894, 44.501493852585554], [-72.97340825200081, 44.50148354284465], [-72.97341856174171, 44.501473400741816], [-72.97342811711133, 44.501464096829295], [-72.9734359961003, 44.50145563110709], [-72.97344270162284, 44.50144716538489], [-72.97344940714538, 44.5014379452914], [-72.9734568670392, 44.50142721645534], [-72.97346541658044, 44.50141539797187], [-72.97347354702652, 44.501403998583555], [-72.97348100692034, 44.50139360502362], [-72.97348863445222, 44.50138413347304], [-72.97349626198411, 44.50137541629374], [-72.97350405715406, 44.50136720202863], [-72.97351243905723, 44.50135831721127], [-72.97352140769362, 44.50134767219424], [-72.97352970577776, 44.501336608082056], [-72.97353733330965, 44.50132621452212], [-72.97354445792735, 44.501316491514444], [-72.97355099581182, 44.50130701996386], [-72.97355686314404, 44.50129754841328], [-72.97356214374304, 44.501288663595915], [-72.9735675919801, 44.50127969495952], [-72.97357337549329, 44.50126997195184], [-72.97358024865389, 44.50125874020159], [-72.97358863055706, 44.501246167346835], [-72.97359768301249, 44.501234432682395], [-72.97360841184855, 44.50122504495084], [-72.97362115234137, 44.50121842324734], [-72.97363464720547, 44.501213897019625], [-72.9736484773457, 44.50121071189642], [-72.97366163693368, 44.50120895169675], [-72.97367504797876, 44.501208029687405], [-72.97369038686156, 44.50120769441128], [-72.973707402125, 44.50120769441128], [-72.97372466884553, 44.501207526773214], [-72.97374000772834, 44.50120719149709], [-72.97375383786857, 44.501206520944834], [-72.97376800328493, 44.50120501220226], [-72.97378183342516, 44.50120232999325], [-72.97379306517541, 44.50119906105101], [-72.97380102798343, 44.50119621120393], [-72.97380706295371, 44.50119403190911], [-72.97381234355271, 44.50119210407138], [-72.9738176241517, 44.501190008595586], [-72.97382374294102, 44.50118774548173], [-72.97383053228259, 44.50118539854884], [-72.97383774071932, 44.501183554530144], [-72.97384679317474, 44.501182213425636], [-72.97385886311531, 44.50118129141629], [-72.97387353144586, 44.501180620864034], [-72.9738902952522, 44.501180201768875], [-72.97390990890563, 44.50117978267372], [-72.97393161803484, 44.50117911212146], [-72.97395139932632, 44.501178273931146], [-72.97396581619978, 44.50117793865502], [-72.97397629357874, 44.50117751955986], [-72.97398710623384, 44.50117642991245], [-72.97400110401213, 44.50117450207472], [-72.9740179516375, 44.50117165222764], [-72.97403463162482, 44.50116762891412], [-72.97404804266989, 44.50116318650544], [-72.97405642457306, 44.50115941464901], [-72.9740617889911, 44.50115555897355], [-72.97406799159944, 44.50115027837455], [-72.97407637350261, 44.50114332139492], [-72.97408542595804, 44.50113502331078], [-72.97409422695637, 44.50112605467439], [-72.97410294413567, 44.50111733749509], [-72.97411040402949, 44.50110903941095], [-72.97411585226655, 44.50110032223165], [-72.97411987558007, 44.5010909345001], [-72.97412247397006, 44.50108272023499], [-72.97412373125553, 44.50107634998858], [-72.97412448562682, 44.5010700635612], [-72.97412599436939, 44.50106235221028], [-72.97412842512131, 44.501054640859365], [-72.97413144260645, 44.50104692950845], [-72.97413462772965, 44.50103779323399], [-72.97413722611964, 44.501026729121804], [-72.97413881868124, 44.50101424008608], [-72.97414015978575, 44.50100200250745], [-72.97414191998541, 44.50099186040461], [-72.97414460219443, 44.5009838975966], [-72.97414829023182, 44.50097635388374], [-72.97415281645954, 44.500968558713794], [-72.97415809705853, 44.50096059590578], [-72.9741648864001, 44.50095280073583], [-72.97417217865586, 44.50094693340361], [-72.97417771071196, 44.50094441883266], [-72.97418064437807, 44.500945173203945], [-72.97418190166354, 44.5009474363178], [-72.97418248839676, 44.500950034707785], [-72.97418332658708, 44.50095229782164], [-72.97418525442481, 44.500953974202275], [-72.97418885864317, 44.500954896211624], [-72.97419480979443, 44.500955482944846], [-72.97420118004084, 44.50095707550645], [-72.97420327551663, 44.50096051208675], [-72.97420076094568, 44.50096294283867], [-72.97419757582247, 44.50096185319126], [-72.97419665381312, 44.50095816515386], [-72.97420017421246, 44.50095581822097], [-72.97420537099242, 44.50095766223967], [-72.97420713119209, 44.500961350277066], [-72.97420587390661, 44.500961769372225], [-72.97420612536371, 44.500957326963544], [-72.97421174123883, 44.50094986706972], [-72.9742219671607, 44.500941736623645], [-72.97423336654902, 44.50093519873917], [-72.97424342483282, 44.50093084014952], [-72.9742533992976, 44.500927571207285], [-72.97426672652364, 44.50092455372214], [-72.97428374178708, 44.500922206789255], [-72.97430209815502, 44.500921284779906], [-72.9743202868849, 44.500922206789255], [-72.97433814033866, 44.500924637541175], [-72.9743551556021, 44.500927571207285], [-72.97437150031328, 44.50093042105436], [-72.97438742592931, 44.50093327090144], [-72.97440444119275, 44.500936372205615], [-72.97442237846553, 44.500939808785915], [-72.9744410701096, 44.50094349682331], [-72.97445951029658, 44.50094785541296], [-72.97447719611228, 44.50095338746905], [-72.97449379228055, 44.500959338620305], [-72.97450938262045, 44.500964703038335], [-72.97452530823648, 44.500969145447016], [-72.97454081475735, 44.500973001122475], [-72.97455606982112, 44.50097668915987], [-72.97457149252295, 44.50098012574017], [-72.97458565793931, 44.50098289176822], [-72.97459873370826, 44.50098515488207], [-72.97461340203881, 44.500986747443676], [-72.97463041730225, 44.50098800472915], [-72.97464743256569, 44.50098875910044], [-72.97466260381043, 44.50098884291947], [-72.97467542812228, 44.50098808854818], [-72.97468808479607, 44.50098641216755], [-72.97470275312662, 44.500983729958534], [-72.97471884638071, 44.5009802095592], [-72.97473435290158, 44.500976940616965], [-72.97474860213697, 44.500974928960204], [-72.97476218082011, 44.50097425840795], [-72.97477542422712, 44.500974006950855], [-72.97478791326284, 44.50097409076989], [-72.97480065375566, 44.50097459368408], [-72.97481414861977, 44.500975012779236], [-72.97482797876, 44.50097509659827], [-72.97484331764281, 44.50097509659827], [-72.97486066818237, 44.500975515693426], [-72.97487751580775, 44.500977024436], [-72.97489310614765, 44.50097953900695], [-72.97490827739239, 44.500982807949185], [-72.97492411918938, 44.50098683126271], [-72.97494063153863, 44.50099127367139], [-72.974957479164, 44.500995967537165], [-72.97497399151325, 44.50100007466972], [-72.97498782165349, 44.5010029245168], [-72.97499729320407, 44.50100443325937], [-72.9750029090792, 44.501004768535495], [-72.97500760294497, 44.50100493617356], [-72.97501564957201, 44.50100518763065], [-72.97502813860774, 44.50100518763065], [-72.97504238784313, 44.50100443325937], [-72.97505588270724, 44.50100258924067], [-72.97506862320006, 44.500999907031655], [-72.9750819504261, 44.50099714100361], [-72.97509720548987, 44.50099437497556], [-72.97511380165815, 44.50099144130945], [-72.97512939199805, 44.500988172367215], [-72.97514280304313, 44.50098507106304], [-72.9751546215266, 44.50098222121596], [-72.97516610473394, 44.50097953900695], [-72.9751786775887, 44.50097727589309], [-72.97519301064312, 44.50097559951246], [-72.9752080142498, 44.50097476132214], [-72.97522109001875, 44.500974509865046], [-72.97523081302643, 44.50097484514117], [-72.97523777000606, 44.50097652152181], [-72.97524196095765, 44.50098062865436], [-72.97524497844279, 44.500986160710454], [-72.97525000758469, 44.50098984874785], [-72.97525721602142, 44.50099118985236], [-72.97526601701975, 44.50099169276655], [-72.97527590766549, 44.50099244713783], [-72.97528680413961, 44.50099345296621], [-72.97529837116599, 44.50099512934685], [-72.97530985437334, 44.500997476279736], [-72.9753203317523, 44.50100007466972], [-72.97532963566482, 44.50100200250745], [-72.97533793374896, 44.50100300833583], [-72.97534606419504, 44.50100367888808], [-72.97535369172692, 44.50100418180227], [-72.97536039724946, 44.50100409798324], [-72.97536651603878, 44.501003846526146], [-72.97537263482809, 44.50100401416421], [-72.97537984326482, 44.50100485235453], [-72.97538864426315, 44.50100652873516], [-72.97539736144245, 44.501008205115795], [-72.9754051566124, 44.501009127125144], [-72.97541395761073, 44.5010095462203], [-72.97542426735163, 44.5010095462203], [-72.97543482854962, 44.50100946240127], [-72.97544404864311, 44.50100988149643], [-72.9754519276321, 44.50101071968675], [-72.97545930370688, 44.50101130641997], [-72.97546642832458, 44.501011641696095], [-72.9754757322371, 44.50101147405803], [-72.97548822127283, 44.50101122260094], [-72.97550112940371, 44.50101180933416], [-72.9755137860775, 44.50101348571479], [-72.97552627511322, 44.501015497371554], [-72.97553876414895, 44.50101725757122], [-72.97555259428918, 44.50101859867573], [-72.97556650824845, 44.50101876631379], [-72.97557866200805, 44.50101759284735], [-72.97558897174895, 44.50101574882865], [-72.9755986109376, 44.50101373717189], [-72.97560799866915, 44.501012144610286], [-72.97561621293426, 44.50101105496287], [-72.97562258318067, 44.50101080350578], [-72.97562761232257, 44.50101088732481], [-72.97563197091222, 44.50101080350578], [-72.97563691623509, 44.501010216772556], [-72.97564278356731, 44.50100895948708], [-72.97564932145178, 44.501007199287415], [-72.97565770335495, 44.5010045170784], [-72.97566834837198, 44.50100057758391], [-72.97568025067449, 44.50099571608007], [-72.97569198533893, 44.50099118985236], [-72.97570346854627, 44.50098792091012], [-72.975715957582, 44.50098557397723], [-72.97572987154126, 44.50098456814885], [-72.9757447913289, 44.50098498724401], [-72.97576138749719, 44.50098599307239], [-72.97577873803675, 44.50098699890077], [-72.97579617239535, 44.500988172367215], [-72.97581343911588, 44.50098942965269], [-72.97582936473191, 44.50099093839526], [-72.97584302723408, 44.50099219568074], [-72.97585425898433, 44.50099320150912], [-72.9758642334491, 44.500993536785245], [-72.9758766386658, 44.50099328532815], [-72.97589264810085, 44.500992111861706], [-72.97590773552656, 44.50099026784301], [-72.97591930255294, 44.50098842382431], [-72.97592860646546, 44.50098691508174], [-72.97593707218766, 44.50098582543433], [-72.97594612464309, 44.50098507106304], [-72.97595676966012, 44.500984316691756], [-72.97596724703908, 44.5009836461395], [-72.97597638331354, 44.500983227044344], [-72.9759852681309, 44.500982724130154], [-72.97599608078599, 44.50098171830177], [-72.97600714489818, 44.50098054483533], [-72.97601737082005, 44.50097928754985], [-72.97602985985577, 44.50097803026438], [-72.97604653984308, 44.50097710825503], [-72.97606590203941, 44.50097652152181], [-72.97608576714993, 44.50097618624568], [-72.97610596753657, 44.500976018607616], [-72.97612465918064, 44.50097668915987], [-72.97614192590117, 44.50097761116922], [-72.9761581029743, 44.50097878463566], [-72.97617218457162, 44.500980293378234], [-72.97618601471186, 44.500982305034995], [-72.97620110213757, 44.50098515488207], [-72.97621744684875, 44.500989178195596], [-72.97623320482671, 44.50099378824234], [-72.97624544240534, 44.500998901203275], [-72.97625332139432, 44.50100460089743], [-72.97625860199332, 44.50101231224835], [-72.97626287676394, 44.50102220289409], [-72.97626681625843, 44.501033602282405], [-72.9762720130384, 44.50104500167072], [-72.97627821564674, 44.501054640859365], [-72.97628441825509, 44.50106310658157], [-72.97629154287279, 44.50107106938958], [-72.97629984095693, 44.501078529283404], [-72.97630855813622, 44.50108481571078], [-72.97631635330617, 44.50108992867172], [-72.97632213681936, 44.501093700528145], [-72.97632607631385, 44.50109629891813], [-72.9763285908848, 44.501098059117794], [-72.97633060254157, 44.50109981931746], [-72.9763325303793, 44.501101579517126], [-72.97633462585509, 44.50110333971679], [-72.9763373080641, 44.50110518373549], [-72.97633999027312, 44.50110677629709], [-72.97634267248213, 44.50110820122063], [-72.97634552232921, 44.50110954232514], [-72.97634828835726, 44.50111063197255], [-72.97635021619499, 44.501110799610615], [-72.97635164111853, 44.501110296696424], [-72.97635281458497, 44.50110912322998], [-72.97635398805141, 44.50110719539225], [-72.97635549679399, 44.501104429364204], [-72.9763579275459, 44.501101076602936], [-72.97636195085943, 44.5010978076607], [-72.976368740201, 44.501094706356525], [-72.9763785470277, 44.50109143741429], [-72.9763891082257, 44.50108841992915], [-72.97639673575759, 44.50108557008207], [-72.97640168108046, 44.50108238495886], [-72.97640796750784, 44.50107794255018], [-72.97641643323004, 44.501072242856026], [-72.97642565332353, 44.50106704607606], [-72.97643462195992, 44.501064447686076], [-72.97644384205341, 44.50106377713382], [-72.97645440325141, 44.50106419622898], [-72.9764668084681, 44.5010650344193], [-72.97647980041802, 44.50106511823833], [-72.97649153508246, 44.50106327421963], [-72.97650083899498, 44.50105933472514], [-72.97650821506977, 44.50105430558324], [-72.97651433385909, 44.501049779355526], [-72.97652053646743, 44.50104609131813], [-72.97652858309448, 44.50104265473783], [-72.97653822228312, 44.50103972107172], [-72.97654777765274, 44.50103770941496], [-72.97655615955591, 44.50103628449142], [-72.97656286507845, 44.501035111024976], [-72.97656781040132, 44.50103402137756], [-72.97657183371484, 44.50103301554918], [-72.97657644376159, 44.50103192590177], [-72.9765825625509, 44.50103083625436], [-72.97659035772085, 44.501030249521136], [-72.97659991309047, 44.501031171530485], [-72.97661072574556, 44.50103284791112], [-72.97662246041, 44.50103427283466], [-72.97663419507444, 44.501034524291754], [-72.97664559446275, 44.50103301554918], [-72.97665665857494, 44.50102840550244], [-72.97666730359197, 44.501020861789584], [-72.97667711041868, 44.501012563705444], [-72.97668624669313, 44.501006696373224], [-72.97669420950115, 44.501003846526146], [-72.97670225612819, 44.50100258924067], [-72.9767120629549, 44.50100116431713], [-72.97672279179096, 44.50099831447005], [-72.97673276625574, 44.50099387206137], [-72.97674198634923, 44.50098825618625], [-72.97675120644271, 44.50098146684468], [-72.97676118090749, 44.5009735878557], [-72.97677140682936, 44.50096495449543], [-72.9767812974751, 44.500955399125814], [-72.97679093666375, 44.500945592299104], [-72.97679998911917, 44.50093645602465], [-72.97680770047009, 44.50092874467373], [-72.97681306488812, 44.50092254206538], [-72.97681692056358, 44.500916255638], [-72.97682069242, 44.50090812519193], [-72.97682505100965, 44.500898234546185], [-72.97683108597994, 44.50088758952916], [-72.97683829441667, 44.500877195969224], [-72.97684575431049, 44.50086772441864], [-72.97685296274722, 44.500858671963215], [-72.97686067409813, 44.5008491165936], [-72.97686939127743, 44.50083830393851], [-72.9768777731806, 44.50082723982632], [-72.9768848977983, 44.500817181542516], [-72.97689143568277, 44.5008076261729], [-72.97689747065306, 44.500798573717475], [-72.97690224833786, 44.500789353623986], [-72.97690610401332, 44.50077937915921], [-72.9769092053175, 44.50076856650412], [-72.97691180370748, 44.5007574185729], [-72.97691381536424, 44.500746270641685], [-72.97691507264972, 44.50073487125337], [-72.97691524028778, 44.50072271749377], [-72.9769144859165, 44.50071006081998], [-72.97691389918327, 44.50069765560329], [-72.97691440209746, 44.50068650767207], [-72.97691540792584, 44.500676868483424], [-72.97691666521132, 44.50066823512316], [-72.9769192636013, 44.50065968558192], [-72.97692387364805, 44.5006503816694], [-72.97693099826574, 44.50063990429044], [-72.97694005072117, 44.50062875635922], [-72.9769504442811, 44.500617608428], [-72.97696201130748, 44.50060713104904], [-72.97697424888611, 44.50059791095555], [-72.97698589973152, 44.50059070251882], [-72.97699864022434, 44.50058366172016], [-72.97701431438327, 44.5005745254457], [-72.97703065909445, 44.500564048066735], [-72.97704574652016, 44.500552816316485], [-72.97705924138427, 44.500542003661394], [-72.97707265242934, 44.500532699748874], [-72.9770870693028, 44.50052658095956], [-72.97710333019495, 44.500523982569575], [-72.97712202183902, 44.50052423402667], [-72.9771436471492, 44.50052599422634], [-72.9771663621068, 44.50052767060697], [-72.97718924470246, 44.500528424978256], [-72.97721053473651, 44.50052817352116], [-72.97723023220897, 44.50052750296891], [-72.97724992968142, 44.50052725151181], [-72.97726786695421, 44.50052808970213], [-72.97728404402733, 44.50053052045405], [-72.97729862853885, 44.5005346275866], [-72.97731321305037, 44.50053881853819], [-72.97732880339026, 44.500542003661394], [-72.97734514810145, 44.500544518232346], [-72.9773616604507, 44.50054611079395], [-72.97737792134285, 44.50054661370814], [-72.97739468514919, 44.50054569169879], [-72.9774118680507, 44.500543512403965], [-72.97742770984769, 44.50054032728076], [-72.97744086943567, 44.500537142157555], [-72.97745243646204, 44.500534292310476], [-72.97746467404068, 44.500531274825335], [-72.97747951000929, 44.50052725151181], [-72.97749694436789, 44.500522054731846], [-72.97751571983099, 44.50051576830447], [-72.97753340564668, 44.500509817153215], [-72.97754857689142, 44.50050503946841], [-72.97756265848875, 44.50050109997392], [-72.97757724300027, 44.50049766339362], [-72.9775929171592, 44.50049447827041], [-72.97761051915586, 44.500491209328175], [-72.97762988135219, 44.50048760510981], [-72.97764832153916, 44.50048316270113], [-72.97766391187906, 44.50047788210213], [-72.97767807729542, 44.500472182407975], [-72.97769274562597, 44.50046665035188], [-72.97770741395652, 44.50046162120998], [-72.9777224175632, 44.50045684352517], [-72.9777393490076, 44.50045173056424], [-72.97775762155652, 44.50044644996524], [-72.97777505591512, 44.500441420823336], [-72.9777914006263, 44.50043622404337], [-72.97780707478523, 44.5004312787205], [-72.97782157547772, 44.500427255406976], [-72.97783515416086, 44.500424321740866], [-72.97784856520593, 44.500421890988946], [-72.977861976251, 44.50041971169412], [-72.9778762254864, 44.50041702948511], [-72.97789215110242, 44.50041283853352], [-72.97790849581361, 44.50040747411549], [-72.97792383469641, 44.50040261261165], [-72.97793925739825, 44.50039909221232], [-72.97795618884265, 44.50039632618427], [-72.9779747966677, 44.50039314106107], [-72.97799323685467, 44.50038920156658], [-72.97801025211811, 44.50038492679596], [-72.97802718356252, 44.50038065202534], [-72.9780451208353, 44.500375958159566], [-72.97806314192712, 44.50037084519863], [-72.9780802410096, 44.500365648418665], [-72.97809683717787, 44.500361289829016], [-72.97811267897487, 44.50035793706775], [-72.97812759876251, 44.5003551710397], [-72.97814201563597, 44.50035223737359], [-72.97815701924264, 44.500348046422005], [-72.9781730286777, 44.50034259818494], [-72.9781902115792, 44.500336814671755], [-72.97820772975683, 44.500331869348884], [-72.97822474502027, 44.50032792985439], [-72.97824092209339, 44.50032491236925], [-72.97825559042394, 44.50032248161733], [-72.97826925292611, 44.50031996704638], [-72.97828358598053, 44.50031644664705], [-72.97830009832978, 44.50031175278127], [-72.97831719741225, 44.500307058915496], [-72.97833287157118, 44.50030303560197], [-72.97834628261626, 44.50029959902167], [-72.97835843637586, 44.500296749174595], [-72.978372015059, 44.50029364787042], [-72.97838768921793, 44.50029004365206], [-72.97840462066233, 44.50028610415757], [-72.97842205502093, 44.50028199702501], [-72.97843907028437, 44.500277722254395], [-72.97845524735749, 44.50027369894087], [-72.97846991568804, 44.50027026236057], [-72.97848332673311, 44.50026774778962], [-72.97849657014012, 44.50026607140899], [-72.97851056791842, 44.50026481412351], [-72.97852649353445, 44.50026322156191], [-72.97854417935014, 44.50026037171483], [-72.97856194898486, 44.500256180763245], [-72.97857820987701, 44.50025190599263], [-72.97859262675047, 44.50024855323136], [-72.9786048643291, 44.50024612247944], [-72.97861584462225, 44.50024335645139], [-72.97862699255347, 44.50023991987109], [-72.97863956540823, 44.50023581273854], [-72.97865532338619, 44.500230783596635], [-72.9786740988493, 44.5002256706357], [-72.97869463451207, 44.50022122822702], [-72.97871525399387, 44.50021787546575], [-72.97873520292342, 44.50021586380899], [-72.97875448130071, 44.50021485798061], [-72.97877350822091, 44.50021435506642], [-72.97879178076982, 44.50021443888545], [-72.97880921512842, 44.500214690342546], [-72.97882639802992, 44.50021494179964], [-72.97884316183627, 44.50021552853286], [-72.97885908745229, 44.50021653436124], [-72.97887492924929, 44.50021728873253], [-72.97889194451272, 44.500217624008656], [-72.97890971414745, 44.50021795928478], [-72.97892664559186, 44.50021846219897], [-72.97894282266498, 44.50021837837994], [-72.97895891591907, 44.500217624008656], [-72.97897567972541, 44.500216618180275], [-72.97899344936013, 44.500215696170926], [-72.97901188954711, 44.50021502561867], [-72.97903074882925, 44.500214690342546], [-72.97904910519719, 44.50021443888545], [-72.97906570136547, 44.500213684514165], [-72.9790813755244, 44.50021184049547], [-72.9790969658643, 44.50020865537226], [-72.97911297529936, 44.500203961506486], [-72.97912906855345, 44.5001981779933], [-72.9791439883411, 44.500192143023014], [-72.97915656119585, 44.50018644332886], [-72.97916720621288, 44.50018133036792], [-72.97917776741087, 44.50017621740699], [-72.97918933443725, 44.50017035007477], [-72.9792026616633, 44.5001635607332], [-72.97921766526997, 44.50015610083938], [-72.97923300415277, 44.50014847330749], [-72.9792475886643, 44.500141348689795], [-72.97926116734743, 44.50013439171016], [-72.97927407547832, 44.50012793764472], [-72.9792869836092, 44.50012265704572], [-72.97930022701621, 44.50011854991317], [-72.97931464388967, 44.50011435896158], [-72.97933140769601, 44.500109581276774], [-72.97934976406395, 44.50010497123003], [-72.97936904244125, 44.50010212138295], [-72.97938915900886, 44.50010170228779], [-72.979408018291, 44.500103294849396], [-72.97942528501153, 44.50010606087744], [-72.97944230027497, 44.500109162181616], [-72.97946074046195, 44.50011285021901], [-72.97948035411537, 44.50011754408479], [-72.9794997163117, 44.50012315995991], [-72.97951865941286, 44.50012944638729], [-72.97953785397112, 44.5001360680908], [-72.97955637797713, 44.5001426897943], [-72.97957339324057, 44.50014880858362], [-72.97958915121853, 44.50015417300165], [-72.97960398718715, 44.50015911832452], [-72.97961781732738, 44.50016414746642], [-72.97962879762053, 44.50016909278929], [-72.9796371795237, 44.50017353519797], [-72.979645896703, 44.50017831288278], [-72.97965612262487, 44.500183844938874], [-72.97966685146093, 44.500189209356904], [-72.97967783175409, 44.50019331648946], [-72.9796889796853, 44.50019650161266], [-72.97970121726394, 44.50019968673587], [-72.97971471212804, 44.500203458592296], [-72.97972870990634, 44.50020748190582], [-72.9797426238656, 44.50021108612418], [-72.97975603491068, 44.500214187428355], [-72.97976810485125, 44.50021737255156], [-72.97977900132537, 44.50022089295089], [-72.9797896463424, 44.500224413350224], [-72.97980163246393, 44.50022776611149], [-72.97981495968997, 44.50023111887276], [-72.97982753254473, 44.500234220176935], [-72.97983884811401, 44.50023690238595], [-72.97984974458814, 44.50023891404271], [-72.9798618145287, 44.50024033896625], [-72.97987530939281, 44.500241512432694], [-72.97988888807595, 44.50024268589914], [-72.97990120947361, 44.500243943184614], [-72.97991260886192, 44.500244949012995], [-72.97992375679314, 44.50024570338428], [-72.9799342341721, 44.5002462901175], [-72.979944543913, 44.50024704448879], [-72.97995594330132, 44.50024763122201], [-72.97996868379414, 44.50024763122201], [-72.97998192720115, 44.50024712830782], [-72.97999483533204, 44.500245954841375], [-72.98000665381551, 44.50024377554655], [-72.98001713119447, 44.500240506604314], [-72.98002677038312, 44.500236650928855], [-72.9800367448479, 44.50023237615824], [-72.98004822805524, 44.500227347016335], [-72.98006172291934, 44.50022181496024], [-72.98007714562118, 44.50021636672318], [-72.98009298741817, 44.50021133758128], [-72.98010740429163, 44.50020655989647], [-72.98012022860348, 44.50020236894488], [-72.98013154417276, 44.50019868090749], [-72.98014235682786, 44.50019541196525], [-72.98015316948295, 44.500192645937204], [-72.98016473650932, 44.500190299004316], [-72.98017806373537, 44.50018753297627], [-72.98019365407526, 44.500183425843716], [-72.98020999878645, 44.50017831288278], [-72.98022449947894, 44.500173199921846], [-72.98023673705757, 44.50016850605607], [-72.98024780116975, 44.50016473419964], [-72.98025869764388, 44.50016213580966], [-72.98027001321316, 44.5001601241529], [-72.9802835918963, 44.50015819631517], [-72.98029985278845, 44.50015685521066], [-72.98031670041382, 44.50015660375357], [-72.98033287748694, 44.500156519934535], [-72.98034871928394, 44.5001564361155], [-72.98036481253803, 44.500156519934535], [-72.98038048669696, 44.5001564361155], [-72.98039498738945, 44.5001566875726], [-72.98040906898677, 44.50015769340098], [-72.98042398877442, 44.50015869922936], [-72.98043966293335, 44.50015911832452], [-72.98045550473034, 44.50015911832452], [-72.98047109507024, 44.50015936978161], [-72.98048484139144, 44.5001601241529], [-72.98049649223685, 44.50016163289547], [-72.98050604760647, 44.50016372837126], [-72.98051501624286, 44.500164398923516], [-72.9805249068886, 44.50016397982836], [-72.980533875525, 44.500165320932865], [-72.98054309561849, 44.50016833841801], [-72.98055415973067, 44.500171691179276], [-72.98056606203318, 44.500174121931195], [-72.98057913780212, 44.50017529539764], [-72.98059372231364, 44.50017588213086], [-72.98060906119645, 44.500176552683115], [-72.98062481917441, 44.50017881579697], [-72.98064082860947, 44.50018267147243], [-72.98065675422549, 44.50018703006208], [-72.98067100346088, 44.50019113719463], [-72.98068332485855, 44.50019490905106], [-72.98069581389427, 44.50019868090749], [-72.98070830293, 44.500202452763915], [-72.98071869648993, 44.50020622462034], [-72.98072741366923, 44.500210247933865], [-72.98073646612465, 44.500215109437704], [-72.98074677586555, 44.50022139586508], [-72.98075851053, 44.50022826902568], [-72.98077091574669, 44.50023388490081], [-72.98078189603984, 44.50023774057627], [-72.98079119995236, 44.500240506604314], [-72.98079958185554, 44.50024235062301], [-72.98080754466355, 44.500243440270424], [-72.98081735149026, 44.50024360790849], [-72.98083076253533, 44.50024335645139], [-72.98084501177073, 44.500243943184614], [-72.98085716553032, 44.50024578720331], [-72.98086722381413, 44.500248385593295], [-72.9808777011931, 44.50025140307844], [-72.98089010640979, 44.50025534257293], [-72.98090192489326, 44.50025970116258], [-72.98091097734869, 44.50026431120932], [-72.98091902397573, 44.500269340351224], [-72.98092841170728, 44.50027462095022], [-72.98093846999109, 44.50028023682535], [-72.98094869591296, 44.500286523252726], [-72.98095850273967, 44.500292893499136], [-72.98096688464284, 44.50029909610748], [-72.98097434453666, 44.500305969268084], [-72.98098188824952, 44.500314351171255], [-72.98098993487656, 44.50032432563603], [-72.98099789768457, 44.50033463537693], [-72.98100460320711, 44.50034402310848], [-72.98100988380611, 44.50035223737359], [-72.98101424239576, 44.500360284000635], [-72.98101793043315, 44.50036866590381], [-72.98102061264217, 44.50037671253085], [-72.98102245666087, 44.50038442388177], [-72.98102363012731, 44.500391967594624], [-72.98102379776537, 44.50039867311716], [-72.981022791937, 44.500403283163905], [-72.98102170228958, 44.50040655210614], [-72.98102128319442, 44.50040990486741], [-72.98102145083249, 44.50041317380965], [-72.98102220520377, 44.500416442751884], [-72.98102321103215, 44.50041996315122], [-72.98102522268891, 44.50042390264571], [-72.98102958127856, 44.500429602339864], [-72.98103494569659, 44.50043689459562], [-72.98104031011462, 44.50044418685138], [-72.9810450039804, 44.500450640916824], [-72.98104936257005, 44.50045667588711], [-72.98105405643582, 44.500462878495455], [-72.98105858266354, 44.50046857818961], [-72.98106294125319, 44.50047394260764], [-72.98106738366187, 44.50047913938761], [-72.98107190988958, 44.50048408471048], [-72.98107677139342, 44.50048953294754], [-72.98108180053532, 44.500495567917824], [-72.9810864944011, 44.5005018543452], [-72.98109093680978, 44.500508308410645], [-72.98109554685652, 44.50051509775221], [-72.9810999892652, 44.500522054731846], [-72.98110434785485, 44.50052876025438], [-72.98110820353031, 44.50053554959595], [-72.98111180774868, 44.500543009489775], [-72.98111633397639, 44.500551391392946], [-72.9811192676425, 44.50055977329612], [-72.98111784271896, 44.500567987561226], [-72.98111180774868, 44.500576704740524], [-72.9811034258455, 44.50058525428176], [-72.98109579831362, 44.50059162452817], [-72.98109118826687, 44.50059522874653], [-72.9810883384198, 44.500596737489104], [-72.98108548857272, 44.50059606693685], [-72.98108289018273, 44.500591875985265], [-72.98108205199242, 44.50058491900563], [-72.98108297400177, 44.50057653710246], [-72.98108389601111, 44.50056781992316], [-72.98108498565853, 44.500559102743864], [-72.98108674585819, 44.500550385564566], [-72.98108875751495, 44.50054133310914], [-72.9810912720859, 44.500531274825335], [-72.98109504394233, 44.5005211327225], [-72.98109881579876, 44.50051258318126], [-72.98110057599843, 44.50050654821098], [-72.9811002407223, 44.50050286017358], [-72.98109948635101, 44.500499591231346], [-72.98109889961779, 44.50049540027976], [-72.98109931871295, 44.50048961676657], [-72.9811004921794, 44.50048274360597], [-72.98110233619809, 44.50047570280731], [-72.98110543750226, 44.50046950019896], [-72.98111021518707, 44.500464890152216], [-72.98111591488123, 44.50046011246741], [-72.98112194985151, 44.50045323930681], [-72.98112832009792, 44.50044393539429], [-72.98113452270627, 44.50043270364404], [-72.98114039003849, 44.500421304255724], [-72.98114617355168, 44.500410659238696], [-72.98115271143615, 44.50040093623102], [-72.9811605066061, 44.500391548499465], [-72.98116981051862, 44.500381741672754], [-72.9811811260879, 44.500371012836695], [-72.98119386658072, 44.50035894289613], [-72.98120627179742, 44.50034578330815], [-72.9812175873667, 44.50033253990114], [-72.98122831620276, 44.50032005086541], [-72.9812384583056, 44.500308902934194], [-72.98124809749424, 44.50029909610748], [-72.98125765286386, 44.5002896245569], [-72.98126720823348, 44.50027998536825], [-72.98127659596503, 44.50027051381767], [-72.9812852293253, 44.500261629000306], [-72.98129327595234, 44.5002531632781], [-72.98130157403648, 44.500243943184614], [-72.98131104558706, 44.50023296289146], [-72.9813211876899, 44.50022030621767], [-72.98133065924048, 44.500207398086786], [-72.98133954405785, 44.500194741413], [-72.9813486803323, 44.50018250383437], [-72.98135798424482, 44.50017127208412], [-72.98136695288122, 44.50016154907644], [-72.98137516714633, 44.500153586268425], [-72.98138363286853, 44.5001463778317], [-72.98139293678105, 44.500138415023685], [-72.98140265978873, 44.50012902729213], [-72.98141229897738, 44.50011871755123], [-72.98142218962312, 44.500107234343886], [-72.98143258318305, 44.50009424239397], [-72.98144213855267, 44.50008150190115], [-72.98145026899874, 44.500070521607995], [-72.98145881853998, 44.50006063096225], [-72.98146845772862, 44.50005115941167], [-72.9814786836505, 44.50004160404205], [-72.98148966394365, 44.500031461939216], [-72.98150148242712, 44.500020146369934], [-72.98151372000575, 44.50000757351518], [-72.98152478411794, 44.499994749203324], [-72.98153459094465, 44.499983098357916], [-72.9815437272191, 44.49997287243605], [-72.98155277967453, 44.49996390379965], [-72.9815627541393, 44.49995543807745], [-72.98157440498471, 44.499946469441056], [-72.98158748075366, 44.49993683025241], [-72.9816008079797, 44.49992668814957], [-72.98161430284381, 44.49991587549448], [-72.98162754625082, 44.49990514665842], [-72.98163961619139, 44.49989492073655], [-72.98165051266551, 44.49988544918597], [-72.98166057094932, 44.499876564368606], [-72.98167096450925, 44.49986793100834], [-72.9816819448024, 44.49985913001001], [-72.98169351182878, 44.49984949082136], [-72.98170574940741, 44.49983859434724], [-72.98171823844314, 44.4998268596828], [-72.98173072747886, 44.499814957380295], [-72.98174338415265, 44.499803306534886], [-72.98175578936934, 44.49979274533689], [-72.98176769167185, 44.499783273786306], [-72.98177925869823, 44.49977464042604], [-72.98179132863879, 44.49976642616093], [-72.98180432058871, 44.4997576251626], [-72.98181823454797, 44.499747985973954], [-72.98183315433562, 44.49973742477596], [-72.98184874467552, 44.49972619302571], [-72.98186399973929, 44.49971512891352], [-72.98187816515565, 44.499703980982304], [-72.9818912409246, 44.49969266541302], [-72.98190364614129, 44.49968118220568], [-72.98191672191024, 44.49966944754124], [-72.98193046823144, 44.499658131971955], [-72.98194454982877, 44.49964765459299], [-72.9819586314261, 44.49963826686144], [-72.98197170719504, 44.499630220234394], [-72.98198411241174, 44.49962317943573], [-72.98199626617134, 44.4996162224561], [-72.98200925812125, 44.49960809201002], [-72.98202350735664, 44.49959820136428], [-72.98203716985881, 44.49958755634725], [-72.98205032944679, 44.49957724660635], [-72.98206365667284, 44.49956811033189], [-72.98207706771791, 44.499560901895165], [-72.98209114931524, 44.49955536983907], [-72.98210615292192, 44.49955000542104], [-72.98212199471891, 44.49954464100301], [-72.98213917762041, 44.49953927658498], [-72.98215761780739, 44.49953374452889], [-72.98217664472759, 44.49952846392989], [-72.98219500109553, 44.49952410534024], [-72.98221243545413, 44.49952041730285], [-72.98222844488919, 44.499516896903515], [-72.98224361613393, 44.499513041228056], [-72.98225836828351, 44.499508598819375], [-72.98227303661406, 44.499503737315536], [-72.98228912986815, 44.49949820525944], [-72.9823074862361, 44.499492002651095], [-72.98232592642307, 44.499486051499844], [-72.98234294168651, 44.49948043562472], [-72.98235777765512, 44.499475322663784], [-72.98237001523376, 44.4994708802551], [-72.98238116316497, 44.499466018751264], [-72.98239314928651, 44.49945981614292], [-72.98240672796965, 44.49945260770619], [-72.98242131248116, 44.49944489635527], [-72.98243531025946, 44.49943701736629], [-72.98244746401906, 44.49942922219634], [-72.98245936632156, 44.4994209241122], [-72.98247177153826, 44.49941153638065], [-72.98248392529786, 44.499401561915874], [-72.98249607905746, 44.49939242564142], [-72.98250907100737, 44.49938437901437], [-72.98252281732857, 44.499376667663455], [-72.98253765329719, 44.499368369579315], [-72.98255341127515, 44.49935889802873], [-72.98256916925311, 44.49934867210686], [-72.98258417285979, 44.49933894909918], [-72.98259783536196, 44.49933157302439], [-72.9826109111309, 44.49932654388249], [-72.98262541182339, 44.4993223529309], [-72.98264150507748, 44.499318078160286], [-72.98265734687448, 44.49931371957064], [-72.9826732724905, 44.499309277161956], [-72.98269079066813, 44.49930449947715], [-72.98270964995027, 44.49929938651621], [-72.98272800631821, 44.499294608831406], [-72.98274518921971, 44.49929092079401], [-72.9827612824738, 44.49928832240403], [-72.9827768728137, 44.49928605929017], [-72.98279254697263, 44.499282874166965], [-72.98280788585544, 44.4992792699486], [-72.98282305710018, 44.499275581911206], [-72.98283831216395, 44.49927181005478], [-72.98285339958966, 44.49926753528416], [-72.98286706209183, 44.49926258996129], [-72.98287854529917, 44.49925730936229], [-72.9828889388591, 44.499251609668136], [-72.98290058970451, 44.49924456886947], [-72.98291441984475, 44.49923601932824], [-72.98293026164174, 44.49922654777765], [-72.98294744454324, 44.49921657331288], [-72.9829637054354, 44.49920768849552], [-72.98297862522304, 44.49920048005879], [-72.98299262300134, 44.49919503182173], [-72.98300536349416, 44.49919134378433], [-72.98301751725376, 44.49918832629919], [-72.98303050920367, 44.49918455444276], [-72.98304609954357, 44.49917952530086], [-72.98306428827345, 44.49917332269251], [-72.98308381810784, 44.49916636571288], [-72.98310309648514, 44.499159241095185], [-72.98312170431018, 44.49915220029652], [-72.98313964158297, 44.49914583005011], [-72.98315632157028, 44.499140633270144], [-72.98317333683372, 44.49913644231856], [-72.98319093883038, 44.49913325719535], [-72.98320837318897, 44.49913107790053], [-72.98322488553822, 44.499129485338926], [-72.98324047587812, 44.49912722222507], [-72.98325665295124, 44.49912395328283], [-72.98327509313822, 44.49911984615028], [-72.98329562880099, 44.49911607429385], [-72.98331649973989, 44.49911339208484], [-72.98333577811718, 44.499112302437425], [-72.98335321247578, 44.499111883342266], [-72.9833691380918, 44.49911096133292], [-72.98338246531785, 44.499109368771315], [-72.9833950381726, 44.49910702183843], [-72.98341096378863, 44.49910333380103], [-72.98342957161367, 44.499098639935255], [-72.98344834707677, 44.49909319169819], [-72.9834661167115, 44.49908749200404], [-72.98348095268011, 44.4990823790431], [-72.98349285498261, 44.49907802045345], [-72.98350274562836, 44.499074248597026], [-72.98351305536926, 44.4990704767406], [-72.98352495767176, 44.49906620196998], [-72.98353903926909, 44.49906142428517], [-72.98355563543737, 44.49905639514327], [-72.9835744947195, 44.49905153363943], [-72.98359519802034, 44.49904692359269], [-72.98361673951149, 44.499042397364974], [-72.98363719135523, 44.49903829023242], [-72.98365646973252, 44.499035105109215], [-72.98367507755756, 44.499033177271485], [-72.98369158990681, 44.4990324229002], [-72.98370684497058, 44.49903200380504], [-72.98372243531048, 44.49903108179569], [-72.98374003730714, 44.4990289863199], [-72.98376015387475, 44.49902571737766], [-72.98378085717559, 44.49902152642608], [-72.98380105756223, 44.49901716783643], [-72.98382117412984, 44.49901255778968], [-72.98384120687842, 44.499007780104876], [-72.98386182636023, 44.49900275096297], [-72.98388219438493, 44.49899788945913], [-72.98390063457191, 44.4989943690598], [-72.98391781747341, 44.49899227358401], [-72.98393357545137, 44.498991100117564], [-72.98394891433418, 44.49899026192725], [-72.98396584577858, 44.4989893399179], [-72.98398403450847, 44.49898808263242], [-72.98400230705738, 44.498986322432756], [-72.98402049578726, 44.49898414313793], [-72.98403868451715, 44.49898162856698], [-72.98405611887574, 44.498979030177], [-72.98407162539661, 44.49897710233927], [-72.98408604227006, 44.49897584505379], [-72.98410163260996, 44.49897425249219], [-72.98411856405437, 44.498972073197365], [-72.98413692042232, 44.49896981008351], [-72.98415594734251, 44.49896746315062], [-72.98417539335787, 44.49896444566548], [-72.98419525846839, 44.498960422351956], [-72.98421369865537, 44.49895572848618], [-72.98423029482365, 44.49895145371556], [-72.9842463042587, 44.498948100954294], [-72.98426197841763, 44.498945754021406], [-72.98427714966238, 44.498944161459804], [-72.98429232090712, 44.498942736536264], [-72.98430883325636, 44.49894114397466], [-72.98432643525302, 44.49893921613693], [-72.98434479162097, 44.498936953023076], [-72.98436306416988, 44.498933935537934], [-72.98438091762364, 44.49893016368151], [-72.98439793288708, 44.49892588891089], [-72.98441461287439, 44.498921781778336], [-72.98443087376654, 44.49891842901707], [-72.98444721847773, 44.49891608208418], [-72.98446465283632, 44.49891407042742], [-72.98448267392814, 44.49891239404678], [-72.9845005273819, 44.4989113882184], [-72.98451754264534, 44.49891130439937], [-72.98453531228006, 44.49891180731356], [-72.98455509357154, 44.498911472037435], [-72.98457571305335, 44.498909544199705], [-72.98459708690643, 44.49890669435263], [-72.98461779020727, 44.49890342541039], [-72.98463631421328, 44.49890007264912], [-72.98465148545802, 44.49889755807817], [-72.98466506414115, 44.49889571405947], [-72.9846802353859, 44.4988942053169], [-72.98469523899257, 44.49889303185046], [-72.98471049405634, 44.49889202602208], [-72.984728096053, 44.498890517279506], [-72.98474838025868, 44.498888505622745], [-72.98477050848305, 44.498886577785015], [-72.98479188233614, 44.498885069042444], [-72.98481191508472, 44.498883895576], [-72.98483119346201, 44.49888322502375], [-72.98484929837286, 44.498882722109556], [-72.98486715182662, 44.49888196773827], [-72.98488441854715, 44.498881129547954], [-72.98490017652512, 44.49888054281473], [-72.98491643741727, 44.498880207538605], [-72.98493496142328, 44.49887987226248], [-72.98495398834348, 44.49887936934829], [-72.98497125506401, 44.498878782615066], [-72.98498500138521, 44.498878195881844], [-72.98499589785933, 44.49887786060572], [-72.98500436358154, 44.49887760914862], [-72.98501065000892, 44.498877357691526], [-72.98501634970307, 44.49887660332024], [-72.98502288758755, 44.49887501075864], [-72.98503051511943, 44.4988719932735], [-72.9850391484797, 44.498867467045784], [-72.98504895530641, 44.4988630246371], [-72.98506077378988, 44.4988595880568], [-72.98507519066334, 44.49885698966682], [-72.9850912000984, 44.49885548092425], [-72.98510754480958, 44.49885497801006], [-72.98512489534914, 44.49885522946715], [-72.98514442518353, 44.49885556474328], [-72.98516588285565, 44.498855816200376], [-72.98518809489906, 44.498856822028756], [-72.98521047458053, 44.49885858222842], [-72.98523134551942, 44.49886084534228], [-72.98525020480156, 44.498862689360976], [-72.98526822589338, 44.498864114284515], [-72.98528557643294, 44.49886579066515], [-72.98530250787735, 44.49886780232191], [-72.98531910404563, 44.49886956252158], [-72.98533570021391, 44.498870903626084], [-72.98535246402025, 44.49887216091156], [-72.98537006601691, 44.49887366965413], [-72.98538859002292, 44.49887559749186], [-72.98540719784796, 44.49887794442475], [-72.98542563803494, 44.49888037517667], [-72.98544332385063, 44.4988820515573], [-72.98545874655247, 44.49888247065246], [-72.98547165468335, 44.49888188391924], [-72.98548364080489, 44.49888062663376], [-72.98549562692642, 44.498878782615066], [-72.98550836741924, 44.49887651950121], [-72.98552261665463, 44.498873921111226], [-72.98553736880422, 44.498870903626084], [-72.98555086366832, 44.49886813759804], [-72.9855626821518, 44.49886587448418], [-72.98557416535914, 44.498864114284515], [-72.98558707349002, 44.49886352755129], [-72.98560316674411, 44.498864030465484], [-72.98562202602625, 44.498864533379674], [-72.9856401309371, 44.498864617198706], [-72.98565739765763, 44.49886436574161], [-72.9856760893017, 44.498864114284515], [-72.98569520004094, 44.49886352755129], [-72.98571305349469, 44.49886277318001], [-72.98572981730103, 44.49886176735163], [-72.98574591055512, 44.49886034242809], [-72.98576284199953, 44.49885841459036], [-72.98578161746264, 44.498856319114566], [-72.98580022528768, 44.49885472655296], [-72.9858161509037, 44.4988545589149], [-72.9858285561204, 44.49885556474328], [-72.98583643510938, 44.49885648675263], [-72.9858402069658, 44.498856822028756], [-72.9858420509845, 44.498856822028756], [-72.98584339208901, 44.49885698966682], [-72.98584330826998, 44.498856319114566], [-72.98584079369903, 44.49885422363877], [-72.9858383629471, 44.49885162524879], [-72.98583802767098, 44.49885020032525], [-72.98583970405161, 44.498850367963314], [-72.98584330826998, 44.49885179288685], [-72.98584867268801, 44.49885422363877], [-72.98585596494377, 44.49885740876198], [-72.98586526885629, 44.49886134825647], [-72.98587658442557, 44.49886629357934], [-72.98588982783258, 44.49887216091156], [-72.9859046638012, 44.498876854777336], [-72.98592117615044, 44.49887936934829], [-72.98593861050904, 44.49888037517667], [-72.98595654778183, 44.498880207538605], [-72.98597482033074, 44.498879201710224], [-72.98599300906062, 44.49887744151056], [-72.98601136542857, 44.49887492693961], [-72.98602947033942, 44.498871490359306], [-72.98604774288833, 44.498867467045784], [-72.9860664345324, 44.49886344373226], [-72.98608520999551, 44.49885992333293], [-72.98610331490636, 44.49885740876198], [-72.98612041398883, 44.49885606765747], [-72.98613625578582, 44.498855816200376], [-72.9861515108496, 44.49885648675263], [-72.98616676591337, 44.49885766021907], [-72.98618210479617, 44.498859168961644], [-72.98619652166963, 44.49886101298034], [-72.98620934598148, 44.49886335991323], [-72.9862223379314, 44.49886570684612], [-72.98623734153807, 44.49886788614094], [-72.9862546082586, 44.49886922724545], [-72.98627221025527, 44.49886964634061], [-72.98628838732839, 44.49886964634061], [-72.98630339093506, 44.49886964634061], [-72.98631663434207, 44.49886981397867], [-72.98632744699717, 44.49887073598802], [-72.98633507452905, 44.49887216091156], [-72.98633926548064, 44.49887366965413], [-72.98634052276611, 44.4988751783967], [-72.98634001985192, 44.49887668713927], [-72.98633893020451, 44.498878195881844], [-72.98633750528097, 44.49887953698635], [-72.98633582890034, 44.498880710452795], [-72.98633448779583, 44.498881632462144], [-72.98633381724358, 44.4988823030144], [-72.98633314669132, 44.498882722109556], [-72.98633147031069, 44.49888297356665], [-72.9863288719207, 44.49888322502375], [-72.98632535152137, 44.498883644118905], [-72.98632090911269, 44.498884063214064], [-72.9863153770566, 44.498884649947286], [-72.98630883917212, 44.49888532049954], [-72.9863016307354, 44.49888582341373], [-72.98629400320351, 44.49888615868986], [-72.98628645949066, 44.49888615868986], [-72.98627925105393, 44.49888590723276], [-72.98627271316946, 44.49888540431857], [-72.9862670134753, 44.49888490140438], [-72.9862619843334, 44.49888439849019], [-72.98625745810568, 44.498884063214064], [-72.9862532671541, 44.49888397939503], [-72.9862495791167, 44.49888397939503], [-72.98624597489834, 44.498884063214064], [-72.98624220304191, 44.49888439849019], [-72.98623801209033, 44.49888490140438], [-72.98623298294842, 44.498885655775666], [-72.98622661270201, 44.49888666160405], [-72.98621856607497, 44.49888791888952], [-72.98620875924826, 44.49888925999403], [-72.98619769513607, 44.498890433460474], [-72.9861856251955, 44.498891523107886], [-72.98617280088365, 44.49889227747917], [-72.98615922220051, 44.49889252893627], [-72.98614505678415, 44.49889219366014], [-72.9861306399107, 44.498891439288855], [-72.98611588776112, 44.498890517279506], [-72.98610088415444, 44.49888967908919], [-72.98608588054776, 44.49888909235597], [-72.98607045784593, 44.49888875707984], [-72.9860542807728, 44.49888867326081], [-72.98603751696646, 44.49888884089887], [-72.98602033406496, 44.498889008536935], [-72.98600264824927, 44.49888934381306], [-72.98598462715745, 44.49888984672725], [-72.98596610315144, 44.49889034964144], [-72.98594716005027, 44.4988907687366], [-72.98592779785395, 44.49889085255563], [-72.98590818420053, 44.49889068491757], [-72.9858885705471, 44.498890433460474], [-72.98586904071271, 44.49889034964144], [-72.98584967851639, 44.49889068491757], [-72.9858304001391, 44.498891523107886], [-72.98581103794277, 44.498892948031425], [-72.98579192720354, 44.49889479205012], [-72.98577315174043, 44.498896887525916], [-72.98575487919152, 44.498899318277836], [-72.98573736101389, 44.49890200048685], [-72.98572143539786, 44.49890493415296], [-72.98570559360087, 44.4989079516381], [-72.98568866215646, 44.49891088530421], [-72.98567164689302, 44.498913483694196], [-72.98565521836281, 44.49891532771289], [-72.98563971184194, 44.4989166688174], [-72.98562529496849, 44.49891775846481], [-72.98561163246632, 44.498919351026416], [-72.98559746704996, 44.49892161414027], [-72.98558128997684, 44.49892454780638], [-72.98556318506598, 44.49892781674862], [-72.9855452477932, 44.49893033131957], [-72.98552907072008, 44.49893192388117], [-72.98551490530372, 44.49893259443343], [-72.98550241626799, 44.49893276207149], [-72.98548908904195, 44.49893284589052], [-72.98547375015914, 44.498933516442776], [-72.98545841127634, 44.498933935537934], [-72.98544391058385, 44.49893276207149], [-72.9854292422533, 44.498930079862475], [-72.98541373573244, 44.49892655946314], [-72.98539789393544, 44.49892245233059], [-72.98538347706199, 44.49891809374094], [-72.9853708203882, 44.498914405703545], [-72.98535757698119, 44.4989116396755], [-72.98534215427935, 44.49890946038067], [-72.98532413318753, 44.49890770018101], [-72.98530493862927, 44.4989063590765], [-72.9852862469852, 44.4989047665149], [-72.98526839353144, 44.49890350922942], [-72.98525129444897, 44.49890350922942], [-72.98523453064263, 44.49890392832458], [-72.98521634191275, 44.49890384450555], [-72.98519689589739, 44.498903173953295], [-72.98517828807235, 44.49890258722007], [-72.98516127280891, 44.49890233576298], [-72.98514601774514, 44.498902251943946], [-72.98513252288103, 44.498902168124914], [-72.98511978238821, 44.498901665210724], [-72.98510762862861, 44.49890040792525], [-72.98509731888771, 44.49889889918268], [-72.98508843407035, 44.49889772571623], [-72.98508030362427, 44.49889697134495], [-72.98507393337786, 44.498896887525916], [-72.98506923951209, 44.49889772571623], [-72.98506404273212, 44.49889956973493], [-72.98505599610507, 44.49890233576298], [-72.98504350706935, 44.49890552088618], [-72.98502791672945, 44.49890828691423], [-72.98501106910408, 44.498910969123244], [-72.98499497584999, 44.498914405703545], [-72.98497720621526, 44.49891842901707], [-72.98495784401894, 44.49892245233059], [-72.98494024202228, 44.49892597272992], [-72.9849233943969, 44.498928822577], [-72.98490730114281, 44.498930498957634], [-72.98489196226001, 44.498931085690856], [-72.98487578518689, 44.49893116950989], [-72.98485709354281, 44.49893075041473], [-72.9848369769752, 44.498929996043444], [-72.98481702804565, 44.49892949312925], [-72.98479883931577, 44.49892932549119], [-72.98478224314749, 44.498929074034095], [-72.98476623371243, 44.49892831966281], [-72.98475014045835, 44.49892739765346], [-72.98473329283297, 44.49892655946314], [-72.98471451736987, 44.49892588891089], [-72.98469507135451, 44.498925637453794], [-72.98467663116753, 44.49892597272992], [-72.98465886153281, 44.4989269785583], [-72.98464176245034, 44.498928654938936], [-72.98462466336787, 44.498930498957634], [-72.98460764810443, 44.4989322591573], [-72.98459138721228, 44.49893418699503], [-72.98457604832947, 44.49893678538501], [-72.98456121236086, 44.49894005432725], [-72.98454612493515, 44.49894357472658], [-72.98453019931912, 44.49894701130688], [-72.98451284877956, 44.498950112611055], [-72.98449373804033, 44.498953465372324], [-72.98447479493916, 44.498957404866815], [-72.98445652239025, 44.4989615958184], [-72.98443757928908, 44.49896553531289], [-72.98441905528307, 44.49896930716932], [-72.9844022076577, 44.49897291138768], [-72.98438644967973, 44.49897634796798], [-72.98437136225402, 44.49897953309119], [-72.98435769975185, 44.498981796205044], [-72.98434236086905, 44.49898305349052], [-72.98432350158691, 44.498984729871154], [-72.98430304974318, 44.49898757971823], [-72.98428209498525, 44.498991183936596], [-72.98426080495119, 44.498995039612055], [-72.9842394310981, 44.498998895287514], [-72.98422032035887, 44.49900224804878], [-72.98420439474285, 44.49900459498167], [-72.98419022932649, 44.49900610372424], [-72.98417690210044, 44.49900736100972], [-72.98416340723634, 44.49900886975229], [-72.98414815217257, 44.499010629951954], [-72.98413021489978, 44.499012641608715], [-72.98411102034152, 44.49901482090354], [-72.98409232869744, 44.499017084017396], [-72.98407472670078, 44.499019430950284], [-72.98405871726573, 44.49902127496898], [-72.98404321074486, 44.499022448435426], [-72.98402669839561, 44.49902404099703], [-72.98400909639895, 44.499026304110885], [-72.98399115912616, 44.4990289863199], [-72.983972216025, 44.499032171443105], [-72.98395209945738, 44.49903619475663], [-72.9839307256043, 44.499041475355625], [-72.98390859737992, 44.49904725886881], [-72.98388789407909, 44.49905237182975], [-72.98386853188276, 44.4990564789623], [-72.98385017551482, 44.49905983172357], [-72.98383383080363, 44.499062933027744], [-72.98381899483502, 44.499065950512886], [-72.98380524851382, 44.49906846508384], [-72.98379192128778, 44.49907039292157], [-72.98377834260464, 44.49907148256898], [-72.98376300372183, 44.499071734026074], [-72.98374590463936, 44.499071231111884], [-72.98372838646173, 44.49907014146447], [-72.98371287994087, 44.4990686327219], [-72.9836994688958, 44.49906754307449], [-72.98368622548878, 44.49906729161739], [-72.98367281444371, 44.49906796216965], [-72.98365873284638, 44.499069303274155], [-72.98364247195423, 44.499071314930916], [-72.98362344503403, 44.499074248597026], [-72.98360240645707, 44.49907818809152], [-72.98358036205173, 44.499082965776324], [-72.98355923965573, 44.499087911099195], [-72.98353970982134, 44.49909319169819], [-72.98352118581533, 44.49909931048751], [-72.9835039190948, 44.499105932191014], [-72.98348765820265, 44.49911247007549], [-72.98347173258662, 44.4991185888648], [-72.98345471732318, 44.49912470765412], [-72.98343711532652, 44.49913049116731], [-72.9834190942347, 44.49913560412824], [-72.98340048640966, 44.499140214174986], [-72.98338254913688, 44.49914373457432], [-72.98336612060666, 44.49914583005011], [-72.98335078172386, 44.49914683587849], [-72.98333577811718, 44.49914708733559], [-72.9833210259676, 44.49914708733559], [-72.98330585472286, 44.499147925525904], [-72.98328925855458, 44.49914960190654], [-72.98327065072954, 44.49915270321071], [-72.98325212672353, 44.4991568941623], [-72.98323569819331, 44.49916142039001], [-72.9832206107676, 44.49916577897966], [-72.98320636153221, 44.49916988611221], [-72.98319202847779, 44.499174328520894], [-72.98317627049983, 44.49917919002473], [-72.98315858468413, 44.49918405152857], [-72.98313888721168, 44.49918874539435], [-72.98311994411051, 44.49919327162206], [-72.98310343176126, 44.49919804930687], [-72.98308867961168, 44.499203246086836], [-72.9830760229379, 44.499208023771644], [-72.98306403681636, 44.499212549999356], [-72.98305188305676, 44.4992171600461], [-72.98303981311619, 44.49922210536897], [-72.98302816227078, 44.49922721832991], [-72.98301659524441, 44.49923233129084], [-72.983004944399, 44.49923761188984], [-72.98299354501069, 44.499242808669806], [-72.98298306763172, 44.49924775399268], [-72.98297367990017, 44.49925244785845], [-72.98296412453055, 44.49925831519067], [-72.98295297659934, 44.499266277998686], [-72.98294015228748, 44.499275498092175], [-72.982925651595, 44.499285304918885], [-72.98290930688381, 44.499294525012374], [-72.98289212398231, 44.49930181726813], [-72.98287485726178, 44.49930693022907], [-72.98285817727447, 44.499310282990336], [-72.98284208402038, 44.499312629923224], [-72.982825236395, 44.499315144494176], [-72.98280763439834, 44.499318497255445], [-72.98279045149684, 44.49932252056897], [-72.98277511261404, 44.49932646006346], [-72.98276245594025, 44.49932956136763], [-72.98275147564709, 44.499331656843424], [-72.98273965716362, 44.499333165585995], [-72.98272632993758, 44.49933492578566], [-72.98271308653057, 44.4993379432708], [-72.98270101659, 44.49934272095561], [-72.98268894664943, 44.499349258840084], [-72.9826753679663, 44.49935730546713], [-72.98266078345478, 44.49936560355127], [-72.98264544457197, 44.49937381781638], [-72.98263027332723, 44.49938236735761], [-72.9826161917299, 44.49939116835594], [-72.98260311596096, 44.4994003046304], [-72.98259062692523, 44.49940960854292], [-72.98257805407047, 44.49941899627447], [-72.9825648944825, 44.49942863546312], [-72.98255005851388, 44.49943894520402], [-72.98253396525979, 44.499449506402016], [-72.98251736909151, 44.49945956468582], [-72.9825009405613, 44.49946870096028], [-72.98248568549752, 44.49947674758732], [-72.98247076570988, 44.49948403984308], [-72.98245567828417, 44.499490996822715], [-72.98244033940136, 44.499497869983315], [-72.98242533579469, 44.49950499460101], [-72.98241041600704, 44.49951270595193], [-72.98239616677165, 44.49952058494091], [-72.98238459974527, 44.49952695518732], [-72.98237571492791, 44.49953039176762], [-72.98236506991088, 44.499532571062446], [-72.98235040158033, 44.49953609146178], [-72.98233564943075, 44.499540366232395], [-72.98232299275696, 44.49954388663173], [-72.98231058754027, 44.49954606592655], [-72.98229600302875, 44.49954749085009], [-72.98227940686047, 44.49954899959266], [-72.98226222395897, 44.49955117888749], [-72.98224654980004, 44.49955428019166], [-72.98223280347884, 44.49955830350518], [-72.98221796751022, 44.499563751742244], [-72.98220036551356, 44.499570624902844], [-72.98218309879303, 44.499577498063445], [-72.98216801136732, 44.49958411976695], [-72.98215376213193, 44.499591160565615], [-72.98213917762041, 44.49959920719266], [-72.9821240901947, 44.49960817582905], [-72.98211026005447, 44.49961747974157], [-72.98209785483778, 44.49962745420635], [-72.98208620399237, 44.49963784776628], [-72.98207539133728, 44.499647403135896], [-72.98206524923444, 44.49965511448681], [-72.98205502331257, 44.499660898], [-72.98204496502876, 44.499665508046746], [-72.98203507438302, 44.49967003427446], [-72.98202501609921, 44.49967514723539], [-72.98201537691057, 44.49968051165342], [-72.98200791701674, 44.49968436732888], [-72.98200439661741, 44.4996852055192], [-72.98200380988419, 44.499683948233724], [-72.98200439661741, 44.499682020395994], [-72.98200498335063, 44.49968034401536], [-72.98200456425548, 44.499679589644074], [-72.98200230114162, 44.49968026019633], [-72.98199685290456, 44.4996833615005], [-72.98198897391558, 44.499688474461436], [-72.98198025673628, 44.499694257974625], [-72.98197128809988, 44.49970046058297], [-72.9819620680064, 44.499706914648414], [-72.98195242881775, 44.49971370398998], [-72.9819427896291, 44.49972040951252], [-72.98193356953561, 44.49972686357796], [-72.98192393034697, 44.49973365291953], [-72.981913452968, 44.49974128045142], [-72.98190188594162, 44.499750500544906], [-72.98188989982009, 44.4997613132], [-72.98187858425081, 44.49977279640734], [-72.98186810687184, 44.499784195795655], [-72.98185813240707, 44.499794924631715], [-72.98184849321842, 44.499804731458426], [-72.98183818347752, 44.49981386773288], [-72.98182636499405, 44.499823255464435], [-72.98181345686316, 44.49983289465308], [-72.98179987818003, 44.499842869117856], [-72.98178571276367, 44.499853514134884], [-72.98177121207118, 44.49986441060901], [-72.9817580524832, 44.49987446889281], [-72.9817474912852, 44.49988318607211], [-72.98173910938203, 44.49989089742303], [-72.98173156566918, 44.4998974353075], [-72.98172335140407, 44.49990355409682], [-72.98171237111092, 44.499910678714514], [-72.98169795423746, 44.49991922825575], [-72.9816824477166, 44.49992819689214], [-72.9816684499383, 44.49993674643338], [-72.9816560447216, 44.49994504451752], [-72.98164506442845, 44.4999526720494], [-72.98163441941142, 44.49996021576226], [-72.98162419348955, 44.49996809475124], [-72.98161539249122, 44.49997547082603], [-72.98160742968321, 44.49998242780566], [-72.981598963961, 44.49999055825174], [-72.98158949241042, 44.500000113621354], [-72.98158027231693, 44.50000975281], [-72.98157230950892, 44.500018721446395], [-72.98156443051994, 44.50002819299698], [-72.98155596479774, 44.50003799982369], [-72.98154699616134, 44.500048058107495], [-72.98153794370592, 44.5000581163913], [-72.98152847215533, 44.5000684261322], [-72.98151891678572, 44.500078819692135], [-72.98150927759707, 44.50008938089013], [-72.98149988986552, 44.50010061264038], [-72.98149100504816, 44.50011276639998], [-72.98148228786886, 44.500125674530864], [-72.9814731515944, 44.50013866648078], [-72.98146368004382, 44.500150233507156], [-72.9814543761313, 44.50016054324806], [-72.98144549131393, 44.5001704338938], [-72.98143677413464, 44.50018007308245], [-72.98142755404115, 44.50019013136625], [-72.98141783103347, 44.50020060874522], [-72.98140752129257, 44.500211672857404], [-72.98139628954232, 44.500223994255066], [-72.98138589598238, 44.50023589655757], [-72.98137751407921, 44.50024603866041], [-72.9813711438328, 44.50025383383036], [-72.9813658632338, 44.50026087462902], [-72.98135940916836, 44.50026925653219], [-72.98135085962713, 44.500279314816], [-72.98134054988623, 44.50029029510915], [-72.98133049160242, 44.50030035339296], [-72.98132185824215, 44.500308986753225], [-72.98131498508155, 44.50031611137092], [-72.98130836337805, 44.50032382272184], [-72.981300316751, 44.50033379718661], [-72.9812918510288, 44.500345112755895], [-72.98128464259207, 44.5003570150584], [-72.98127885907888, 44.500369168818], [-72.98127357847989, 44.500381322577596], [-72.98126771114767, 44.50039263814688], [-72.98126083798707, 44.50040219351649], [-72.9812524560839, 44.50041174888611], [-72.98124256543815, 44.50042289681733], [-72.98123150132596, 44.50043622404337], [-72.98122094012797, 44.500449635088444], [-72.98121264204383, 44.50046028010547], [-72.9812056850642, 44.50046790763736], [-72.98119914717972, 44.500474110245705], [-72.98119260929525, 44.50048064813018], [-72.98118657432497, 44.50048768892884], [-72.98118171282113, 44.50049456208944], [-72.98117735423148, 44.50050059705973], [-72.98117282800376, 44.50050654821098], [-72.98116805031896, 44.50051384046674], [-72.98116318881512, 44.50052188709378], [-72.98115815967321, 44.50052901171148], [-72.98115287907422, 44.50053529813886], [-72.98114826902747, 44.50054116547108], [-72.98114432953298, 44.50054669752717], [-72.9811401385814, 44.50055197812617], [-72.98113536089659, 44.500557174906135], [-72.9811293259263, 44.50056270696223], [-72.9811227042228, 44.50056656263769], [-72.98111700452864, 44.500568406656384], [-72.98111281357706, 44.500569412484765], [-72.98110929317772, 44.5005710888654], [-72.98110610805452, 44.500573854893446], [-72.98110359348357, 44.50057695619762], [-72.98110133036971, 44.500579219311476], [-72.98109873197973, 44.500580644235015], [-72.98109537921846, 44.500581650063396], [-72.98109085299075, 44.50058232061565], [-72.98108565621078, 44.500582572072744], [-72.98108062706888, 44.50058181770146], [-72.98107559792697, 44.50058056041598], [-72.98107107169926, 44.50057880021632], [-72.98106729984283, 44.500576704740524], [-72.98106394708157, 44.500574357807636], [-72.98106076195836, 44.50057209469378], [-72.98105791211128, 44.50056958012283], [-72.98105548135936, 44.50056706555188], [-72.98105288296938, 44.50056471861899], [-72.98105020076036, 44.500562623143196], [-72.98104760237038, 44.5005607791245], [-72.98104559071362, 44.500559186562896], [-72.9810447525233, 44.50055742636323], [-72.98104399815202, 44.50055558234453], [-72.9810431599617, 44.5005539059639], [-72.98104299232364, 44.50055248104036], [-72.9810434114188, 44.500551391392946], [-72.98104399815202, 44.500550301745534], [-72.98104458488524, 44.50054912827909], [-72.9810450039804, 44.50054753571749], [-72.98104466870427, 44.500545440241694], [-72.98104299232364, 44.50054242275655], [-72.98104064539075, 44.50053898617625], [-72.98103871755302, 44.500535717234015], [-72.98103737644851, 44.50053286738694], [-72.9810362868011, 44.50053018517792], [-72.98103502951562, 44.50052725151181], [-72.98103360459208, 44.50052415020764], [-72.98103159293532, 44.50052062980831], [-72.98102907836437, 44.50051677413285], [-72.9810259770602, 44.500512667000294], [-72.98102220520377, 44.50050814077258], [-72.98101860098541, 44.50050378218293], [-72.98101583495736, 44.50050017796457], [-72.98101273365319, 44.50049598701298], [-72.9810085427016, 44.50049011968076], [-72.98100401647389, 44.500484419986606], [-72.98099940642715, 44.50048022903502], [-72.9809947963804, 44.50047679245472], [-72.9809913598001, 44.50047394260764], [-72.9809897672385, 44.500471679493785], [-72.98098884522915, 44.500470170751214], [-72.98098825849593, 44.50046941637993], [-72.98098716884851, 44.50046882964671], [-72.98098599538207, 44.50046857818961], [-72.9809860792011, 44.50046857818961], [-72.98098708502948, 44.50046849437058], [-72.98098892904818, 44.50046790763736], [-72.98099094070494, 44.50046656653285], [-72.98099286854267, 44.500464303418994], [-72.9809947963804, 44.50046111829579], [-72.98099647276103, 44.5004569273442], [-72.98099756240845, 44.50045198202133], [-72.98099773004651, 44.50044644996524], [-72.98099647276103, 44.5004399958998], [-72.98099379055202, 44.50043278746307], [-72.98099010251462, 44.50042566284537], [-72.98098515719175, 44.50041878968477], [-72.98097912222147, 44.50041132979095], [-72.98097241669893, 44.50040303170681], [-72.98096470534801, 44.50039414688945], [-72.98095623962581, 44.50038442388177], [-72.98094752244651, 44.50037377886474], [-72.98093863762915, 44.50036254711449], [-72.98092883080244, 44.500351483002305], [-72.98091902397573, 44.50034184381366], [-72.98091072589159, 44.50033463537693], [-72.98090276308358, 44.50032818131149], [-72.9808946326375, 44.500321643427014], [-72.98088742420077, 44.500316362828016], [-72.9808806348592, 44.50031267479062], [-72.98087384551764, 44.50030915439129], [-72.98086781054735, 44.5003049634397], [-72.98086118884385, 44.50030077248812], [-72.98085305839777, 44.50029708445072], [-72.98084333539009, 44.50029415078461], [-72.98083210363984, 44.500291887670755], [-72.9808201175183, 44.500289959833026], [-72.9808084666729, 44.50028836727142], [-72.98079731874168, 44.50028769671917], [-72.98078457824886, 44.500287529081106], [-72.98076965846121, 44.500287026166916], [-72.98075540922582, 44.50028534978628], [-72.98074333928525, 44.50028283521533], [-72.9807326104492, 44.500280153006315], [-72.98072137869895, 44.50027680024505], [-72.98070771619678, 44.50027202256024], [-72.98069329932332, 44.50026682578027], [-72.98068072646856, 44.500262970104814], [-72.98066974617541, 44.50026146136224], [-72.9806578438729, 44.50026095844805], [-72.98064376227558, 44.50026070699096], [-72.98062884248793, 44.5002602878958], [-72.98061409033835, 44.50025944970548], [-72.98060160130262, 44.5002584438771], [-72.98059162683785, 44.500257605686784], [-72.98058047890663, 44.500257186591625], [-72.98056614585221, 44.500257689505816], [-72.98055005259812, 44.50025944970548], [-72.98053462989628, 44.500262551009655], [-72.98052180558443, 44.50026439502835], [-72.98050965182483, 44.50026380829513], [-72.98049540258944, 44.5002618804574], [-72.98048014752567, 44.50025928206742], [-72.98046497628093, 44.50025701895356], [-72.98044997267425, 44.50025492347777], [-72.98043522052467, 44.500252744182944], [-72.98042164184153, 44.500250313431025], [-72.98040898516774, 44.50024771504104], [-72.98039624467492, 44.500244949012995], [-72.98038300126791, 44.50024176388979], [-72.98036942258477, 44.50023774057627], [-72.98035676591098, 44.500233717262745], [-72.98034561797976, 44.50023086741567], [-72.98033480532467, 44.500229861587286], [-72.98032206483185, 44.50023053213954], [-72.98030748032033, 44.50023237615824], [-72.98029314726591, 44.50023480691016], [-72.9802796524018, 44.50023707002401], [-72.98026741482317, 44.500239081680775], [-72.98025635071099, 44.500241512432694], [-72.98024587333202, 44.500244949012995], [-72.98023447394371, 44.5002497266978], [-72.98022131435573, 44.50025601312518], [-72.98020790331066, 44.50026221573353], [-72.98019583337009, 44.50026732869446], [-72.98018535599113, 44.50027101673186], [-72.98017580062151, 44.500273363664746], [-72.9801659937948, 44.50027487240732], [-72.98015509732068, 44.50027596205473], [-72.98014218918979, 44.50027680024505], [-72.98012643121183, 44.50027805753052], [-72.98010908067226, 44.50028048828244], [-72.98009265214205, 44.500284092500806], [-72.98007924109697, 44.50028761290014], [-72.98006918281317, 44.50029071420431], [-72.98006113618612, 44.50029348023236], [-72.98005334101617, 44.5002964977175], [-72.98004462383687, 44.50030043721199], [-72.98003565520048, 44.50030487962067], [-72.98002718947828, 44.50030907057226], [-72.98001964576542, 44.50031317770481], [-72.9800124373287, 44.500318206846714], [-72.98000430688262, 44.500325080007315], [-72.97999550588429, 44.50033354572952], [-72.97998611815274, 44.5003432687372], [-72.9799759760499, 44.50035408139229], [-72.97996533103287, 44.50036506168544], [-72.979955105111, 44.50037570670247], [-72.97994546592236, 44.50038584880531], [-72.97993624582887, 44.50039523653686], [-72.9799273610115, 44.50040361844003], [-72.97991830855608, 44.50041141360998], [-72.97990875318646, 44.5004191249609], [-72.97989877872169, 44.50042692013085], [-72.97988888807595, 44.500434547662735], [-72.97988042235374, 44.50044125318527], [-72.97987321391702, 44.500447204336524], [-72.97986483201385, 44.50045399367809], [-72.97985427081585, 44.5004622079432], [-72.97984370961785, 44.500470757484436], [-72.97983574680984, 44.500478468835354], [-72.97983071766794, 44.50048475526273], [-72.97982753254473, 44.500489700585604], [-72.97982526943088, 44.500493723899126], [-72.97982350923121, 44.500496573746204], [-72.97982174903154, 44.500498501583934], [-72.97982040792704, 44.50049975886941], [-72.97982040792704, 44.50050034560263], [-72.97982124611735, 44.50050068087876], [-72.97982267104089, 44.50050068087876], [-72.97982451505959, 44.500500513240695], [-72.97982669435441, 44.50050017796457], [-72.97982887364924, 44.50049967505038], [-72.97983096912503, 44.500499088317156], [-72.9798329807818, 44.500498669222], [-72.97983474098146, 44.5004984177649], [-72.97983608208597, 44.500498501583934], [-72.97983725555241, 44.50049883686006], [-72.97983792610466, 44.50049933977425], [-72.97983809374273, 44.50049992650747], [-72.97983792610466, 44.50050068087876], [-72.97983792610466, 44.50050160288811], [-72.97983767464757, 44.500502943992615], [-72.97983725555241, 44.50050462037325], [-72.97983666881919, 44.50050671584904], [-72.97983557917178, 44.50050906278193], [-72.9798345733434, 44.50051140971482], [-72.97983381897211, 44.50051350519061], [-72.97983264550567, 44.50051543302834], [-72.979830885306, 44.500517109408975], [-72.9798292927444, 44.50051819905639], [-72.97982862219214, 44.500518618151546], [-72.97982862219214, 44.50051845051348], [-72.97982878983021, 44.50051786378026], [-72.97982887364924, 44.50051694177091], [-72.97982870601118, 44.50051593594253], [-72.97982820309699, 44.50051543302834], [-72.97982702963054, 44.50051576830447], [-72.97982451505959, 44.50051736086607], [-72.97982116229832, 44.50052037835121], [-72.97981764189899, 44.50052465312183], [-72.97981412149966, 44.500530771911144], [-72.97981068491936, 44.500538650900126], [-72.97980607487261, 44.50054627843201], [-72.97979978844523, 44.50055189430714], [-72.97979190945625, 44.500556755810976], [-72.97978302463889, 44.50056220404804], [-72.97977363690734, 44.500567987561226], [-72.97976307570934, 44.500573854893446], [-72.97975117340684, 44.500579219311476], [-72.97973935492337, 44.50058290734887], [-72.97972845844924, 44.500585002824664], [-72.97971739433706, 44.5005864277482], [-72.97970557585359, 44.50058785267174], [-72.97969560138881, 44.50058936141431], [-72.97968721948564, 44.500590870156884], [-72.97967850230634, 44.50059304945171], [-72.97966877929866, 44.50059665367007], [-72.97965821810067, 44.50060143135488], [-72.97964715398848, 44.500606125220656], [-72.9796355869621, 44.50060972943902], [-72.97962217591703, 44.500612411648035], [-72.97960692085326, 44.5006141718477], [-72.97959124669433, 44.500615848228335], [-72.97957582399249, 44.5006178598851], [-72.97956023365259, 44.5006194524467], [-72.97954422421753, 44.500620709732175], [-72.97952746041119, 44.50062188319862], [-72.97950969077647, 44.500623224303126], [-72.9794923402369, 44.5006247330457], [-72.9794770013541, 44.50062490068376], [-72.97946317121387, 44.50062339194119], [-72.97945043072104, 44.5006212964654], [-72.97943819314241, 44.500618698075414], [-72.97942603938282, 44.500615345314145], [-72.97941522672772, 44.50061174109578], [-72.97940483316779, 44.500607969239354], [-72.97939150594175, 44.50060402974486], [-72.9793749935925, 44.500599168241024], [-72.97935998998582, 44.500594390556216], [-72.97935076989233, 44.50059061869979], [-72.97934641130269, 44.5005866792053], [-72.97934398055077, 44.50058240443468], [-72.97934255562723, 44.50057829730213], [-72.97934154979885, 44.50057444162667], [-72.97934029251337, 44.500570837408304], [-72.97933886758983, 44.50056731700897], [-72.97933777794242, 44.50056379660964], [-72.97933727502823, 44.50056036002934], [-72.97933710739017, 44.50055683963001], [-72.97933761030436, 44.500553738325834], [-72.97933970578015, 44.50055122375488], [-72.97934297472239, 44.50054912827909], [-72.97934641130269, 44.50054761953652], [-72.97934926114976, 44.50054669752717], [-72.9793506860733, 44.500546446070075], [-72.97935001552105, 44.50054711662233], [-72.979347249493, 44.5005486253649], [-72.97934230417013, 44.50055063702166], [-72.97933467663825, 44.500552732497454], [-72.97932260669768, 44.500554241240025], [-72.97930617816746, 44.50055407360196], [-72.97928907908499, 44.50055290013552], [-72.97927315346897, 44.50055239722133], [-72.97925773076713, 44.500553319230676], [-72.97924222424626, 44.500556755810976], [-72.97922705300152, 44.50056337751448], [-72.97921355813742, 44.50057201087475], [-72.97920173965394, 44.500581147149205], [-72.97919084317982, 44.5005901157856], [-72.97918095253408, 44.50059891678393], [-72.97917223535478, 44.50060813687742], [-72.97916477546096, 44.500617356970906], [-72.9791574832052, 44.50062599033117], [-72.9791487660259, 44.50063403695822], [-72.97913954593241, 44.50064149685204], [-72.97912965528667, 44.50064837001264], [-72.97911708243191, 44.50065532699227], [-72.97910207882524, 44.50066186487675], [-72.97908732667565, 44.50066731311381], [-72.97907617874444, 44.50067175552249], [-72.97906863503158, 44.5006765332073], [-72.97906243242323, 44.500682316720486], [-72.9790557269007, 44.50068885460496], [-72.97904742881656, 44.50069631449878], [-72.97903678379953, 44.50070436112583], [-72.97902488149703, 44.500711653381586], [-72.97901348210871, 44.50071735307574], [-72.97900283709168, 44.50072162784636], [-72.97899085097015, 44.50072514824569], [-72.97897668555379, 44.5007283333689], [-72.97896260395646, 44.5007317699492], [-72.97895019873977, 44.50073545798659], [-72.9789378773421, 44.500739481300116], [-72.97892538830638, 44.50074442662299], [-72.97891348600388, 44.500750629231334], [-72.97890149988234, 44.500758005306125], [-72.97888993285596, 44.50076546519995], [-72.97888071276248, 44.50077191926539], [-72.97887409105897, 44.50077736750245], [-72.97886780463159, 44.50078323483467], [-72.97886009328067, 44.50079061090946], [-72.97885213047266, 44.500798070803285], [-72.9788448382169, 44.50080410577357], [-72.97883754596114, 44.5008092187345], [-72.97882941551507, 44.50081458315253], [-72.97881944105029, 44.50082095339894], [-72.97880779020488, 44.50082774274051], [-72.97879479825497, 44.500833274796605], [-72.97877996228635, 44.50083729811013], [-72.97876286320388, 44.50084165669978], [-72.97874400392175, 44.50084769167006], [-72.97872531227767, 44.50085515156388], [-72.97870829701424, 44.50086294673383], [-72.97869371250272, 44.50087049044669], [-72.9786823131144, 44.50087753124535], [-72.97867300920188, 44.50088448822498], [-72.97866454347968, 44.5008921995759], [-72.97865616157651, 44.500900749117136], [-72.9786481987685, 44.50090913102031], [-72.97864048741758, 44.50091742910445], [-72.97863244079053, 44.50092597864568], [-72.97862422652543, 44.50093402527273], [-72.9786167666316, 44.50094140134752], [-72.9786101449281, 44.500948525965214], [-72.97860478051007, 44.50095531530678], [-72.97860008664429, 44.500962691381574], [-72.9785958956927, 44.50097098946571], [-72.97859262675047, 44.50097928754985], [-72.97858994454145, 44.50098683126271], [-72.97858726233244, 44.50099286623299], [-72.97858466394246, 44.50099705718458], [-72.97858273610473, 44.5009994879365], [-72.97858139500022, 44.5010010804981], [-72.97857997007668, 44.50100300833583], [-72.97857770696282, 44.501005774363875], [-72.97857427038252, 44.5010097976774], [-72.97856957651675, 44.501014072448015], [-72.97856345772743, 44.50101809576154], [-72.97855658456683, 44.50102153234184], [-72.97854853793979, 44.50102488510311], [-72.97853839583695, 44.5010304171592], [-72.97852766700089, 44.501039050519466], [-72.97851802781224, 44.50104952789843], [-72.97851031646132, 44.501060508191586], [-72.97850361093879, 44.50107039883733], [-72.97849698923528, 44.50107894837856], [-72.97849103808403, 44.50108624063432], [-72.97848634421825, 44.501093197613955], [-72.9784824885428, 44.501100992783904], [-72.97847896814346, 44.5011099614203], [-72.978475112468, 44.501118175685406], [-72.97847083769739, 44.50112421065569], [-72.9784650541842, 44.50112965889275], [-72.97845700755715, 44.501135777682066], [-72.97844820655882, 44.501141645014286], [-72.97843990847468, 44.501146003603935], [-72.97843270003796, 44.501148853451014], [-72.97842616215348, 44.501150865107775], [-72.97842054627836, 44.50115245766938], [-72.9784164391458, 44.50115421786904], [-72.97841358929873, 44.50115698389709], [-72.97841182909906, 44.50116083957255], [-72.97841149382293, 44.5011651981622], [-72.9784135054797, 44.50117005966604], [-72.97841736115515, 44.501176346093416], [-72.97842272557318, 44.501184057444334], [-72.97842901200056, 44.50119202025235], [-72.97843504697084, 44.50119989924133], [-72.9784404952079, 44.501209538429976], [-72.97844518907368, 44.501220770180225], [-72.97844803892076, 44.50123141519725], [-72.97844979912043, 44.5012428984046], [-72.97845063731074, 44.50125731527805], [-72.97845013439655, 44.50127282179892], [-72.9784478712827, 44.50128656812012], [-72.97844292595983, 44.50129872187972], [-72.9784341249615, 44.50131280347705], [-72.97842163592577, 44.50132864527404], [-72.97840780578554, 44.50134423561394], [-72.97839364036918, 44.50135982595384], [-72.97837955877185, 44.50137457810342], [-72.97836530953646, 44.501387318596244], [-72.97834988683462, 44.501399053260684], [-72.97833303920925, 44.501410452649], [-72.97831594012678, 44.50142193585634], [-72.97830001451075, 44.50143316760659], [-72.9782855976373, 44.501444483175874], [-72.97827302478254, 44.50145554728806], [-72.9782615415752, 44.50146644376218], [-72.97824963927269, 44.50147817842662], [-72.97823740169406, 44.501490499824286], [-72.9782250802964, 44.50150307267904], [-72.97821418382227, 44.501514472067356], [-72.97820571810007, 44.501524195075035], [-72.97819842584431, 44.501532996073365], [-72.97819155268371, 44.501541294157505], [-72.97818426042795, 44.501549592241645], [-72.97817621380091, 44.50155856087804], [-72.97816816717386, 44.50156736187637], [-72.97816121019423, 44.501574989408255], [-72.97815517522395, 44.50158152729273], [-72.97814964316785, 44.50158781372011], [-72.97814419493079, 44.501594519242644], [-72.9781384114176, 44.5016020629555], [-72.9781331308186, 44.501609187573195], [-72.97812935896218, 44.501614635810256], [-72.97812667675316, 44.501618994399905], [-72.97812416218221, 44.501623855903745], [-72.9781212285161, 44.50162989087403], [-72.97811821103096, 44.501636093482375], [-72.9781159479171, 44.5016417093575], [-72.97811351716518, 44.50164740905166], [-72.97811008058488, 44.50165444985032], [-72.9781061410904, 44.50166224502027], [-72.97810253687203, 44.501668782904744], [-72.97810010612011, 44.50167247094214], [-72.97809767536819, 44.50167506933212], [-72.97809432260692, 44.501677080988884], [-72.97809063456953, 44.501678086817265], [-72.97808736562729, 44.50167900882661], [-72.9780852701515, 44.50167967937887], [-72.97808468341827, 44.501679511740804], [-72.97808535397053, 44.50167842209339], [-72.978086611256, 44.501677080988884], [-72.97808803617954, 44.501675656065345], [-72.97808929346502, 44.5016744825989], [-72.9780902992934, 44.50167356058955], [-72.97809096984565, 44.5016728900373], [-72.97809155657887, 44.50167247094214], [-72.978091891855, 44.50167205184698], [-72.97809222713113, 44.501671800389886], [-72.97809239476919, 44.50167163275182], [-72.97809256240726, 44.50167154893279], [-72.97809306532145, 44.501671297475696], [-72.97809365205467, 44.50167112983763], [-72.97809423878789, 44.5016710460186], [-72.97809490934014, 44.50167096219957], [-72.97809566371143, 44.50167087838054], [-72.97809650190175, 44.50167087838054], [-72.97809734009206, 44.50167096219957], [-72.97809842973948, 44.5016710460186], [-72.97810018993914, 44.501671213656664], [-72.97810236923397, 44.50167188420892], [-72.9781042970717, 44.50167381204665], [-72.97810513526201, 44.501677164807916], [-72.97810479998589, 44.501682026311755], [-72.97810312360525, 44.50168806128204], [-72.9781003575772, 44.50169493444264], [-72.97809625044465, 44.50170264579356], [-72.9780902992934, 44.501710776239634], [-72.97808325849473, 44.50171790085733], [-72.97807546332479, 44.50172435492277], [-72.97806691378355, 44.50173064135015], [-72.97805869951844, 44.50173634104431], [-72.97805274836719, 44.50174044817686], [-72.97804964706302, 44.50174321420491], [-72.9780488088727, 44.501745477318764], [-72.97804956324399, 44.50174732133746], [-72.97805132344365, 44.50174883008003], [-72.97805367037654, 44.50175025500357], [-72.97805635258555, 44.50175159610808], [-72.97805945388973, 44.501752937212586], [-72.97806272283196, 44.50175402686], [-72.9780657403171, 44.501754865050316], [-72.97806859016418, 44.501755284145474], [-72.97807135619223, 44.501755284145474], [-72.97807403840125, 44.501754865050316], [-72.9780765529722, 44.50175419449806], [-72.9780783969909, 44.50175318866968], [-72.97807965427637, 44.50175201520324], [-72.97808032482862, 44.5017505902797], [-72.97808032482862, 44.501749416813254], [-72.97807990573347, 44.501748746261], [-72.97807965427637, 44.50174807570875], [-72.9780797380954, 44.50174665078521], [-72.97807957045734, 44.50174522586167], [-72.97807889990509, 44.50174396857619], [-72.97807797789574, 44.50174329802394], [-72.97807697206736, 44.501743046566844], [-72.97807621769607, 44.50174296274781], [-72.97807546332479, 44.501743046566844], [-72.9780747089535, 44.50174321420491], [-72.97807387076318, 44.5017437171191], [-72.97807269729674, 44.50174463912845], [-72.97807076945901, 44.50174614787102], [-72.97806741669774, 44.501748494803905], [-72.9780623037368, 44.50175167992711], [-72.97805534675717, 44.50175511650741], [-72.97804688103497, 44.50175846926868], [-72.97803682275116, 44.50176207348704], [-72.97802693210542, 44.50176584534347], [-72.97801955603063, 44.501768443733454], [-72.97801452688873, 44.501769449561834], [-72.97801033593714, 44.501769533380866], [-72.97800614498556, 44.501769030466676], [-72.97800136730075, 44.50176819227636], [-72.97799508087337, 44.50176727026701], [-72.97798636369407, 44.501766515895724], [-72.97797546721995, 44.501766515895724], [-72.97796348109841, 44.50176718644798], [-72.97795132733881, 44.501768527552485], [-72.97793883830309, 44.501770455390215], [-72.97792752273381, 44.50177271850407], [-72.97791939228773, 44.50177473016083], [-72.97791478224099, 44.501776741817594], [-72.97791285440326, 44.501778753474355], [-72.97791251912713, 44.501780681312084], [-72.97791310586035, 44.501782190054655], [-72.9779140278697, 44.5017833635211], [-72.97791520133615, 44.501784201711416], [-72.97791629098356, 44.50178487226367], [-72.97791729681194, 44.50178545899689], [-72.97791830264032, 44.501786129549146], [-72.9779193084687, 44.5017868001014], [-72.97792023047805, 44.50178763829172], [-72.97792106866837, 44.501788560301065], [-72.97792165540159, 44.501789566129446], [-72.97792215831578, 44.501790488138795], [-72.97792240977287, 44.50179157778621], [-72.97792232595384, 44.50179275125265], [-72.97792199067771, 44.501793673262], [-72.97792132012546, 44.50179417617619], [-72.97792073339224, 44.50179417617619], [-72.97792014665902, 44.50179375708103], [-72.97791947610676, 44.50179317034781], [-72.97791863791645, 44.50179224833846], [-72.97791738063097, 44.50179124251008], [-72.9779158718884, 44.501790069043636], [-72.97791419550776, 44.50178881175816], [-72.97791285440326, 44.501787135377526], [-72.97791193239391, 44.501785123720765], [-72.97791101038456, 44.50178286060691], [-72.97791008837521, 44.50178051367402], [-72.97790908254683, 44.501778250560164], [-72.97790832817554, 44.5017762389034], [-72.97790774144232, 44.501774394884706], [-72.97790732234716, 44.50177271850407], [-72.97790707089007, 44.50177104212344], [-72.97790681943297, 44.50176919810474], [-72.97790640033782, 44.50176718644798], [-72.97790564596653, 44.501765510067344], [-72.97790438868105, 44.50176450423896], [-72.97790246084332, 44.50176542624831], [-72.97790162265301, 44.50176643207669], [-72.97790262848139, 44.50176525861025], [-72.97790296375751, 44.50176282785833], [-72.97790153883398, 44.50175989419222], [-72.97789919190109, 44.50175687670708], [-72.97789676114917, 44.501753775402904], [-72.97789508476853, 44.50175159610808], [-72.97789449803531, 44.501750925555825], [-72.97789508476853, 44.50175151228905], [-72.97789575532079, 44.501752434298396], [-72.97789567150176, 44.50175310485065], [-72.9778950009495, 44.501754278317094], [-72.97789399512112, 44.501755870878696], [-72.97789307311177, 44.50175687670708], [-72.97789248637855, 44.50175704434514], [-72.97789215110242, 44.501756709069014], [-72.97789189964533, 44.50175637379289], [-72.97789173200727, 44.50175595469773], [-72.97789164818823, 44.50175553560257], [-72.97789164818823, 44.50175520032644], [-72.9778915643692, 44.50175503268838], [-72.97789148055017, 44.501754865050316], [-72.97789139673114, 44.501754781231284], [-72.97789122909307, 44.50175461359322], [-72.97789106145501, 44.50175452977419], [-72.97789080999792, 44.50175444595516], [-72.97789047472179, 44.501754362136126], [-72.97789005562663, 44.50175419449806], [-72.97788938507438, 44.501754278317094], [-72.97788854688406, 44.50175452977419], [-72.97788720577955, 44.50175494886935], [-72.97788519412279, 44.50175545178354], [-72.97788234427571, 44.50175595469773], [-72.97787899151444, 44.50175545178354], [-72.97787664458156, 44.50175411067903], [-72.97787589021027, 44.50175201520324], [-72.97787563875318, 44.50174975208938], [-72.97787538729608, 44.50174774043262], [-72.97787513583899, 44.50174572877586], [-72.97787513583899, 44.501743465662], [-72.97787496820092, 44.50174145400524], [-72.97787421382964, 44.50173994526267], [-72.97787287272513, 44.501739190891385], [-72.97787111252546, 44.50173893943429], [-72.97786893323064, 44.50173910707235], [-72.97786650247872, 44.501739609986544], [-72.97786398790777, 44.501740196719766], [-72.97786155715585, 44.501740615814924], [-72.97785946168005, 44.501740699633956], [-72.97785761766136, 44.50174044817686], [-72.97785594128072, 44.501740196719766], [-72.97785443253815, 44.5017402805388], [-72.97785300761461, 44.50174053199589], [-72.97785158269107, 44.501741118729115], [-72.97785024158657, 44.50174178928137], [-72.97784864902496, 44.50174271129072], [-72.97784705646336, 44.50174380093813], [-72.97784538008273, 44.50174480676651], [-72.97784361988306, 44.50174572877586], [-72.97784177586436, 44.50174631550908], [-72.9778397642076, 44.50174614787102], [-72.97783741727471, 44.50174497440457], [-72.97783389687538, 44.501743549481034], [-72.97782995738089, 44.50174329802394], [-72.97782702371478, 44.501744136214256], [-72.9778257664293, 44.50174564495683], [-72.97782702371478, 44.5017471536994], [-72.97783020883799, 44.501748494803905], [-72.97783431597054, 44.50174966827035], [-72.97783850692213, 44.5017505902797], [-72.9778429493308, 44.50175126083195], [-72.97784772701561, 44.50175176374614], [-72.97785242088139, 44.5017521828413], [-72.97785627655685, 44.50175268575549], [-72.97785954549909, 44.50175327248871], [-72.97786306589842, 44.50175369158387], [-72.97786692157388, 44.501753859221935], [-72.97787060961127, 44.501753775402904], [-72.97787379473448, 44.50175369158387], [-72.97787647694349, 44.50175344012678], [-72.97787907533348, 44.50175276957452], [-72.97788108699024, 44.50175159610808], [-72.97788209281862, 44.501749919727445], [-72.97788251191378, 44.50174757279456], [-72.97788318246603, 44.50174480676651], [-72.97788427211344, 44.50174153782427], [-72.97788569703698, 44.501737765967846], [-72.97788728959858, 44.501734329387546], [-72.977888379246, 44.50173215009272], [-72.977888379246, 44.50173097662628], [-72.97788779251277, 44.50173030607402], [-72.97788728959858, 44.5017297193408], [-72.97788720577955, 44.50172913260758], [-72.97788712196052, 44.50172862969339], [-72.97788720577955, 44.50172829441726], [-72.97788770869374, 44.5017281267792], [-72.97788871452212, 44.5017278753221], [-72.9778897203505, 44.5017278753221], [-72.97789039090276, 44.5017281267792], [-72.97789080999792, 44.501728462055326], [-72.97789097763598, 44.50172879733145], [-72.97789106145501, 44.50172921642661], [-72.97789114527404, 44.50172955170274], [-72.97789122909307, 44.501729970797896], [-72.9778913129121, 44.50173047371209], [-72.97789139673114, 44.50173080898821], [-72.97789148055017, 44.50173114426434], [-72.97789148055017, 44.501731311902404], [-72.97789139673114, 44.50173122808337], [-72.97789148055017, 44.501730892807245], [-72.97789198346436, 44.501730389893055], [-72.97789265401661, 44.50172963552177], [-72.97789298929274, 44.501728964969516], [-72.97789290547371, 44.50172862969339], [-72.97789298929274, 44.50172829441726], [-72.97789391130209, 44.50172737240791], [-72.97789558768272, 44.501726031303406], [-72.97789701260626, 44.50172477401793], [-72.97789768315852, 44.501724103465676], [-72.97789826989174, 44.50172368437052], [-72.97789826989174, 44.501722510904074], [-72.97789701260626, 44.50172075070441], [-72.97789458185434, 44.50171982869506], [-72.97789072617888, 44.50172083452344], [-72.97788645140827, 44.501722594723105], [-72.97788200899959, 44.50172435492277], [-72.97787790186703, 44.501725444570184], [-72.97787480056286, 44.50172561220825], [-72.97787245362997, 44.50172510929406], [-72.97787086106837, 44.50172393582761], [-72.97787002287805, 44.501722091808915], [-72.97786901704967, 44.50171982869506], [-72.97786792740226, 44.50171731412411], [-72.97786759212613, 44.50171513482928], [-72.97786792740226, 44.50171295553446], [-72.97786817885935, 44.50171027332544], [-72.97786801122129, 44.50170683674514], [-72.97786817885935, 44.50170314870775], [-72.97786926850677, 44.501699544489384], [-72.9778709448874, 44.501696694642305], [-72.97787236981094, 44.50169443152845], [-72.97787337563932, 44.50169267132878], [-72.97787379473448, 44.50169091112912], [-72.97787379473448, 44.501689318567514], [-72.97787337563932, 44.50168806128204], [-72.97787270508707, 44.501687390729785], [-72.97787169925869, 44.50168705545366], [-72.97787027433515, 44.50168672017753], [-72.97786851413548, 44.50168630108237], [-72.97786641865969, 44.50168563053012], [-72.97786373645067, 44.501684457063675], [-72.97786021605134, 44.50168227776885], [-72.9778569471091, 44.501680517569184], [-72.97785409726202, 44.501680014654994], [-72.9778503254056, 44.50167984701693], [-72.97784579917789, 44.50167993083596], [-72.9778395127505, 44.501680517569184], [-72.97783121466637, 44.501681523397565], [-72.977822329849, 44.501682445406914], [-72.97781294211745, 44.50168261304498], [-72.97780254855752, 44.501681523397565], [-72.97779257409275, 44.50167984701693], [-72.97778419218957, 44.50167875736952], [-72.97777589410543, 44.50167800299823], [-72.97776692546904, 44.50167724862695], [-72.97775787301362, 44.501676578074694], [-72.97774965874851, 44.5016760751605], [-72.97774228267372, 44.5016760751605], [-72.97773423604667, 44.50167691335082], [-72.97772484831512, 44.50167850591242], [-72.97771537676454, 44.50168068520725], [-72.97770573757589, 44.501682948321104], [-72.97769609838724, 44.50168571434915], [-72.9776864591986, 44.50168973766267], [-72.97767556272447, 44.50169443152845], [-72.97766475006938, 44.50169887393713], [-72.97765569761395, 44.50170272961259], [-72.97764605842531, 44.50170616619289], [-72.97763382084668, 44.50170918367803], [-72.97761940397322, 44.50171220116317], [-72.9776048194617, 44.50171488337219], [-72.97759140841663, 44.501717146486044], [-72.97757824882865, 44.501719158142805], [-72.97756433486938, 44.50172083452344], [-72.97755050472915, 44.5017212536186], [-72.97753826715052, 44.50172033160925], [-72.97752745449543, 44.50171932578087], [-72.97751630656421, 44.50171857140958], [-72.97750415280461, 44.501717733219266], [-72.97749191522598, 44.50171697884798], [-72.97747892327607, 44.50171614065766], [-72.97746484167874, 44.501714799553156], [-72.9774515144527, 44.501712368801236], [-72.977439109236, 44.50170968659222], [-72.97742469236255, 44.5017075072974], [-72.97740868292749, 44.501705495640635], [-72.97739451751113, 44.50170340016484], [-72.97738236375153, 44.50170163996518], [-72.9773698747158, 44.50170080177486], [-72.97735688276589, 44.501700634136796], [-72.97734389081597, 44.50170080177486], [-72.97733089886606, 44.501701053231955], [-72.9773180745542, 44.50170130468905], [-72.97730608843267, 44.50170163996518], [-72.97729527577758, 44.5017022266984], [-72.97728404402733, 44.50170272961259], [-72.97727239318192, 44.50170314870775], [-72.9772614967078, 44.501703483983874], [-72.97725026495755, 44.50170340016484], [-72.9772374406457, 44.50170272961259], [-72.97722394578159, 44.50170172378421], [-72.97721087001264, 44.50170071795583], [-72.97719745896757, 44.50169971212745], [-72.97718304209411, 44.50169895775616], [-72.97716904431581, 44.50169895775616], [-72.97715588472784, 44.50169937685132], [-72.97714171931148, 44.50169971212745], [-72.97712579369545, 44.501700550317764], [-72.97711062245071, 44.50170239433646], [-72.97709729522467, 44.50170516036451], [-72.97708287835121, 44.50170868076384], [-72.97706552781165, 44.50171211734414], [-72.97704633325338, 44.501715218648314], [-72.97702739015222, 44.50171798467636], [-72.97701037488878, 44.50172024779022], [-72.97699444927275, 44.50172200798988], [-72.97697885893285, 44.50172292999923], [-72.97696544788778, 44.501723013818264], [-72.97695379704237, 44.50172225944698], [-72.97694097273052, 44.5017210021615], [-72.97692781314254, 44.5017194095999], [-72.97691490501165, 44.50171748176217], [-72.97690141014755, 44.50171538628638], [-72.97688707709312, 44.50171337462962], [-72.97687291167676, 44.501711865887046], [-72.97686000354588, 44.501710776239634], [-72.97684751451015, 44.50171018950641], [-72.97683418728411, 44.50170960277319], [-72.97682077623904, 44.50170851312578], [-72.97680845484138, 44.50170666910708], [-72.97679596580565, 44.50170465745032], [-72.97678188420832, 44.50170264579356], [-72.97676713205874, 44.50170080177486], [-72.97675405628979, 44.50169929303229], [-72.9767434950918, 44.501698119565845], [-72.9767329338938, 44.50169677846134], [-72.9767210315913, 44.5016953535378], [-72.97670996747911, 44.50169392861426], [-72.97669957391918, 44.50169250369072], [-72.97668792307377, 44.50169091112912], [-72.97667543403804, 44.50168948620558], [-72.97666403464973, 44.50168806128204], [-72.97665372490883, 44.501686384901404], [-72.97664458863437, 44.501684457063675], [-72.97663570381701, 44.50168211013079], [-72.9766256455332, 44.50167934410274], [-72.97661500051618, 44.501677164807916], [-72.97660427168012, 44.50167624279857], [-72.9765928722918, 44.50167624279857], [-72.97657946124673, 44.501677164807916], [-72.97656496055424, 44.50167875736952], [-72.97655121423304, 44.50168085284531], [-72.97653688117862, 44.501682948321104], [-72.97652145847678, 44.501684959977865], [-72.97650570049882, 44.501686971634626], [-72.97649027779698, 44.501689905300736], [-72.97647510655224, 44.501693760976195], [-72.97646010294557, 44.501698119565845], [-72.97644468024373, 44.50170239433646], [-72.9764274135232, 44.50170675292611], [-72.97640922479331, 44.50171111151576], [-72.97639128752053, 44.50171496719122], [-72.97637410461903, 44.50171798467636], [-72.97635851427913, 44.501720080152154], [-72.9763428401202, 44.50172175653279], [-72.97632624395192, 44.50172292999923], [-72.97630813904107, 44.50172368437052], [-72.97629045322537, 44.50172393582761], [-72.97627469524741, 44.501724103465676], [-72.97626061365008, 44.501724019646645], [-72.97624829225242, 44.50172343291342], [-72.9762353003025, 44.50172234326601], [-72.9762197099626, 44.501721169799566], [-72.97620403580368, 44.50172024779022], [-72.9761908762157, 44.50171982869506], [-72.9761803150177, 44.5017194095999], [-72.97616908326745, 44.50171831995249], [-72.976154666394, 44.501716727390885], [-72.97613848932087, 44.50171538628638], [-72.97612264752388, 44.50171463191509], [-72.97610856592655, 44.501714715734124], [-72.97609515488148, 44.50171547010541], [-72.97608216293156, 44.501716643571854], [-72.97606741078198, 44.50171899050474], [-72.97604972496629, 44.501723097637296], [-72.97603237442672, 44.501728881150484], [-72.97601670026779, 44.50173600576818], [-72.97600228339434, 44.501743633300066], [-72.97598795033991, 44.50175117701292], [-72.97597135417163, 44.501759223639965], [-72.97595391981304, 44.50176743790507], [-72.97593648545444, 44.501775903627276], [-72.97592022456229, 44.50178403407335], [-72.97590706497431, 44.50179082341492], [-72.97589474357665, 44.50179652310908], [-72.97588150016963, 44.501801719889045], [-72.97586574219167, 44.50180783867836], [-72.97585040330887, 44.50181521475315], [-72.97583816573024, 44.50182334519923], [-72.97582819126546, 44.50183097273111], [-72.975819054991, 44.50183826498687], [-72.97580941580236, 44.501845724880695], [-72.97579776495695, 44.50185427442193], [-72.97578368335962, 44.50186399742961], [-72.97576943412423, 44.501872546970844], [-72.97575568780303, 44.50187874957919], [-72.97574143856764, 44.50188310816884], [-72.97572643496096, 44.501885706558824], [-72.97570941969752, 44.501887299120426], [-72.97569206915796, 44.50188847258687], [-72.97567639499903, 44.50188956223428], [-72.97566172666848, 44.50189090333879], [-72.97564663924277, 44.50189249590039], [-72.97562987543643, 44.50189442373812], [-72.97561109997332, 44.50189710594714], [-72.97559349797666, 44.501900458708405], [-72.9755795840174, 44.50190423056483], [-72.97556667588651, 44.5019078347832], [-72.97555276192725, 44.50191143900156], [-72.9755375906825, 44.50191495940089], [-72.97552099451423, 44.50191889889538], [-72.97550280578434, 44.50192359276116], [-72.97548436559737, 44.501929208636284], [-72.97546869143844, 44.50193541124463], [-72.97545628622174, 44.501941446214914], [-72.97544530592859, 44.501946810632944], [-72.9754344932735, 44.50195209123194], [-72.97542225569487, 44.5019577909261], [-72.97540750354528, 44.50196432881057], [-72.97539291903377, 44.50197103433311], [-72.97537967562675, 44.50197673402727], [-72.97536735422909, 44.50198167935014], [-72.97535595484078, 44.50198628939688], [-72.97534413635731, 44.50199115090072], [-72.97533147968352, 44.50199659913778], [-72.97531924210489, 44.50200280174613], [-72.97530918382108, 44.50200908817351], [-72.97530063427985, 44.5020148716867], [-72.97529149800539, 44.502020655199885], [-72.97528051771224, 44.50202685780823], [-72.97526844777167, 44.502033395692706], [-72.97525562345982, 44.5020407717675], [-72.975242882967, 44.50204890221357], [-72.97523089684546, 44.50205694884062], [-72.9752199165523, 44.502063570544124], [-72.9752080142498, 44.50206885114312], [-72.97519200481474, 44.50207421556115], [-72.9751738999039, 44.50207949616015], [-72.97515545971692, 44.50208444148302], [-72.97513601370156, 44.502089554443955], [-72.97511807642877, 44.5020941644907], [-72.97510265372694, 44.50209776870906], [-72.9750890750438, 44.50210045091808], [-72.9750750772655, 44.502102294936776], [-72.97505822964013, 44.50210397131741], [-72.97504113055766, 44.502105647698045], [-72.97502604313195, 44.502107156440616], [-72.975012967363, 44.50210874900222], [-72.97500031068921, 44.502110593020916], [-72.97498539090157, 44.502112437039614], [-72.97496753744781, 44.502114448696375], [-72.97495001927018, 44.50211671181023], [-72.97493476420641, 44.502119896933436], [-72.97492093406618, 44.50212433934212], [-72.97490852884948, 44.50212987139821], [-72.97489830292761, 44.5021356549114], [-72.97488941811025, 44.50214143842459], [-72.97487885691226, 44.50214839540422], [-72.9748665355146, 44.50215719640255], [-72.97485530376434, 44.50216641649604], [-72.9748456645757, 44.502175468951464], [-72.97483812086284, 44.50218326412141], [-72.97483250498772, 44.502190221101046], [-72.9748266376555, 44.502198519185185], [-72.9748195130378, 44.50220891274512], [-72.9748107958585, 44.50222115032375], [-72.97480224631727, 44.502233136445284], [-72.97479411587119, 44.502244452014565], [-72.97478632070124, 44.502255599945784], [-72.97477953135967, 44.502265406772494], [-72.97477341257036, 44.502274207770824], [-72.97476620413363, 44.50228384695947], [-72.97475664876401, 44.50229516252875], [-72.97474642284214, 44.502306394279], [-72.97473569400609, 44.50231636874378], [-72.97472320497036, 44.50232584029436], [-72.97470987774432, 44.502335311844945], [-72.9746968857944, 44.50234495103359], [-72.97468506731093, 44.5023547578603], [-72.97467391937971, 44.50236448086798], [-72.97466319054365, 44.50237428769469], [-72.97465422190726, 44.502383172512054], [-72.9746466781944, 44.50239113532007], [-72.97463955357671, 44.50239876285195], [-72.97463142313063, 44.502406809479], [-72.97462178394198, 44.50241586193442], [-72.97461139038205, 44.50242592021823], [-72.97460116446018, 44.502436397597194], [-72.97459118999541, 44.50244637206197], [-72.97458104789257, 44.50245575979352], [-72.97457023523748, 44.50246489606798], [-72.97455833293498, 44.502474116161466], [-72.9745446704328, 44.50248316861689], [-72.97452790662646, 44.502492137253284], [-72.97451022081077, 44.502500435337424], [-72.97449270263314, 44.50250789523125], [-72.97447560355067, 44.502514181658626], [-72.97445951029658, 44.50251979753375], [-72.97444333322346, 44.502525916323066], [-72.97442648559809, 44.50253253802657], [-72.97440955415368, 44.50253932736814], [-72.97439304180443, 44.50254561379552], [-72.97437753528357, 44.50255114585161], [-72.97436420805752, 44.50255651026964], [-72.97435314394534, 44.502562461420894], [-72.97434350475669, 44.50256899930537], [-72.9743340332061, 44.50257637538016], [-72.97432439401746, 44.502585008740425], [-72.9743136651814, 44.50259556993842], [-72.97430293634534, 44.502607053145766], [-72.97429329715669, 44.5026192907244], [-72.97428483143449, 44.50263169594109], [-72.97427728772163, 44.502643179148436], [-72.97426991164684, 44.50265415944159], [-72.97426194883883, 44.502665139734745], [-72.97425281256437, 44.50267679058015], [-72.9742430895567, 44.50268844142556], [-72.97423370182514, 44.50269917026162], [-72.97422423027456, 44.50270872563124], [-72.97421425580978, 44.50271752662957], [-72.97420428134501, 44.502725740894675], [-72.97419439069927, 44.50273395515978], [-72.97418475151062, 44.50274292379618], [-72.97417628578842, 44.502752646803856], [-72.97416949644685, 44.502763291820884], [-72.97416371293366, 44.50277351774275], [-72.97415868379176, 44.50278357602656], [-72.97415440902114, 44.50279438868165], [-72.97415097244084, 44.502804949879646], [-72.97414845786989, 44.502813750877976], [-72.97414661385119, 44.50282062403858], [-72.97414518892765, 44.50282674282789], [-72.97414409928024, 44.50283294543624], [-72.97414275817573, 44.50284074060619], [-72.97414191998541, 44.502849793061614], [-72.97414300963283, 44.502858594059944], [-72.97414619475603, 44.50286680832505], [-72.9741508886218, 44.5028748549521], [-72.97415633685887, 44.50288248248398], [-72.97416228801012, 44.502889439463615], [-72.97416815534234, 44.502896312624216], [-72.97417410649359, 44.50290335342288], [-72.97418114729226, 44.5029108133167], [-72.97418969683349, 44.50291835702956], [-72.97419933602214, 44.5029264036566], [-72.97421040013433, 44.50293570756912], [-72.97422230243683, 44.50294635258615], [-72.97423403710127, 44.502956913784146], [-72.97424552030861, 44.50296638533473], [-72.97425566241145, 44.50297468341887], [-72.97426429577172, 44.50298239476979], [-72.97427326440811, 44.502990609034896], [-72.97428323887289, 44.502999829128385], [-72.97429338097572, 44.50300988741219], [-72.97430385835469, 44.50302145443857], [-72.97431542538106, 44.50303419493139], [-72.97432791441679, 44.50304634869099], [-72.97434065490961, 44.50305665843189], [-72.97435280866921, 44.50306571088731], [-72.9743638727814, 44.50307426042855], [-72.97437493689358, 44.503083396703005], [-72.97438759356737, 44.50309379026294], [-72.97440150752664, 44.50310502201319], [-72.97441483475268, 44.50311575084925], [-72.97442698851228, 44.50312606059015], [-72.9744378849864, 44.503135699778795], [-72.97444785945117, 44.50314383022487], [-72.9744585044682, 44.50315095484257], [-72.97447124496102, 44.50315757654607], [-72.97448658384383, 44.503164533525705], [-72.97450385056436, 44.50317149050534], [-72.97452212311327, 44.50317811220884], [-72.97454073093832, 44.503184985369444], [-72.97455883584917, 44.503191355615854], [-72.97457618638873, 44.503197306767106], [-72.97459244728088, 44.50320292264223], [-72.97460895963013, 44.50320778414607], [-72.97462614253163, 44.50321256183088], [-72.97464315779507, 44.50321700423956], [-72.9746604245156, 44.503221195191145], [-72.97467869706452, 44.50322572141886], [-72.97469889745116, 44.50323066674173], [-72.97471901401877, 44.503235863521695], [-72.97473795711994, 44.503241227939725], [-72.97475673258305, 44.50324692763388], [-72.9747745860368, 44.50325254350901], [-72.9747904278338, 44.503257824108005], [-72.97480434179306, 44.50326285324991], [-72.97481716610491, 44.503268050029874], [-72.97482898458838, 44.50327324680984], [-72.97484021633863, 44.503278359770775], [-72.97485220246017, 44.50328355655074], [-72.97486645169556, 44.50328883714974], [-72.97488329932094, 44.50329378247261], [-72.97490132041276, 44.503297973424196], [-72.9749196767807, 44.50330191291869], [-72.97493853606284, 44.50330610387027], [-72.97495689243078, 44.50331021100283], [-72.97497390769422, 44.503313982859254], [-72.97498899511993, 44.50331775471568], [-72.97500215470791, 44.503321861848235], [-72.9750145599246, 44.503326807171106], [-72.97502755187452, 44.50333326123655], [-72.97504129819572, 44.503340972587466], [-72.97505504451692, 44.50334935449064], [-72.9750682041049, 44.50335832312703], [-72.97508136369288, 44.50336762703955], [-72.97509494237602, 44.50337718240917], [-72.97510835342109, 44.503386402502656], [-72.97511992044747, 44.50339495204389], [-72.97512939199805, 44.503403166309], [-72.97513735480607, 44.50341096147895], [-72.97514464706182, 44.503418169915676], [-72.97515269368887, 44.503425881266594], [-72.97516250051558, 44.503435185179114], [-72.97517381608486, 44.503445411100984], [-72.9751852992922, 44.50345605611801], [-72.97519619576633, 44.50346670113504], [-72.97520575113595, 44.50347667559981], [-72.97521404922009, 44.50348514132202], [-72.97522134147584, 44.50349176302552], [-72.97522871755064, 44.50349746271968], [-72.9752373509109, 44.50350349768996], [-72.97524707391858, 44.50350986793637], [-72.97525721602142, 44.50351640582085], [-72.9752685315907, 44.50352353043854], [-72.97528110444546, 44.50353115797043], [-72.97529325820506, 44.503538869321346], [-72.97530457377434, 44.503546664491296], [-72.97531655989587, 44.50355521403253], [-72.97532988712192, 44.50356510467827], [-72.9753443878144, 44.5035757496953], [-72.97535981051624, 44.5035860594362], [-72.97537540085614, 44.503595028072596], [-72.97538981772959, 44.50360315851867], [-72.97540222294629, 44.503612043336034], [-72.97541353851557, 44.503621933981776], [-72.97542409971356, 44.503633081912994], [-72.97543357126415, 44.50364548712969], [-72.97544178552926, 44.50365772470832], [-72.97544656321406, 44.50366912409663], [-72.97544698230922, 44.503680020570755], [-72.97544522210956, 44.50369058176875], [-72.97544170171022, 44.503702064976096], [-72.97543482854962, 44.50371539220214], [-72.97542518936098, 44.50372913852334], [-72.9754154663533, 44.503741627559066], [-72.9754064977169, 44.50375294312835], [-72.9753977805376, 44.5037641748786], [-72.97538780607283, 44.5037760771811], [-72.97537674196064, 44.50378881767392], [-72.97536592930555, 44.50380105525255], [-72.97535561956465, 44.50381278991699], [-72.97534606419504, 44.50382377021015], [-72.97533734701574, 44.50383416377008], [-72.97532812692225, 44.503844641149044], [-72.97531773336232, 44.50385570526123], [-72.97530591487885, 44.50386727228761], [-72.97529401257634, 44.50387825258076], [-72.9752822779119, 44.50388847850263], [-72.97527104616165, 44.50389820151031], [-72.97526157461107, 44.50390683487058], [-72.97525285743177, 44.50391513295472], [-72.97524380497634, 44.50392393395305], [-72.9752336628735, 44.50393399223685], [-72.97522234730422, 44.5039452239871], [-72.97521069645882, 44.503957126289606], [-72.97519946470857, 44.503968274220824], [-72.9751887358725, 44.50397850014269], [-72.97517809085548, 44.503988809883595], [-72.97516778111458, 44.503999035805464], [-72.97515680082142, 44.50401009991765], [-72.97514498233795, 44.50402233749628], [-72.9751337505877, 44.50403390452266], [-72.97512302175164, 44.50404488481581], [-72.97511246055365, 44.504055278375745], [-72.97510206699371, 44.504064582288265], [-72.9750909190625, 44.50407397001982], [-72.97507935203612, 44.50408394448459], [-72.97506711445749, 44.504094924777746], [-72.97505563125014, 44.50410573743284], [-72.97504607588053, 44.50411520898342], [-72.97503802925348, 44.50412350706756], [-72.97503132373095, 44.50413079932332], [-72.97502478584647, 44.50413842685521], [-72.97501732595265, 44.50414747931063], [-72.97500911168754, 44.50415720231831], [-72.97500131651759, 44.50416608713567], [-72.97499452717602, 44.50417379848659], [-72.97498949803412, 44.50417974963784], [-72.97498555853963, 44.504184275865555], [-72.97498161904514, 44.504188718274236], [-72.97497600317001, 44.50419492088258], [-72.9749677889049, 44.50420363806188], [-72.9749579820782, 44.50421369634569], [-72.97494834288955, 44.50422408990562], [-72.97493945807219, 44.50423389673233], [-72.97493048943579, 44.50424320064485], [-72.97492135316133, 44.50425242073834], [-72.974912552163, 44.50426122173667], [-72.97490266151726, 44.50427069328725], [-72.97489142976701, 44.50428167358041], [-72.97488103620708, 44.5042924862355], [-72.97487173229456, 44.50430246070027], [-72.97486343421042, 44.504311261698604], [-72.97485555522144, 44.50431947596371], [-72.97484683804214, 44.50432852841914], [-72.97483686357737, 44.50433841906488], [-72.97482705675066, 44.504348477348685], [-72.97481842339039, 44.50435861945152], [-72.97481029294431, 44.50436926446855], [-72.97480300068855, 44.50437940657139], [-72.97479772008955, 44.50438770465553], [-72.97479352913797, 44.50439524836838], [-72.97478875145316, 44.504403630271554], [-72.97478372231126, 44.50441234745085], [-72.97477894462645, 44.50442114844918], [-72.97477525658906, 44.50443095527589], [-72.97477124387093, 44.50444343910338]]}}, {"type": "Feature", "properties": {"name": "walk-06", "distance_km": 2.992, "points": 2543, "clipped": true}, "geometry": {"type": "LineString", "coordinates": [[-72.97473893248011, 44.50442507695141], [-72.9747449979186, 44.50442098081112], [-72.97474809922278, 44.504417879506946], [-72.97475304454565, 44.50441502965987], [-72.97476176172495, 44.504411509260535], [-72.97477232292295, 44.50440673157573], [-72.97478036954999, 44.504398852586746], [-72.97478523105383, 44.50438812375069], [-72.9747899249196, 44.50437647290528], [-72.97479495406151, 44.504363564774394], [-72.97480006702244, 44.50434805825353], [-72.97480568289757, 44.50433095917106], [-72.97481222078204, 44.50431268662214], [-72.97481934539974, 44.50429349206388], [-72.9748261347413, 44.50427488423884], [-72.97483284026384, 44.504258036613464], [-72.97484030015767, 44.5042441226542], [-72.97484868206084, 44.504233645275235], [-72.97485798597336, 44.50422543101013], [-72.9748678766191, 44.504217468202114], [-72.97487718053162, 44.504208751022816], [-72.97488547861576, 44.504199866205454], [-72.9748935252428, 44.50419148430228], [-72.97490165568888, 44.50418419204652], [-72.97491020523012, 44.50417731888592], [-72.97491959296167, 44.50416977517307], [-72.97493048943579, 44.504161309450865], [-72.9749421402812, 44.5041524246335], [-72.97495261766016, 44.50414404273033], [-72.97496175393462, 44.504136331379414], [-72.9749712254852, 44.504128117114305], [-72.9749817866832, 44.50411939993501], [-72.9749920964241, 44.50411110185087], [-72.97500089742243, 44.50410380959511], [-72.97501003369689, 44.50409609824419], [-72.97502084635198, 44.50408679433167], [-72.97503182664514, 44.5040765684098], [-72.97504238784313, 44.5040662586689], [-72.97505219466984, 44.504056200385094], [-72.9750613309443, 44.50404630973935], [-72.97506988048553, 44.50403658673167], [-72.97507792711258, 44.504026947543025], [-72.97508547082543, 44.5040178950876], [-72.97509301453829, 44.50400926172733], [-72.9751009773463, 44.504001047462225], [-72.97510902397335, 44.5039935875684], [-72.97511648386717, 44.5039867144078], [-72.9751236923039, 44.50397992506623], [-72.97513157129288, 44.50397246517241], [-72.97513995319605, 44.503964837640524], [-72.97514850273728, 44.50395695865154], [-72.97515747137368, 44.50394765473902], [-72.97516593709588, 44.50393784791231], [-72.97517272643745, 44.503928292542696], [-72.97517918050289, 44.50391865335405], [-72.97518622130156, 44.50390834361315], [-72.97519393265247, 44.50389736331999], [-72.97520197927952, 44.50388638302684], [-72.97521002590656, 44.50387607328594], [-72.97521773725748, 44.50386676937342], [-72.97522469423711, 44.503858387470245], [-72.97523131594062, 44.5038503408432], [-72.9752389434725, 44.503841791301966], [-72.9752479121089, 44.503831984475255], [-72.97525788657367, 44.50382092036307], [-72.97526819631457, 44.50380935333669], [-72.97527833841741, 44.50379812158644], [-72.97528789378703, 44.503787476569414], [-72.97529669478536, 44.50377716682851], [-72.97530516050756, 44.50376710854471], [-72.97531278803945, 44.50375797227025], [-72.97531957738101, 44.503749422729015], [-72.97532569617033, 44.503740621730685], [-72.97533147968352, 44.5037311501801], [-72.97533701173961, 44.503721008077264], [-72.9753425437957, 44.50371069833636], [-72.97534799203277, 44.50370030477643], [-72.97535276971757, 44.50369058176875], [-72.97535444609821, 44.50368362478912], [-72.97535168007016, 44.503678595647216], [-72.97534539364278, 44.5036724768579], [-72.97533676028252, 44.50366518460214], [-72.97532712109387, 44.50365864671767], [-72.97531706281006, 44.50365328229964], [-72.97530750744045, 44.50364892370999], [-72.97529887408018, 44.503644900396466], [-72.97529057599604, 44.503640457987785], [-72.97528160735965, 44.50363526120782], [-72.97527138143778, 44.50362880714238], [-72.97526031732559, 44.5036206766963], [-72.97524858266115, 44.5036122109741], [-72.97523651272058, 44.50360441580415], [-72.97522427514195, 44.50359754264355], [-72.97521245665848, 44.50359125621617], [-72.97520063817501, 44.5035844668746], [-72.97518881969154, 44.503576923161745], [-72.97517566010356, 44.50356803834438], [-72.97516099177301, 44.50355772860348], [-72.975147748366, 44.503547586500645], [-72.97513701952994, 44.50353845022619], [-72.97512771561742, 44.503529565408826], [-72.97511891461909, 44.50352034531534], [-72.97510986216366, 44.503510035574436], [-72.97509997151792, 44.50349846854806], [-72.97508957795799, 44.50348639860749], [-72.97507868148386, 44.50347390957177], [-72.97506694681942, 44.50346200726926], [-72.9750544577837, 44.50345094315708], [-72.97504263930023, 44.50344088487327], [-72.97503300011158, 44.503432335332036], [-72.97502461820841, 44.50342479161918], [-72.97501598484814, 44.50341749936342], [-72.97500684857368, 44.503409788012505], [-72.97499729320407, 44.5034015737474], [-72.97498698346317, 44.503393191844225], [-72.97497558407485, 44.50338514521718], [-72.97496343031526, 44.50337827205658], [-72.97495136037469, 44.50337332673371], [-72.97493979334831, 44.50336989015341], [-72.97492772340775, 44.5033667050302], [-72.9749143961817, 44.5033632684499], [-72.97490023076534, 44.5033598318696], [-72.97488556243479, 44.50335731729865], [-72.97487064264715, 44.50335614383221], [-72.97485454939306, 44.50335497036576], [-72.97483820468187, 44.50335253961384], [-72.97482362017035, 44.503348767757416], [-72.97480962239206, 44.50334507972002], [-72.97479436732829, 44.503341391682625], [-72.97477768734097, 44.503336949273944], [-72.97476092353463, 44.50333183631301], [-72.97474407590926, 44.50332647189498], [-72.97472630627453, 44.50332119129598], [-72.97470920719206, 44.503316413611174], [-72.9746937006712, 44.503311552107334], [-72.97467869706452, 44.50330593623221], [-72.97466344200075, 44.503299901261926], [-72.9746485222131, 44.50329378247261], [-72.97463377006352, 44.5032874122262], [-72.97461792826653, 44.50328020378947], [-72.97460166737437, 44.50327257625759], [-72.97458523884416, 44.503265116363764], [-72.97456931322813, 44.50325849466026], [-72.97455405816436, 44.50325271114707], [-72.97454006038606, 44.503247598186135], [-72.97452832572162, 44.503242736682296], [-72.9745176807046, 44.503237875178456], [-72.97450661659241, 44.50323309749365], [-72.97449446283281, 44.50322823598981], [-72.97448080033064, 44.50322295539081], [-72.97446571290493, 44.503216836601496], [-72.97444936819375, 44.503209460526705], [-72.97443327493966, 44.50320141389966], [-72.97441827133298, 44.5031925290823], [-72.97440477646887, 44.50318288989365], [-72.97439421527088, 44.50317316688597], [-72.97438549809158, 44.503163108602166], [-72.9743757750839, 44.503152295947075], [-72.97436353750527, 44.50314114801586], [-72.97434937208891, 44.5031301677227], [-72.97433503903449, 44.50312044471502], [-72.97432095743716, 44.50311147607863], [-72.97430695965886, 44.50310175307095], [-72.97429455444217, 44.503092197701335], [-72.97428349032998, 44.503083396703005], [-72.97427267767489, 44.50307484716177], [-72.9742616135627, 44.50306612998247], [-72.97425013035536, 44.503057077527046], [-72.9742378089577, 44.50304735451937], [-72.97422506846488, 44.503037463873625], [-72.97421232797205, 44.50302740558982], [-72.97419900074601, 44.50301717966795], [-72.97418584115803, 44.50300686992705], [-72.9741733521223, 44.50299672782421], [-72.97416178509593, 44.50298700481653], [-72.9741511400789, 44.50297803618014], [-72.9741410817951, 44.502969570457935], [-72.97413043677807, 44.50296060182154], [-72.97411878593266, 44.50295012444258], [-72.9741078056395, 44.502938725054264], [-72.97409925609827, 44.50292724184692], [-72.97409322112799, 44.502915758639574], [-72.97408894635737, 44.50290385633707], [-72.97408525831997, 44.50289103202522], [-72.9740819055587, 44.50287703424692], [-72.97407947480679, 44.50286286883056], [-72.97407830134034, 44.50285012833774], [-72.97407880425453, 44.50283830985427], [-72.97408039681613, 44.502827329561114], [-72.97408282756805, 44.5028159301728], [-72.97408609651029, 44.50280302204192], [-72.97409011982381, 44.502789191901684], [-72.97409531660378, 44.502775110304356], [-72.97410193830729, 44.502761950716376], [-72.97410981729627, 44.502750132232904], [-72.97411845065653, 44.502739403396845], [-72.9741270840168, 44.502729596570134], [-72.9741358011961, 44.502719873562455], [-72.97414443455637, 44.502709647640586], [-72.9741532355547, 44.502698415890336], [-72.97416270710528, 44.50268634594977], [-72.97417268157005, 44.50267469510436], [-72.97418349422514, 44.502665558829904], [-72.9741944745183, 44.502657847478986], [-72.97420377843082, 44.50264921411872], [-72.97421216033399, 44.5026396587491], [-72.97422121278942, 44.50262909755111], [-72.97423034906387, 44.50261803343892], [-72.9742391500622, 44.50260680168867], [-72.97424778342247, 44.50259556993842], [-72.97425616532564, 44.50258475728333], [-72.97426354140043, 44.50257495045662], [-72.97427024692297, 44.50256665237248], [-72.97427703626454, 44.50255927629769], [-72.9742840770632, 44.50255240313709], [-72.97429187223315, 44.50254578143358], [-72.97430201433599, 44.50253865681589], [-72.97431450337172, 44.502530777826905], [-72.97432707622647, 44.50252331793308], [-72.97433755360544, 44.502517618238926], [-72.97434652224183, 44.502514181658626], [-72.9743564967066, 44.502511750906706], [-72.9743689019233, 44.50250890105963], [-72.97438197769225, 44.502505380660295], [-72.97439371235669, 44.50250110588968], [-72.9744014237076, 44.502499010413885], [-72.97440561465919, 44.502500016242266], [-72.97440947033465, 44.50250110588968], [-72.974415672943, 44.50249959714711], [-72.97442522831261, 44.50249431654811], [-72.97443780116737, 44.502486353740096], [-72.97445112839341, 44.50247822329402], [-72.97446269541979, 44.502471182495356], [-72.9744725022465, 44.50246405787766], [-72.97448180615902, 44.50245626270771], [-72.97449186444283, 44.502447713166475], [-72.9745031800121, 44.50243807397783], [-72.97451432794333, 44.502426674589515], [-72.97452346421778, 44.50241485610604], [-72.97453075647354, 44.502403791993856], [-72.97453746199608, 44.502393901348114], [-72.97454425133765, 44.50238577090204], [-72.97455187886953, 44.502378813922405], [-72.97456093132496, 44.50237210839987], [-72.97457115724683, 44.502364564687014], [-72.97458188608289, 44.50235601514578], [-72.97459286637604, 44.50234620831907], [-72.97460418194532, 44.50233522802591], [-72.97461583279073, 44.50232433155179], [-72.97462723217905, 44.502314776182175], [-72.97463729046285, 44.50230656191707], [-72.97464617528021, 44.50229885056615], [-72.97465547919273, 44.5022910553962], [-72.97466511838138, 44.50228292495012], [-72.97467425465584, 44.50227445922792], [-72.9746831394732, 44.502264987677336], [-72.97469202429056, 44.502253755927086], [-72.97470015473664, 44.50224118307233], [-72.97470686025918, 44.5022286940366], [-72.97471281141043, 44.50221695937216], [-72.97471926547587, 44.50220547616482], [-72.97472613863647, 44.50219474732876], [-72.97473292797804, 44.50218494050205], [-72.97474005259573, 44.5021753013134], [-72.97474759630859, 44.502165326848626], [-72.97475614584982, 44.5021546818316], [-72.97476553358138, 44.50214345008135], [-72.97477534040809, 44.50213314034045], [-72.97478548251092, 44.50212408788502], [-72.97479671426117, 44.502115454524755], [-72.97480987384915, 44.502106653526425], [-72.97482563182712, 44.50209751725197], [-72.97484239563346, 44.502089051529765], [-72.97485974617302, 44.50208209455013], [-72.97487818636, 44.50207614339888], [-72.97489629127085, 44.502071030437946], [-72.97491498291492, 44.502066085115075], [-72.97493350692093, 44.50206239707768], [-72.9749524500221, 44.50206005014479], [-72.97497239895165, 44.50205812230706], [-72.97499150969088, 44.50205594301224], [-72.97501011751592, 44.50205317698419], [-72.97502889297903, 44.502049991860986], [-72.9750478360802, 44.502047058194876], [-72.97506669536233, 44.502044627442956], [-72.9750851355493, 44.502042196691036], [-72.97510215081275, 44.50203984975815], [-72.97511715441942, 44.502037670463324], [-72.97512989491224, 44.5020354911685], [-72.97514204867184, 44.50203322805464], [-72.9751564655453, 44.50203062966466], [-72.9751718044281, 44.50202710926533], [-72.97518722712994, 44.50202249921858], [-72.97520231455564, 44.50201654806733], [-72.97521522268653, 44.502009926363826], [-72.9752257000655, 44.502003472298384], [-72.97523483633995, 44.50199777260423], [-72.97524321824312, 44.50199207291007], [-72.97525176778436, 44.501985451206565], [-72.97526157461107, 44.50197748839855], [-72.9752722196281, 44.50196843594313], [-72.97528353519738, 44.50195946730673], [-72.97529677860439, 44.5019506663084], [-72.97531127929688, 44.50194236822426], [-72.97532552853227, 44.501935075968504], [-72.97533927485347, 44.501928286626935], [-72.9753531049937, 44.50192166492343], [-72.97536727041006, 44.50191529467702], [-72.97538227401674, 44.5019094273448], [-72.97539861872792, 44.501903811469674], [-72.97541622072458, 44.501897944137454], [-72.97543382272124, 44.501891657710075], [-72.97545041888952, 44.50188545510173], [-72.97546609304845, 44.5018798392266], [-72.97548092901707, 44.501874977722764], [-72.97549584880471, 44.50187028385699], [-72.97551160678267, 44.501865254715085], [-72.97552837058902, 44.501859890297055], [-72.97554672695696, 44.50185460969806], [-72.97556600533426, 44.50184999965131], [-72.97558553516865, 44.50184597633779], [-72.97560464590788, 44.501842707395554], [-72.97562233172357, 44.5018404442817], [-72.97563876025379, 44.50183910317719], [-72.97565401531756, 44.50183826498687], [-72.97566927038133, 44.50183809734881], [-72.97568561509252, 44.501837845891714], [-72.97570263035595, 44.50183667242527], [-72.97572048380971, 44.50183466076851], [-72.97573808580637, 44.501831056550145], [-72.97575409524143, 44.50182544067502], [-72.97576767392457, 44.5018179807812], [-72.97577840276062, 44.501809515058994], [-72.97578703612089, 44.50180138461292], [-72.97579483129084, 44.50179358944297], [-72.97580354847014, 44.50178579427302], [-72.97581444494426, 44.50177791528404], [-72.97582726925611, 44.501769533380866], [-72.97584076412022, 44.50176131911576], [-72.97585593536496, 44.501752937212586], [-72.9758726991713, 44.50174489058554], [-72.97588996589184, 44.501737765967846], [-72.9759073164314, 44.50173164717853], [-72.97592357732356, 44.501726534217596], [-72.97593858093023, 44.50172200798988], [-72.97595316544175, 44.50171790085733], [-72.97596766613424, 44.50171362608671], [-72.97598292119801, 44.50170859694481], [-72.97600043937564, 44.50170323252678], [-72.9760196339339, 44.501698119565845], [-72.97603899613023, 44.50169401243329], [-72.9760579392314, 44.501691246405244], [-72.97607612796128, 44.50168973766267], [-72.97609322704375, 44.50168898329139], [-72.97610898502171, 44.501688312739134], [-72.97612390480936, 44.50168780982494], [-72.97613924369216, 44.50168755836785], [-72.97615592367947, 44.50168722309172], [-72.9761747829616, 44.50168630108237], [-72.97619372606277, 44.50168487615883], [-72.97621132805943, 44.501684037968516], [-72.97622767277062, 44.50168361887336], [-72.97624292783439, 44.50168278068304], [-72.97625809907913, 44.50168127194047], [-72.97627419233322, 44.50167984701693], [-72.97629087232053, 44.50167884118855], [-72.97630872577429, 44.50167833827436], [-72.97632750123739, 44.50167775154114], [-72.97634619288146, 44.5016763266176], [-72.97636429779232, 44.501673644408584], [-72.97638148069382, 44.50167020782828], [-72.97639765776694, 44.50166626833379], [-72.97641375102103, 44.50166165828705], [-72.9764308501035, 44.50165637768805], [-72.97644845210016, 44.50165193527937], [-72.9764649644494, 44.501649253070354], [-72.97648072242737, 44.50164757668972], [-72.97649648040533, 44.50164615176618], [-72.97651265747845, 44.50164464302361], [-72.97652958892286, 44.50164305046201], [-72.97654710710049, 44.50164112262428], [-72.97656420618296, 44.50163877569139], [-72.97658004797995, 44.50163575820625], [-72.97659513540566, 44.501632237806916], [-72.97660980373621, 44.50162963941693], [-72.97662455588579, 44.501628801226616], [-72.97663838602602, 44.501629304140806], [-72.9766502045095, 44.50163089670241], [-72.97666059806943, 44.50163332745433], [-72.97667040489614, 44.501636512577534], [-72.97668029554188, 44.501640032976866], [-72.97669043764472, 44.501643469557166], [-72.97670074738562, 44.501646403223276], [-72.97671147622168, 44.50164908543229], [-72.97672304324806, 44.50165160000324], [-72.97673461027443, 44.50165336020291], [-72.97674575820565, 44.501654114574194], [-72.97675648704171, 44.501654617488384], [-72.97676771879196, 44.501655120402575], [-72.976781046018, 44.501655623316765], [-72.97679588198662, 44.50165587477386], [-72.97681096941233, 44.50165595859289], [-72.97682580538094, 44.501656126230955], [-72.97684005461633, 44.501656126230955], [-72.9768534656614, 44.50165579095483], [-72.97686654143035, 44.50165503658354], [-72.97688053920865, 44.501654114574194], [-72.9768949560821, 44.501653192564845], [-72.97690987586975, 44.50165277346969], [-72.97692538239062, 44.50165310874581], [-72.9769403859973, 44.50165436603129], [-72.97695371322334, 44.50165604241192], [-72.9769657831639, 44.50165738351643], [-72.97697802074254, 44.50165864080191], [-72.97699176706374, 44.50165981426835], [-72.9770072735846, 44.501660484820604], [-72.97702370211482, 44.50166031718254], [-72.97704013064504, 44.50165931135416], [-72.97705647535622, 44.5016572996974], [-72.97707298770547, 44.501654701307416], [-72.97709008678794, 44.50165185146034], [-72.9771076887846, 44.50164916925132], [-72.97712545841932, 44.5016469899565], [-72.9771425575018, 44.50164564885199], [-72.97715865075588, 44.50164548121393], [-72.97717357054353, 44.501646319404244], [-72.97718756832182, 44.50164749287069], [-72.97720047645271, 44.50164866633713], [-72.97721246257424, 44.501649755984545], [-72.97722511924803, 44.5016504265368], [-72.97723953612149, 44.50165034271777], [-72.97725529409945, 44.50164950452745], [-72.9772715549916, 44.501648331061006], [-72.97728748060763, 44.50164749287069], [-72.97730290330946, 44.50164791196585], [-72.97731908038259, 44.50164908543229], [-72.97733634710312, 44.50165009126067], [-72.97735403291881, 44.5016501750797], [-72.97737163491547, 44.50164992362261], [-72.97738923691213, 44.50165000744164], [-72.97740801237524, 44.501650677993894], [-72.97742687165737, 44.50165185146034], [-72.97744330018759, 44.501652689650655], [-72.97745704650879, 44.50165243819356], [-72.9774700384587, 44.50165143236518], [-72.97748344950378, 44.50165009126067], [-72.97749694436789, 44.50164849869907], [-72.97751077450812, 44.50164665468037], [-72.97752569429576, 44.50164472684264], [-72.97754195518792, 44.501643385738134], [-72.97755972482264, 44.501642463728786], [-72.97757791355252, 44.50164120644331], [-72.97759409062564, 44.501639530062675], [-72.97760817222297, 44.501638021320105], [-72.97762217000127, 44.50163693167269], [-72.97763683833182, 44.50163542293012], [-72.97765125520527, 44.50163307599723], [-72.97766433097422, 44.50162963941693], [-72.97767665237188, 44.501626286655664], [-72.97768863849342, 44.50162419117987], [-72.97770095989108, 44.50162352062762], [-72.97771311365068, 44.50162377208471], [-72.97772484831512, 44.50162469409406], [-72.97773716971278, 44.50162553228438], [-72.97775058075786, 44.50162595137954], [-72.97776424326003, 44.501625783741474], [-72.97777698375285, 44.501625364646316], [-72.97778930515051, 44.501624777913094], [-72.97780271619558, 44.501624526456], [-72.97781696543097, 44.50162544846535], [-72.9778315499425, 44.5016279630363], [-72.97784605063498, 44.501631651073694], [-72.97786080278456, 44.50163600966334], [-72.97787538729608, 44.50164078734815], [-72.9778899718076, 44.501645900309086], [-72.97790522687137, 44.50165151618421], [-72.97792056575418, 44.50165738351643], [-72.97793431207538, 44.501662915572524], [-72.97794478945434, 44.50166727416217], [-72.97795342281461, 44.501670291647315], [-72.97796172089875, 44.50167305767536], [-72.97796985134482, 44.50167590752244], [-72.97797781415284, 44.50167900882661], [-72.97798519022763, 44.50168219394982], [-72.97799156047404, 44.50168521143496], [-72.9779972601682, 44.501688396558166], [-72.97800254076719, 44.50169250369072], [-72.9780075699091, 44.501697616651654], [-72.97801167704165, 44.50170239433646], [-72.97801427543163, 44.501705998554826], [-72.97801544889808, 44.50170926749706], [-72.9780157841742, 44.50171270407736], [-72.97801561653614, 44.50171588920057], [-72.97801519744098, 44.50171857140958], [-72.97801461070776, 44.501720583066344], [-72.9780139401555, 44.501721588894725], [-72.97801301814616, 44.50172175653279], [-72.97801176086068, 44.50172150507569], [-72.97801025211811, 44.501721085980535], [-72.97800857573748, 44.50172083452344], [-72.97800664789975, 44.501720666885376], [-72.97800421714783, 44.50171999633312], [-72.97800195403397, 44.50171873904765], [-72.97800094820559, 44.501716643571854], [-72.97800304368138, 44.50171312317252], [-72.9780070669949, 44.50170826166868], [-72.97800958156586, 44.50170289725065], [-72.97800983302295, 44.501697616651654], [-72.97800958156586, 44.50169216841459], [-72.9780107550323, 44.50168563053012], [-72.97801427543163, 44.50167741626501], [-72.97801905311644, 44.50166811235249], [-72.97802366316319, 44.501659059897065], [-72.97802726738155, 44.501651264727116], [-72.97803095541894, 44.50164405629039], [-72.97803497873247, 44.50163617730141], [-72.97803833149374, 44.50162905268371], [-72.97804109752178, 44.50162301771343], [-72.97804411500692, 44.501617066562176], [-72.9780472163111, 44.501611199229956], [-72.97804989852011, 44.501605834811926], [-72.97805241309106, 44.501600470393896], [-72.97805610112846, 44.5015933457762], [-72.97806247137487, 44.501583790406585], [-72.97807051800191, 44.50157297775149], [-72.97807915136218, 44.50156157836318], [-72.97808728180826, 44.50155017897487], [-72.97809415496886, 44.50153961777687], [-72.97810044139624, 44.50152972713113], [-72.97810630872846, 44.50151958502829], [-72.97811225987971, 44.501508520916104], [-72.97811921685934, 44.50149603188038], [-72.97812768258154, 44.50148278847337], [-72.97813765704632, 44.5014688745141], [-72.97814805060625, 44.50145563110709], [-72.97815827652812, 44.50144465081394], [-72.97816858626902, 44.50143543072045], [-72.97817780636251, 44.501426964998245], [-72.97818535007536, 44.50141824781895], [-72.9781920555979, 44.50140902772546], [-72.9781989287585, 44.50139972381294], [-72.97820613719523, 44.50139067135751], [-72.97821518965065, 44.50138044543564], [-72.97822600230575, 44.501368375495076], [-72.97823681496084, 44.501356640830636], [-72.97824737615883, 44.50134658254683], [-72.97825768589973, 44.50133861973882], [-72.97826682217419, 44.50133208185434], [-72.97827495262027, 44.5013256277889], [-72.97828316688538, 44.501318503171206], [-72.97829171642661, 44.50130986981094], [-72.97830026596785, 44.5012997277081], [-72.97830814495683, 44.50128841213882], [-72.97831476666033, 44.50127583928406], [-72.9783199634403, 44.50126343406737], [-72.97832432202995, 44.50125195086002], [-72.97832809388638, 44.501241808757186], [-72.97833153046668, 44.501232923939824], [-72.97833429649472, 44.50122328475118], [-72.97833622433245, 44.50121121481061], [-72.97833706252277, 44.50119721703231], [-72.97833672724664, 44.501183554530144], [-72.97833622433245, 44.50117215514183], [-72.97833664342761, 44.50116293504834], [-72.97833865508437, 44.501154804602265], [-72.97834292985499, 44.50114709325135], [-72.9783490486443, 44.50114038772881], [-72.97835466451943, 44.50113544240594], [-72.9783593583852, 44.50113158673048], [-72.97836497426033, 44.50112773105502], [-72.9783717636019, 44.50112387537956], [-72.97837821766734, 44.50111943297088], [-72.97838450409472, 44.501113230362535], [-72.97839095816016, 44.50110560283065], [-72.97839657403529, 44.50109872967005], [-72.97840202227235, 44.501093281432986], [-72.9784079734236, 44.50108808465302], [-72.97841392457485, 44.50108263641596], [-72.97841895371675, 44.50107702054083], [-72.97842247411609, 44.50107148848474], [-72.97842532396317, 44.501064866781235], [-72.97842825762928, 44.50105648487806], [-72.9784320294857, 44.50104810297489], [-72.97843680717051, 44.501040391623974], [-72.9784425906837, 44.50103276409209], [-72.97844938002527, 44.50102505274117], [-72.97845642082393, 44.50101759284735], [-72.9784634616226, 44.50101105496287], [-72.97847041860223, 44.50100543908775], [-72.97847729176283, 44.501000326126814], [-72.97848466783762, 44.50099429115653], [-72.97849321737885, 44.500985657796264], [-72.9785028565675, 44.50097375549376], [-72.97851190902293, 44.500961182639], [-72.97851945273578, 44.50094978325069], [-72.9785271640867, 44.50093964114785], [-72.97853521071374, 44.50092991814017], [-72.97854376025498, 44.500919692218304], [-72.97855373471975, 44.50090829282999], [-72.9785636253655, 44.50089689344168], [-72.97857167199254, 44.500887170434], [-72.97857846133411, 44.50087903998792], [-72.97858525067568, 44.5008715800941], [-72.97859488986433, 44.50086395256221], [-72.97860838472843, 44.50085548684001], [-72.97862447798252, 44.50084626674652], [-72.97864065505564, 44.50083738192916], [-72.97865616157651, 44.50082958675921], [-72.97867208719254, 44.500822545960546], [-72.97868700698018, 44.5008163433522], [-72.97869907692075, 44.500811733305454], [-72.97870997339487, 44.50080745853484], [-72.97872154042125, 44.500802429392934], [-72.9787325207144, 44.500797148793936], [-72.97874266281724, 44.500792203471065], [-72.97875096090138, 44.500787844881415], [-72.97875766642392, 44.50078373774886], [-72.97876462340355, 44.50077879242599], [-72.97877350822091, 44.500772170722485], [-72.978784320876, 44.50076362118125], [-72.97879680991173, 44.500754149630666], [-72.97880955040455, 44.50074509717524], [-72.97881977632642, 44.500737050548196], [-72.97882732003927, 44.5007299259305], [-72.9788342770189, 44.500723304226995], [-72.97884282656014, 44.50071576051414], [-72.97885254956782, 44.50070712715387], [-72.97886118292809, 44.500699331983924], [-72.97886981628835, 44.500692542642355], [-72.97888096421957, 44.50068558566272], [-72.97889580018818, 44.50067871250212], [-72.97891340218484, 44.50067410245538], [-72.97893041744828, 44.500672509893775], [-72.97894508577883, 44.50067217461765], [-72.97895908355713, 44.500671504065394], [-72.97897257842124, 44.5006696600467], [-72.97898397780955, 44.50066672638059], [-72.97899286262691, 44.500663289800286], [-72.97899965196848, 44.500659266486764], [-72.9790055193007, 44.500653902068734], [-72.97901188954711, 44.500646609812975], [-72.97901943325996, 44.50063764117658], [-72.97902840189636, 44.50062825344503], [-72.97903862781823, 44.500619787722826], [-72.97905027866364, 44.500612914562225], [-72.97906301915646, 44.50060696341097], [-72.97907525673509, 44.50060134753585], [-72.97908632084727, 44.50059606693685], [-72.97909688204527, 44.500589948147535], [-72.97910769470036, 44.50058240443468], [-72.9791191779077, 44.500573854893446], [-72.97913124784827, 44.50056480243802], [-72.97914306633174, 44.500555749982595], [-72.97915547154844, 44.5005486253649], [-72.97917039133608, 44.500543931499124], [-72.9791881609708, 44.50054032728076], [-72.97920810990036, 44.500537225976586], [-72.97922939993441, 44.500535214319825], [-72.97925127670169, 44.50053546577692], [-72.9792711418122, 44.500538567081094], [-72.97928715124726, 44.50054368004203], [-72.9793009813875, 44.50054904446006], [-72.97931430861354, 44.5005539059639], [-72.9793282225728, 44.500558180734515], [-72.97934255562723, 44.50056178495288], [-72.9793557152152, 44.500564467161894], [-72.97936501912773, 44.50056564062834], [-72.97937038354576, 44.500564970076084], [-72.97937482595444, 44.500562539324164], [-72.97938010655344, 44.50055834837258], [-72.97938832081854, 44.50055222958326], [-72.97939972020686, 44.500544937327504], [-72.97941187396646, 44.50053789652884], [-72.97942411154509, 44.50053161010146], [-72.97943676821887, 44.500525910407305], [-72.97945068217814, 44.50051995925605], [-72.979466188699, 44.50051409192383], [-72.9794817790389, 44.500509817153215], [-72.97949703410268, 44.50050814077258], [-72.97951220534742, 44.50050855986774], [-72.97952637076378, 44.50050998479128], [-72.97953718341887, 44.50051157735288], [-72.97954338602722, 44.50051283463836], [-72.97954539768398, 44.500514175742865], [-72.97954514622688, 44.500516103580594], [-72.97954321838915, 44.50051777996123], [-72.9795404523611, 44.50051878578961], [-72.97953835688531, 44.50051895342767], [-72.97953760251403, 44.500518115237355], [-72.97953894361854, 44.50051643885672], [-72.97954305075109, 44.50051384046674], [-72.9795496724546, 44.500510739162564], [-72.97955822199583, 44.5005071349442], [-72.97956794500351, 44.500502943992615], [-72.97957917675376, 44.5004984177649], [-72.97959300689399, 44.50049380771816], [-72.97960918396711, 44.50048919767141], [-72.97962594777346, 44.50048525817692], [-72.979640616104, 44.50048224069178], [-72.97965226694942, 44.500480061396956], [-72.9796619899571, 44.500478552654386], [-72.97967070713639, 44.500477965921164], [-72.97967858612537, 44.50047813355923], [-72.97968487255275, 44.500478468835354], [-72.97968856059015, 44.50047880411148], [-72.97969032078981, 44.500479558482766], [-72.97969048842788, 44.50048073194921], [-72.9796892311424, 44.500482408329844], [-72.97968663275242, 44.50048450380564], [-72.97968319617212, 44.500486850738525], [-72.97967950813472, 44.500489281490445], [-72.97967623919249, 44.5004915446043], [-72.97967422753572, 44.500493640080094], [-72.97967397607863, 44.5004952326417], [-72.97967531718314, 44.500496657565236], [-72.97967791557312, 44.50049783103168], [-72.97968160361052, 44.50049892067909], [-72.97968638129532, 44.50049975886941], [-72.97969191335142, 44.50050017796457], [-72.97969711013138, 44.50049967505038], [-72.9797016363591, 44.500498082488775], [-72.97970616258681, 44.500495567917824], [-72.97971110790968, 44.50049255043268], [-72.97971647232771, 44.50048953294754], [-72.97972141765058, 44.50048701837659], [-72.9797256924212, 44.50048500671983], [-72.97972954809666, 44.50048349797726], [-72.97973264940083, 44.500482408329844], [-72.97973457723856, 44.500481905415654], [-72.979735750705, 44.50048165395856], [-72.97973675653338, 44.50048157013953], [-72.97973767854273, 44.500481486320496], [-72.97973893582821, 44.500481402501464], [-72.979741031304, 44.50048131868243], [-72.97974413260818, 44.50048106722534], [-72.9797479044646, 44.50048039667308], [-72.97975125722587, 44.50047922320664], [-72.97975276596844, 44.50047771446407], [-72.97975251451135, 44.50047628954053], [-72.97975209541619, 44.50047478079796], [-72.97975310124457, 44.5004725176841], [-72.9797566216439, 44.500469248741865], [-72.97976299189031, 44.50046463869512], [-72.97977179288864, 44.500458016991615], [-72.97978126443923, 44.500450221821666], [-72.97979023307562, 44.50044200755656], [-72.97979853115976, 44.500434128567576], [-72.97980649396777, 44.50042733922601], [-72.97981420531869, 44.50042205862701], [-72.97982233576477, 44.50041702948511], [-72.97983214259148, 44.50041099451482], [-72.97984236851335, 44.50040386989713], [-72.97985108569264, 44.50039632618427], [-72.97985896468163, 44.50038878247142], [-72.97986759804189, 44.50038065202534], [-72.9798779077828, 44.50037118047476], [-72.97988922335207, 44.5003604516387], [-72.97989919781685, 44.500349555164576], [-72.97990607097745, 44.50034058652818], [-72.97991118393838, 44.50033371336758], [-72.97991671599448, 44.500327091664076], [-72.97992375679314, 44.50031904503703], [-72.9799326416105, 44.50030965730548], [-72.97994244843721, 44.50030052103102], [-72.97995225526392, 44.50029398314655], [-72.97996206209064, 44.50029012747109], [-72.9799722880125, 44.50028719380498], [-72.97998251393437, 44.50028384104371], [-72.97999223694205, 44.50027939863503], [-72.98000120557845, 44.50027386657894], [-72.98000983893871, 44.500267412513494], [-72.98001897521317, 44.5002602878958], [-72.98002978786826, 44.50025257654488], [-72.9800436180085, 44.50024511665106], [-72.98005929216743, 44.5002394169569], [-72.98007421195507, 44.50023606419563], [-72.98008561134338, 44.500234639272094], [-72.98009499907494, 44.50023338198662], [-72.980105727911, 44.50023137032986], [-72.98011813312769, 44.50022860430181], [-72.98013104125857, 44.50022533535957], [-72.98014369793236, 44.50022164732218], [-72.98015560023487, 44.500218126922846], [-72.98016817308962, 44.500214606523514], [-72.98018275760114, 44.50021049939096], [-72.9801966715604, 44.50020563788712], [-72.98020765185356, 44.500200022011995], [-72.98021636903286, 44.50019373558462], [-72.98022558912635, 44.50018694624305], [-72.98023698851466, 44.50017965398729], [-72.98024989664555, 44.50017278082669], [-72.98026263713837, 44.50016750022769], [-72.98027596436441, 44.50016372837126], [-72.9802918061614, 44.5001601241529], [-72.98031033016741, 44.5001564361155], [-72.98032860271633, 44.500153167173266], [-72.98034494742751, 44.50015123933554], [-72.98035827465355, 44.50015098787844], [-72.980370009318, 44.500151658430696], [-72.98038291744888, 44.50015249662101], [-72.98039574176073, 44.50015392154455], [-72.98040730878711, 44.50015626847744], [-72.98041895963252, 44.5001601241529], [-72.98043153248727, 44.500165320932865], [-72.98044393770397, 44.50017085298896], [-72.98045491799712, 44.50017521157861], [-72.98046447336674, 44.500178564339876], [-72.98047402873635, 44.500181917101145], [-72.98048450611532, 44.50018526986241], [-72.98049565404654, 44.50018837116659], [-72.9805063828826, 44.50019080191851], [-72.9805161897093, 44.500193148851395], [-72.98052524216473, 44.500195663422346], [-72.98053312115371, 44.50019784271717], [-72.98054083250463, 44.500199519097805], [-72.98054996877909, 44.500200944021344], [-72.98055994324386, 44.500201530754566], [-72.9805698338896, 44.50020086020231], [-72.98058240674436, 44.500198597088456], [-72.98059925436974, 44.50019549578428], [-72.98061702400446, 44.500193148851395], [-72.98063328489661, 44.500192645937204], [-72.9806477855891, 44.50019390322268], [-72.98066304065287, 44.500196585431695], [-72.98068005591631, 44.50019968673587], [-72.98069539479911, 44.50020203366876], [-72.98070838674903, 44.50020371004939], [-72.98072104342282, 44.50020547024906], [-72.98073370009661, 44.500207314267755], [-72.98074501566589, 44.50020957738161], [-72.98075532540679, 44.50021284632385], [-72.98076504841447, 44.50021686963737], [-72.98077284358442, 44.50022022239864], [-72.98077988438308, 44.50022231787443], [-72.98078835010529, 44.500223910436034], [-72.98079798929393, 44.50022508390248], [-72.98080729320645, 44.5002256706357], [-72.98081634566188, 44.50022500008345], [-72.98082648776472, 44.500222904607654], [-72.98083771951497, 44.50022089295089], [-72.98084761016071, 44.500220557674766], [-72.9808552376926, 44.500221982598305], [-72.9808618593961, 44.5002240780741], [-72.98086822964251, 44.500225838273764], [-72.9808737616986, 44.50022667646408], [-72.98087837174535, 44.5002272631973], [-72.980882730335, 44.50022810138762], [-72.98088792711496, 44.50022952631116], [-72.98089379444718, 44.50023212470114], [-72.98089974559844, 44.500236650928855], [-72.98090544529259, 44.5002431049943], [-72.98091039061546, 44.50025073252618], [-72.98091449774802, 44.500258192420006], [-72.98091860488057, 44.50026506558061], [-72.98092413693666, 44.50027151964605], [-72.98093159683049, 44.50027805753052], [-72.9809395596385, 44.50028476305306], [-72.98094693571329, 44.500291803851724], [-72.98095364123583, 44.50029951520264], [-72.98096034675837, 44.50030873529613], [-72.98096789047122, 44.50031996704638], [-72.98097585327923, 44.500331869348884], [-72.98098331317306, 44.50034276582301], [-72.98098943196237, 44.500352907925844], [-72.9809950478375, 44.50036305002868], [-72.9810003284365, 44.50037277303636], [-72.9810048546642, 44.50038090348244], [-72.98100837506354, 44.50038777664304], [-72.98101088963449, 44.50039473362267], [-72.98101239837706, 44.5004016906023], [-72.98101315274835, 44.50040747411549], [-72.9810135718435, 44.50041132979095], [-72.98101373948157, 44.50041426345706], [-72.98101340420544, 44.5004172809422], [-72.98101281747222, 44.50042063370347], [-72.98101248219609, 44.500424321740866], [-72.98101248219609, 44.50042859651148], [-72.98101340420544, 44.50043370947242], [-72.9810154158622, 44.50043907389045], [-72.98101868480444, 44.500444773584604], [-72.98102220520377, 44.50045055709779], [-72.98102547414601, 44.50045667588711], [-72.98102857545018, 44.500463800504804], [-72.98103134147823, 44.5004709251225], [-72.98103352077305, 44.500476540997624], [-72.9810365382582, 44.5004812348634], [-72.98104098066688, 44.50048559345305], [-72.9810450039804, 44.50048919767141], [-72.98104852437973, 44.50049196369946], [-72.98105288296938, 44.5004952326417], [-72.98105782829225, 44.50049925595522], [-72.98106294125319, 44.50050411745906], [-72.98106822185218, 44.50050964951515], [-72.98107367008924, 44.50051501393318], [-72.98107978887856, 44.50052046217024], [-72.98108574002981, 44.50052624568343], [-72.98109110444784, 44.50053202919662], [-72.9810965526849, 44.50053823180497], [-72.98110174946487, 44.500544937327504], [-72.98110619187355, 44.50055214576423], [-72.98111004754901, 44.500560108572245], [-72.98111231066287, 44.50056773610413], [-72.98111231066287, 44.50057536363602], [-72.98111021518707, 44.50058374553919], [-72.98110644333065, 44.50059162452817], [-72.98110166564584, 44.500596737489104], [-72.98109672032297, 44.500599252060056], [-72.98109211027622, 44.500599168241024], [-72.98108775168657, 44.50059648603201], [-72.98108473420143, 44.50059128925204], [-72.98108456656337, 44.50058290734887], [-72.98108523711562, 44.500571424141526], [-72.98108540475368, 44.50055935420096], [-72.98108557239175, 44.5005467813462], [-72.98108691349626, 44.500533202663064], [-72.98109001480043, 44.500520965084434], [-72.9810947086662, 44.50050990097225], [-72.9811004921794, 44.50049892067909], [-72.9811071138829, 44.50048794038594], [-72.9811137355864, 44.50047670863569], [-72.98111993819475, 44.500465393066406], [-72.9811261408031, 44.50045382604003], [-72.98113251104951, 44.50044100172818], [-72.98113913275301, 44.50042658485472], [-72.98114525154233, 44.50041267089546], [-72.98115069977939, 44.500400768592954], [-72.98115656711161, 44.50039029121399], [-72.9811639431864, 44.50037998147309], [-72.98117249272764, 44.50036925263703], [-72.98118171282113, 44.50035860762], [-72.9811914358288, 44.500347627326846], [-72.98120099119842, 44.5003361441195], [-72.98120970837772, 44.500325080007315], [-72.98121809028089, 44.50031493790448], [-72.98122714273632, 44.50030613690615], [-72.98123745247722, 44.500297755002975], [-72.98124868422747, 44.50028853490949], [-72.98125941306353, 44.500278728082776], [-72.98126888461411, 44.50026925653219], [-72.98127760179341, 44.50025978498161], [-72.98128589987755, 44.500249894335866], [-72.98129470087588, 44.500239081680775], [-72.98130434006453, 44.50022709555924], [-72.98131389543414, 44.50021494179964], [-72.9813232831657, 44.500202871859074], [-72.98133225180209, 44.50019138865173], [-72.98133929260075, 44.50018158182502], [-72.9813454952091, 44.50017336755991], [-72.98135320656002, 44.50016523711383], [-72.98136334866285, 44.50015618465841], [-72.98137466423213, 44.50014595873654], [-72.9813853930682, 44.50013573281467], [-72.98139402642846, 44.50012659654021], [-72.98140022903681, 44.50012005865574], [-72.98140450380743, 44.50011570006609], [-72.98140852712095, 44.500111090019345], [-72.9814147297293, 44.500103713944554], [-72.98142336308956, 44.50009323656559], [-72.98143358901143, 44.50008150190115], [-72.98144423402846, 44.500070521607995], [-72.98145420849323, 44.500061217695475], [-72.98146326094866, 44.50005317106843], [-72.9814718104899, 44.50004537589848], [-72.98147968947887, 44.500037748366594], [-72.98148748464882, 44.50002986937761], [-72.98149603419006, 44.500020649284124], [-72.98150558955967, 44.50000958517194], [-72.98151573166251, 44.49999743141234], [-72.98152587376535, 44.499985948204994], [-72.98153609968722, 44.499976225197315], [-72.98154615797102, 44.4999682623893], [-72.9815558809787, 44.499961053952575], [-72.98156568780541, 44.49995342642069], [-72.98157599754632, 44.49994521215558], [-72.98158689402044, 44.49993741698563], [-72.9815978743136, 44.49992987327278], [-72.98160893842578, 44.49992232955992], [-72.98161991871893, 44.499914115294814], [-72.9816301446408, 44.49990472756326], [-72.98163986764848, 44.499894585460424], [-72.98165009357035, 44.49988452717662], [-72.98166191205382, 44.49987472034991], [-72.98167498782277, 44.49986499734223], [-72.98168831504881, 44.499854603782296], [-72.98170113936067, 44.499843372032046], [-72.98171253874898, 44.49983230791986], [-72.98172175884247, 44.49982258491218], [-72.98172947019339, 44.49981411918998], [-72.98173709772527, 44.49980548582971], [-72.9817461501807, 44.49979509226978], [-72.98175721429288, 44.49978302232921], [-72.98176911659539, 44.49977112002671], [-72.98178127035499, 44.49975997209549], [-72.98179342411458, 44.4997491594404], [-72.98180423676968, 44.49973901733756], [-72.98181437887251, 44.49972904287279], [-72.9818238504231, 44.499719738960266], [-72.98183265142143, 44.49971127323806], [-72.98184178769588, 44.49970272369683], [-72.98185234889388, 44.49969358742237], [-72.98186458647251, 44.49968378059566], [-72.98187782987952, 44.49967414140701], [-72.98189191147685, 44.49966466985643], [-72.98190708272159, 44.49965486302972], [-72.98192225396633, 44.49964505620301], [-72.98193692229688, 44.499635668471456], [-72.98195117153227, 44.499627370387316], [-72.98196407966316, 44.49962066486478], [-72.98197690397501, 44.499614629894495], [-72.98199073411524, 44.49960792437196], [-72.98200624063611, 44.4996003806591], [-72.98202275298536, 44.49959241785109], [-72.98203918151557, 44.49958445504308], [-72.98205561004579, 44.499576073139906], [-72.98207128420472, 44.49956685304642], [-72.98208586871624, 44.49955805204809], [-72.98209944739938, 44.49955092743039], [-72.9821135289967, 44.49954614974558], [-72.98212853260338, 44.49954338371754], [-72.98214454203844, 44.499540869146585], [-72.98216264694929, 44.499537935480475], [-72.98218267969787, 44.49953466653824], [-72.98220254480839, 44.49953181669116], [-72.98222148790956, 44.4995298050344], [-72.98223867081106, 44.49952854774892], [-72.98225283622742, 44.49952745810151], [-72.98226431943476, 44.499526116997004], [-72.98227680847049, 44.499523267149925], [-72.98229206353426, 44.49951807036996], [-72.98230706714094, 44.499511532485485], [-72.98231980763376, 44.49950583279133], [-72.98233112320304, 44.49950164183974], [-72.98234285786748, 44.499497367069125], [-72.9823558498174, 44.499491751194], [-72.98237051814795, 44.49948454275727], [-72.982386527583, 44.49947624467313], [-72.98240245319903, 44.49946777895093], [-72.98241712152958, 44.49945998378098], [-72.98242935910821, 44.49945319443941], [-72.98243975266814, 44.499447075650096], [-72.98244964331388, 44.499441124498844], [-72.98246053978801, 44.499434838071465], [-72.9824731964618, 44.499427964910865], [-72.98248643986881, 44.499420588836074], [-72.98250001855195, 44.49941195547581], [-72.9825130943209, 44.49940240010619], [-72.98252466134727, 44.49939309619367], [-72.9825353063643, 44.4993847142905], [-72.98254628665745, 44.49937733821571], [-72.98255869187415, 44.49937021359801], [-72.98257235437632, 44.49936266988516], [-72.98258651979268, 44.49935479089618], [-72.98260051757097, 44.49934716336429], [-72.98261401243508, 44.49934012256563], [-72.98262775875628, 44.49933333322406], [-72.98264276236296, 44.499325873330235], [-72.98265960998833, 44.499317491427064], [-72.98267821781337, 44.49930843897164], [-72.98269581981003, 44.49930064380169], [-72.98271057195961, 44.4992948602885], [-72.98272356390953, 44.49929041787982], [-72.98273630440235, 44.49928656220436], [-72.98275105655193, 44.49928262270987], [-72.9827684070915, 44.49927876703441], [-72.98278793692589, 44.49927541427314], [-72.98280755057931, 44.49927222914994], [-72.98282481729984, 44.4992689602077], [-72.98283940181136, 44.49926543980837], [-72.98285197466612, 44.499261835590005], [-72.98286379314959, 44.49925772845745], [-72.98287686891854, 44.49925186112523], [-72.98289053142071, 44.499243730679154], [-72.98290369100869, 44.499234007671475], [-72.98291651532054, 44.499223781749606], [-72.9829288367182, 44.49921472929418], [-72.98294040374458, 44.499208023771644], [-72.98295146785676, 44.49920391663909], [-72.98296445980668, 44.49920048005879], [-72.98298130743206, 44.49919595383108], [-72.98300092108548, 44.49919025413692], [-72.98302003182471, 44.49918472208083], [-72.98303713090718, 44.499179776757956], [-72.98305221833289, 44.49917516671121], [-72.98306462354958, 44.49917122721672], [-72.98307728022337, 44.49916737154126], [-72.98309203237295, 44.49916251003742], [-72.98310795798898, 44.49915639124811], [-72.98312455415726, 44.499149937182665], [-72.98314165323973, 44.499143650755286], [-72.98315883614123, 44.49913795106113], [-72.98317585140467, 44.49913359247148], [-72.98319295048714, 44.49913116171956], [-72.9832100495696, 44.49912982061505], [-72.98322639428079, 44.499128395691514], [-72.98324181698263, 44.49912663549185], [-72.98325782641768, 44.49912462383509], [-72.98327559605241, 44.49912185780704], [-72.98329403623939, 44.49911850504577], [-72.98331197351217, 44.499115236103535], [-72.9833294916898, 44.49911272153258], [-72.98334751278162, 44.49911121279001], [-72.98336494714022, 44.499110374599695], [-72.98337961547077, 44.49910903349519], [-72.98339126631618, 44.49910626746714], [-72.9834037553519, 44.4991016574204], [-72.98342010006309, 44.49909545481205], [-72.98343770205975, 44.49908916838467], [-72.98345404677093, 44.49908330105245], [-72.98346829600632, 44.49907802045345], [-72.98348053358495, 44.499073158949614], [-72.98349218443036, 44.499068297445774], [-72.98350458964705, 44.499063016846776], [-72.98351867124438, 44.49905723333359], [-72.98353417776525, 44.4990514498204], [-72.9835504386574, 44.499046336859465], [-72.98356669954956, 44.499041978269815], [-72.98358279280365, 44.49903862550855], [-72.9835993051529, 44.499035608023405], [-72.98361606895924, 44.49903250671923], [-72.98363283276558, 44.49902990832925], [-72.98365026712418, 44.49902798049152], [-72.98366812057793, 44.499026304110885], [-72.98368656076491, 44.49902404099703], [-72.98370558768511, 44.49902135878801], [-72.98372478224337, 44.499018676579], [-72.98374464735389, 44.49901565909386], [-72.98376526683569, 44.49901130050421], [-72.98378446139395, 44.49900593608618], [-72.98380181193352, 44.49900115840137], [-72.98381865955889, 44.498997470363975], [-72.98383483663201, 44.49899487197399], [-72.98385059460998, 44.4989927764982], [-72.98386710695922, 44.49899076484144], [-72.98388462513685, 44.4989890884608], [-72.98390314914286, 44.498987663537264], [-72.98392318189144, 44.498986238613725], [-72.9839439690113, 44.498984729871154], [-72.98396391794086, 44.49898313730955], [-72.98398269340396, 44.49898154474795], [-72.98399920575321, 44.498980455100536], [-72.98401412554085, 44.498979868367314], [-72.98402829095721, 44.49897911399603], [-72.98404128290713, 44.49897768907249], [-72.98405435867608, 44.498975509777665], [-72.98406969755888, 44.49897224083543], [-72.98408822156489, 44.49896796606481], [-72.9841067455709, 44.49896318838], [-72.9841236770153, 44.49895849451423], [-72.98413935117424, 44.498954471200705], [-72.98415410332382, 44.49895120225847], [-72.9841688554734, 44.49894843623042], [-72.98418427817523, 44.49894583784044], [-72.98420120961964, 44.49894307181239], [-72.98422015272081, 44.49894022196531], [-72.98423951491714, 44.49893762357533], [-72.98425745218992, 44.498935444280505], [-72.98427488654852, 44.49893309734762], [-72.98429315909743, 44.49892982840538], [-72.98431151546538, 44.498926140367985], [-72.98432920128107, 44.49892312288284], [-72.98434588126838, 44.49892161414027], [-72.98436105251312, 44.498921195045114], [-72.98437546938658, 44.49892044067383], [-72.98439038917422, 44.49891893193126], [-72.98440773971379, 44.49891624972224], [-72.98442752100527, 44.49891256168485], [-72.98444772139192, 44.49890837073326], [-72.98446767032146, 44.498904598876834], [-72.98448728397489, 44.4989013299346], [-72.98450647853315, 44.498898815363646], [-72.98452399671078, 44.498896887525916], [-72.98454034142196, 44.49889571405947], [-72.98455727286637, 44.498894875869155], [-72.98457504250109, 44.49889370240271], [-72.98459390178323, 44.49889227747917], [-72.98461343161762, 44.49889068491757], [-72.98463296145201, 44.498889176175], [-72.98465299420059, 44.49888783507049], [-72.98467210493982, 44.49888632632792], [-72.98468744382262, 44.49888490140438], [-72.98470194451511, 44.498884147033095], [-72.98471787013113, 44.49888381175697], [-72.98473513685167, 44.49888372793794], [-72.98475382849574, 44.49888381175697], [-72.98477402888238, 44.49888381175697], [-72.98479523509741, 44.49888347648084], [-72.98481568694115, 44.49888288974762], [-72.98483446240425, 44.498882219195366], [-72.98485063947737, 44.498881716281176], [-72.98486463725567, 44.49888138100505], [-72.984878718853, 44.498881129547954], [-72.9848943091929, 44.49888096190989], [-72.98491132445633, 44.49888138100505], [-72.98492850735784, 44.4988820515573], [-72.98494476824999, 44.498882219195366], [-72.98495868220925, 44.49888138100505], [-72.98496915958822, 44.49888012371957], [-72.98497737385333, 44.49887962080538], [-72.9849852528423, 44.49887962080538], [-72.98499237746, 44.49887995608151], [-72.98499782569706, 44.498880207538605], [-72.98500218428671, 44.49888029135764], [-72.98500528559089, 44.49888029135764], [-72.98500553704798, 44.49888054281473], [-72.98500302247703, 44.49888146482408], [-72.98499874770641, 44.49888339266181], [-72.98499304801226, 44.49888641014695], [-72.98498516902328, 44.498890433460474], [-72.9849751945585, 44.49889521114528], [-72.98496345989406, 44.49890040792525], [-72.98495063558221, 44.498905604705215], [-72.98493730835617, 44.49891071766615], [-72.98492406494915, 44.49891532771289], [-72.9849112406373, 44.49891943484545], [-72.98489866778255, 44.49892329052091], [-72.98488475382328, 44.49892731383443], [-72.98486799001694, 44.49893167242408], [-72.9848488792777, 44.49893619865179], [-72.98482893034816, 44.498940305784345], [-72.98480881378055, 44.49894357472658], [-72.98479003831744, 44.4989462569356], [-72.98477335833013, 44.49894751422107], [-72.98475868999958, 44.49894801713526], [-72.98474402166903, 44.498948687687516], [-72.98472776077688, 44.49894994497299], [-72.9847090691328, 44.498951537534595], [-72.98468928784132, 44.4989528786391], [-72.98466984182596, 44.49895338155329], [-72.98465148545802, 44.49895371682942], [-72.98463623039424, 44.49895430356264], [-72.98462206497788, 44.49895522557199], [-72.9846059717238, 44.49895623140037], [-72.98458862118423, 44.49895732104778], [-72.98457194119692, 44.49895849451423], [-72.98455635085702, 44.4989600032568], [-72.98454134725034, 44.4989615958184], [-72.98452625982463, 44.498962853103876], [-72.98451150767505, 44.49896352365613], [-72.98449776135385, 44.498963775113225], [-72.98448326066136, 44.498964194208384], [-72.98446699976921, 44.498965786769986], [-72.98444923013449, 44.498968468979], [-72.9844297003001, 44.4989721570164], [-72.98441033810377, 44.49897626414895], [-72.98439223319292, 44.49898003600538], [-72.9843744635582, 44.498982885852456], [-72.98435753211379, 44.498984729871154], [-72.98434135504067, 44.49898598715663], [-72.9843255970627, 44.49898741208017], [-72.98431000672281, 44.498988669365644], [-72.98429424874485, 44.498990178108215], [-72.98427723348141, 44.49899235740304], [-72.98425854183733, 44.49899529106915], [-72.98423909582198, 44.498999398201704], [-72.98422099091113, 44.49900400824845], [-72.9842032212764, 44.49900886975229], [-72.98418561927974, 44.49901322834194], [-72.98416944220662, 44.499016581103206], [-72.9841548576951, 44.49901917949319], [-72.9841427039355, 44.499020939692855], [-72.98413029871881, 44.49902219697833], [-72.98411462455988, 44.4990237057209], [-72.98409559763968, 44.4990255497396], [-72.98407506197691, 44.4990273937583], [-72.98405419103801, 44.49902890250087], [-72.98403440974653, 44.499029740691185], [-72.98401655629277, 44.49903007596731], [-72.98399962484837, 44.499030159786344], [-72.98398328013718, 44.49903032742441], [-72.98396710306406, 44.499031165614724], [-72.98395008780062, 44.49903292581439], [-72.98393189907074, 44.49903569184244], [-72.98391337506473, 44.4990392960608], [-72.98389493487775, 44.49904382228851], [-72.98387599177659, 44.499049354344606], [-72.98385813832283, 44.4990548864007], [-72.98384179361165, 44.49905932880938], [-72.98382578417659, 44.49906276538968], [-72.98381002619863, 44.499065950512886], [-72.9837938491255, 44.499069387093186], [-72.983776666224, 44.49907332658768], [-72.98375906422734, 44.49907743372023], [-72.98374003730714, 44.49908145703375], [-72.98371857963502, 44.499084893614054], [-72.98369804397225, 44.49908757582307], [-72.9836801905185, 44.49908967129886], [-72.98366342671216, 44.4990910962224], [-72.98364657908678, 44.49909168295562], [-72.98362981528044, 44.499092353507876], [-72.98361380584538, 44.499094281345606], [-72.98359796404839, 44.499097969383], [-72.98358220607042, 44.499102495610714], [-72.98356636427343, 44.49910718947649], [-72.98355018720031, 44.49911205098033], [-72.98353384248912, 44.49911733157933], [-72.98351724632084, 44.49912277981639], [-72.98350106924772, 44.49912722222507], [-72.98348631709814, 44.49913015589118], [-72.98347215168178, 44.49913225136697], [-72.98345723189414, 44.49913409538567], [-72.98344105482101, 44.499136274680495], [-72.98342353664339, 44.49913929216564], [-72.98340501263738, 44.49914331547916], [-72.98338573426008, 44.49914826080203], [-72.9833672940731, 44.49915303848684], [-72.98334994353354, 44.4991568941623], [-72.983332676813, 44.49915932491422], [-72.98331658355892, 44.4991600792855], [-72.98330116085708, 44.49915991164744], [-72.98328548669815, 44.4991600792855], [-72.983269225806, 44.49916150420904], [-72.98325288109481, 44.49916427023709], [-72.98323754221201, 44.49916762299836], [-72.98322186805308, 44.49917164631188], [-72.98320451751351, 44.49917608872056], [-72.98318733461201, 44.499180195853114], [-72.98317166045308, 44.49918396770954], [-72.98315707594156, 44.49918790720403], [-72.98314265906811, 44.499192433431745], [-72.98312773928046, 44.49919754639268], [-72.98311231657863, 44.499203162267804], [-72.9830961395055, 44.499209532514215], [-72.98307904042304, 44.49921699240804], [-72.98306311480701, 44.49922453612089], [-72.98304811120033, 44.49923073872924], [-72.98303369432688, 44.499234929680824], [-72.98302120529115, 44.49923769570887], [-72.98300905153155, 44.49924104847014], [-72.98299564048648, 44.499246245250106], [-72.98298147507012, 44.49925278313458], [-72.98296772874892, 44.49925999157131], [-72.98295515589416, 44.499267116189], [-72.98294375650585, 44.49927323497832], [-72.9829325247556, 44.499277509748936], [-72.98292045481503, 44.49928052723408], [-72.98290679231286, 44.49928346090019], [-72.98289162106812, 44.49928689748049], [-72.98287552781403, 44.49929175898433], [-72.98285909928381, 44.49929871596396], [-72.98284325748682, 44.49930642731488], [-72.98282749950886, 44.499313132837415], [-72.98281157389283, 44.499318581074476], [-72.98279606737196, 44.499322939664125], [-72.98278014175594, 44.49932654388249], [-72.98276354558766, 44.499330315738916], [-72.98274644650519, 44.499334674328566], [-72.98273018561304, 44.49933987110853], [-72.98271585255861, 44.49934531934559], [-72.98270294442773, 44.49935093522072], [-72.98269062303007, 44.499356634914875], [-72.9826785530895, 44.49936216697097], [-72.98266581259668, 44.499368788674474], [-72.98265147954226, 44.499377673491836], [-72.98263664357364, 44.499387396499515], [-72.98262247815728, 44.4993968680501], [-72.98260864801705, 44.499405501410365], [-72.98259590752423, 44.49941270984709], [-72.98258383758366, 44.4994190800935], [-72.98257201910019, 44.49942545033991], [-72.98256061971188, 44.49943257495761], [-72.98254922032356, 44.49944078922272], [-72.9825368989259, 44.49945034459233], [-72.98252415843308, 44.49945989996195], [-72.9825112503022, 44.49946861714125], [-72.98249775543809, 44.49947657994926], [-72.98248400911689, 44.49948345310986], [-72.9824697598815, 44.49948982335627], [-72.98245509155095, 44.49949610978365], [-72.98243924975395, 44.49950315058231], [-72.98242181539536, 44.49951178394258], [-72.98240513540804, 44.49952058494091], [-72.9823899641633, 44.499528128653765], [-72.98237554728985, 44.49953407980502], [-72.98236138187349, 44.49953919276595], [-72.98234646208584, 44.49954455718398], [-72.98233028501272, 44.499550592154264], [-72.98231335356832, 44.49955704621971], [-72.98229650594294, 44.499562829732895], [-72.98227990977466, 44.499566685408354], [-72.98226381652057, 44.49956903234124], [-72.98224906437099, 44.4995712954551], [-72.98223523423076, 44.49957372620702], [-72.98222064971924, 44.499576576054096], [-72.98220505937934, 44.4995797611773], [-72.98219005577266, 44.4995831977576], [-72.98217698000371, 44.499586885795], [-72.98216449096799, 44.499591244384646], [-72.98215175047517, 44.49959644116461], [-72.98213892616332, 44.49960255995393], [-72.98212585039437, 44.49961001984775], [-72.98211277462542, 44.49961923994124], [-72.98210036940873, 44.49962913058698], [-72.98208913765848, 44.49963893741369], [-72.98207907937467, 44.499647906050086], [-72.98206969164312, 44.4996558688581], [-72.982058795169, 44.49966316111386], [-72.98204630613327, 44.499669782817364], [-72.9820328950882, 44.49967598542571], [-72.9820188973099, 44.49968277476728], [-72.98200414516032, 44.499690905213356], [-72.98198939301074, 44.499700544402], [-72.9819758143276, 44.499710351228714], [-72.98196324147284, 44.4997195713222], [-72.98195184208453, 44.499727031216025], [-72.98194161616266, 44.499732395634055], [-72.98193172551692, 44.49973692186177], [-72.98192108049989, 44.499742118641734], [-72.98190892674029, 44.49974882416427], [-72.98189526423812, 44.49975670315325], [-72.9818804282695, 44.49976592324674], [-72.98186542466283, 44.4997766520828], [-72.98185226507485, 44.499787632375956], [-72.98184145241976, 44.49979844503105], [-72.98183223232627, 44.49980900622904], [-72.98182351514697, 44.49981898069382], [-72.98181387595832, 44.49982903897762], [-72.98180339857936, 44.49983918108046], [-72.9817924182862, 44.499849239364266], [-72.98178068362176, 44.49986021965742], [-72.98176852986217, 44.49987203814089], [-72.98175595700741, 44.49988410808146], [-72.98174321651459, 44.49989533983171], [-72.9817303083837, 44.49990548193455], [-72.98171798698604, 44.49991453438997], [-72.98170709051192, 44.49992216192186], [-72.98169686459005, 44.4999286159873], [-72.98168546520174, 44.49993532150984], [-72.98167264088988, 44.499943451955914], [-72.98165981657803, 44.49995283968747], [-72.98164833337069, 44.49996273033321], [-72.98163810744882, 44.49997253715992], [-72.98162863589823, 44.49998192489147], [-72.98161933198571, 44.49999114498496], [-72.98161069862545, 44.499999694526196], [-72.98160281963646, 44.500007489696145], [-72.98159494064748, 44.50001545250416], [-72.98158605583012, 44.50002467259765], [-72.98157574608922, 44.5000359043479], [-72.98156401142478, 44.500048561021686], [-72.98155185766518, 44.50006088241935], [-72.98153970390558, 44.50007278472185], [-72.98152847215533, 44.500084184110165], [-72.981519671157, 44.50009407475591], [-72.9815127979964, 44.500102791935205], [-72.98150642774999, 44.50011117383838], [-72.98149947077036, 44.50011997483671], [-72.9814919270575, 44.500129111111164], [-72.9814834613353, 44.500138498842716], [-72.98147373832762, 44.50014855712652], [-72.9814628418535, 44.50015928596258], [-72.98145127482712, 44.500170685350895], [-72.98143954016268, 44.5001823361963], [-72.98142805695534, 44.500193148851395], [-72.98141741193831, 44.50020270422101], [-72.98140777274966, 44.50021184049547], [-72.9813986364752, 44.500221060588956], [-72.98138950020075, 44.50023086741567], [-72.98138019628823, 44.500242015346885], [-72.98137089237571, 44.50025391764939], [-72.98136150464416, 44.5002655684948], [-72.98135253600776, 44.50027545914054], [-72.98134440556169, 44.500284092500806], [-72.98133711330593, 44.50029247440398], [-72.98133024014533, 44.50030094012618], [-72.98132336698472, 44.50031016021967], [-72.98131674528122, 44.500320637598634], [-72.98131071031094, 44.500332372263074], [-72.98130551353097, 44.500344609841704], [-72.98130006529391, 44.50035718269646], [-72.98129361122847, 44.500369587913156], [-72.98128648661077, 44.50038090348244], [-72.98127843998373, 44.50039121322334], [-72.98126905225217, 44.50040160678327], [-72.98125840723515, 44.500413006171584], [-72.98124684020877, 44.500425746664405], [-72.98123594373465, 44.500438403338194], [-72.98122647218406, 44.500450221821666], [-72.9812175873667, 44.50046204030514], [-72.98120962455869, 44.50047293677926], [-72.98120266757905, 44.50048232451081], [-72.98119663260877, 44.50049053877592], [-72.98119043000042, 44.50049883686006], [-72.98118305392563, 44.5005087275058], [-72.9811745043844, 44.50052029453218], [-72.98116595484316, 44.50053194537759], [-72.98115815967321, 44.50054191984236], [-72.98115145415068, 44.50054929591715], [-72.98114533536136, 44.500554325059056], [-72.98113997094333, 44.50055776163936], [-72.9811346065253, 44.50056002475321], [-72.98112865537405, 44.50056170113385], [-72.98112253658473, 44.50056287460029], [-72.98111650161445, 44.50056388042867], [-72.98111071810126, 44.500564550980926], [-72.9811055213213, 44.50056488625705], [-72.98110065981746, 44.500564970076084], [-72.98109579831362, 44.50056463479996], [-72.98109018243849, 44.50056388042867], [-72.98108406364918, 44.50056245550513], [-72.98107886686921, 44.50056094676256], [-72.98107467591763, 44.50055952183902], [-72.9810709040612, 44.50055801309645], [-72.9810674674809, 44.50055658817291], [-72.98106478527188, 44.50055533088744], [-72.98106227070093, 44.50055415742099], [-72.98105925321579, 44.50055248104036], [-72.98105590045452, 44.500550385564566], [-72.98105254769325, 44.500547870993614], [-72.98104944638908, 44.50054510496557], [-72.98104668036103, 44.50054217129946], [-72.98104408197105, 44.50053890235722], [-72.98104207031429, 44.500535717234015], [-72.98104047775269, 44.500533035025], [-72.98103896901011, 44.50053152628243], [-72.9810378793627, 44.50053102336824], [-72.98103695735335, 44.50053102336824], [-72.98103595152497, 44.50053093954921], [-72.98103410750628, 44.50052993372083], [-72.9810310062021, 44.50052901171148], [-72.98102706670761, 44.50052825734019], [-72.9810238815844, 44.50052708387375], [-72.98102195374668, 44.500525910407305], [-72.98102086409926, 44.50052465312183], [-72.98102010972798, 44.50052314437926], [-72.98101902008057, 44.500520965084434], [-72.9810170084238, 44.50051794759929], [-72.98101424239576, 44.50051434338093], [-72.98101181164384, 44.50051048770547], [-72.98100963234901, 44.50050621293485], [-72.98100753687322, 44.500501519069076], [-72.98100544139743, 44.50049648992717], [-72.98100334592164, 44.500491712242365], [-72.9810019209981, 44.50048794038594], [-72.98100116662681, 44.50048500671983], [-72.98100057989359, 44.50048232451081], [-72.98099932260811, 44.50047980993986], [-72.98099722713232, 44.500478049740195], [-72.9809945449233, 44.50047737918794], [-72.98099127598107, 44.50047645717859], [-72.9809863306582, 44.50047503225505], [-72.98097996041179, 44.5004727691412], [-72.98097350634634, 44.50046941637993], [-72.98096696846187, 44.50046472251415], [-72.98096076585352, 44.50045835226774], [-72.9809551499784, 44.500449635088444], [-72.98094978556037, 44.50043882243335], [-72.98094425350428, 44.50042792595923], [-72.98093880526721, 44.50041719712317], [-72.98093369230628, 44.5004053786397], [-72.9809295013547, 44.50039272196591], [-72.98092673532665, 44.50038048438728], [-72.98092413693666, 44.50036824680865], [-72.98092019744217, 44.50035567395389], [-72.98091449774802, 44.500344106927514], [-72.98090913332999, 44.50033555738628], [-72.98090511001647, 44.50033010914922], [-72.98090083524585, 44.50032541528344], [-72.98089563846588, 44.500320637598634], [-72.98088977113366, 44.50031594373286], [-72.980882730335, 44.50031099840999], [-72.98087434843183, 44.50030563399196], [-72.98086579889059, 44.500299682840705], [-72.9808581713587, 44.50029398314655], [-72.98085087910295, 44.500289373099804], [-72.98084216192365, 44.50028576888144], [-72.98083160072565, 44.50028325431049], [-72.98082045279443, 44.50028191320598], [-72.98080888576806, 44.50028141029179], [-72.98079522326589, 44.5002809073776], [-72.98078030347824, 44.50027956627309], [-72.98076647333801, 44.50027638114989], [-72.98075381666422, 44.5002705976367], [-72.98074115999043, 44.50026364065707], [-72.98072883859277, 44.50025794096291], [-72.98071710392833, 44.50025450438261], [-72.98070478253067, 44.50025266036391], [-72.98069044947624, 44.50025148689747], [-72.98067444004118, 44.50025073252618], [-72.98065809533, 44.50025006197393], [-72.98064284026623, 44.500249810516834], [-72.98062766902149, 44.50025115162134], [-72.98061233013868, 44.50025408528745], [-72.98059883527458, 44.500257605686784], [-72.98058844171464, 44.50026045553386], [-72.98058047890663, 44.50026221573353], [-72.98057218082249, 44.50026288628578], [-72.98056094907224, 44.50026229955256], [-72.9805489629507, 44.500260623171926], [-72.980539156124, 44.50025877915323], [-72.98053060658276, 44.50025693513453], [-72.98052054829895, 44.500254672020674], [-72.98050680197775, 44.50025115162134], [-72.98049129545689, 44.50024612247944], [-72.9804767947644, 44.50024092569947], [-72.98046380281448, 44.50023690238595], [-72.98045097850263, 44.500233717262745], [-72.98043748363853, 44.50023044832051], [-72.98042356967926, 44.50022650882602], [-72.98040957190096, 44.50022164732218], [-72.98039657995105, 44.50021703727543], [-72.98038526438177, 44.50021401979029], [-72.98037403263152, 44.50021184049547], [-72.98036246560514, 44.500210247933865], [-72.98035165295005, 44.500209828838706], [-72.98034125939012, 44.50021108612418], [-72.98033019527793, 44.50021360069513], [-72.98031812533736, 44.500217121094465], [-72.98030471429229, 44.50022122822702], [-72.9802904650569, 44.50022608973086], [-72.98027697019279, 44.50023204088211], [-72.9802645649761, 44.50023849494755], [-72.98025316558778, 44.500244529917836], [-72.98024218529463, 44.500249810516834], [-72.98023095354438, 44.50025458820164], [-72.98021871596575, 44.50025928206742], [-72.98020505346358, 44.500264059752226], [-72.98019122332335, 44.50026816688478], [-72.98017890192568, 44.500270849093795], [-72.98016616143286, 44.50027260929346], [-72.9801504034549, 44.500274788588285], [-72.98013229854405, 44.500278225168586], [-72.98011503182352, 44.5002824999392], [-72.98010103404522, 44.500286439433694], [-72.98008913174272, 44.500289959833026], [-72.98007823526859, 44.50029364787042], [-72.98006725497544, 44.50029792264104], [-72.98005409538746, 44.500303119421005], [-72.98003951087594, 44.50030831620097], [-72.98002542927861, 44.50031225569546], [-72.98001126386225, 44.500314770266414], [-72.97999584116042, 44.50031669810414], [-72.9799796640873, 44.50031803920865], [-72.97996432520449, 44.50031803920865], [-72.979949824512, 44.50031669810414], [-72.97993465326726, 44.500314351171255], [-72.97991998493671, 44.50031124986708], [-72.97990774735808, 44.50030739419162], [-72.97989710234106, 44.50030286796391], [-72.97988603822887, 44.50029800646007], [-72.97987455502152, 44.500293396413326], [-72.97986290417612, 44.5002896245569], [-72.97985083423555, 44.500286439433694], [-72.97983834519982, 44.50028392486274], [-72.97982501797378, 44.500281577929854], [-72.97981043346226, 44.500279147177935], [-72.97979568131268, 44.50027705170214], [-72.97978109680116, 44.500275291502476], [-72.97976626083255, 44.50027353130281], [-72.97975058667362, 44.50027143582702], [-72.97973558306694, 44.500268837437034], [-72.9797222558409, 44.5002655684948], [-72.97970934771001, 44.50026146136224], [-72.97969534993172, 44.50025634840131], [-72.9796807654202, 44.500251319259405], [-72.97966634854674, 44.500246876850724], [-72.97965235076845, 44.50024268589914], [-72.97963843680918, 44.500238075852394], [-72.97962418757379, 44.500232711434364], [-72.97960985451937, 44.5002272631973], [-72.97959728166461, 44.500222485512495], [-72.97958705574274, 44.500218629837036], [-72.97957724891603, 44.50021435506642], [-72.97956652007997, 44.50020907446742], [-72.97955419868231, 44.50020270422101], [-72.97954129055142, 44.50019599869847], [-72.97953031025827, 44.50019055046141], [-72.97952075488865, 44.500185353681445], [-72.97951086424291, 44.500178899616], [-72.9794992133975, 44.50017135590315], [-72.97948664054275, 44.500164315104485], [-72.9794751573354, 44.50015886686742], [-72.97946442849934, 44.5001548435539], [-72.97945302911103, 44.500151658430696], [-72.97944070771337, 44.50014906004071], [-72.97942821867764, 44.50014704838395], [-72.9794164840132, 44.50014604255557], [-72.97940491698682, 44.50014646165073], [-72.97939158976078, 44.50014830566943], [-72.97937717288733, 44.500152077525854], [-72.97936426475644, 44.500157525762916], [-72.97935320064425, 44.5001635607332], [-72.97934188507497, 44.50016984716058], [-72.97932880930603, 44.50017663650215], [-72.97931397333741, 44.50018476694822], [-72.97929855063558, 44.50019432231784], [-72.97928438521922, 44.500203961506486], [-72.97927072271705, 44.500212762504816], [-72.97925714403391, 44.500220473855734], [-72.97924406826496, 44.50022676028311], [-72.97923032194376, 44.50023262761533], [-72.97921573743224, 44.50023849494755], [-72.97919972799718, 44.50024503283203], [-72.97918329946697, 44.500251738354564], [-72.97916661947966, 44.500258108600974], [-72.97915019094944, 44.50026380829513], [-72.97913460060954, 44.500268418341875], [-72.97911875881255, 44.5002721901983], [-72.97910241410136, 44.50027495622635], [-72.97908581793308, 44.50027688406408], [-72.9790692217648, 44.50027830898762], [-72.97905195504427, 44.50028006918728], [-72.97903368249536, 44.500281661748886], [-72.9790158290416, 44.500282583758235], [-72.97899923287332, 44.50028233230114], [-72.97898297198117, 44.50028174556792], [-72.97896796837449, 44.500281577929854], [-72.97895422205329, 44.50028191320598], [-72.97894005663693, 44.50028283521533], [-72.97892379574478, 44.50028384104371], [-72.97890577465296, 44.500284595414996], [-72.97888867557049, 44.50028467923403], [-72.97887333668768, 44.50028367340565], [-72.9788585845381, 44.50028141029179], [-72.9788432456553, 44.500279147177935], [-72.97882631421089, 44.50027755461633], [-72.9788086283952, 44.500276716426015], [-72.97879211604595, 44.50027646496892], [-72.97877736389637, 44.50027713552117], [-72.9787639528513, 44.500278728082776], [-72.97875087708235, 44.5002809073776], [-72.97873721458018, 44.50028342194855], [-72.97872154042125, 44.500286020338535], [-72.97870385460556, 44.50028828345239], [-72.97868524678051, 44.50029054656625], [-72.97866756096482, 44.500293396413326], [-72.97865222208202, 44.50029700063169], [-72.97863839194179, 44.500300688669086], [-72.97862464562058, 44.500304125249386], [-72.97861022874713, 44.50030714273453], [-72.97859514132142, 44.50030974112451], [-72.97857804223895, 44.500312423333526], [-72.97855817712843, 44.500315776094794], [-72.97853680327535, 44.50032038614154], [-72.9785168543458, 44.50032575055957], [-72.9784978274256, 44.5003311149776], [-72.97847846522927, 44.500335892662406], [-72.97846027649939, 44.50033966451883], [-72.9784439317882, 44.50034259818494], [-72.97842842526734, 44.50034494511783], [-72.97841249965131, 44.50034687295556], [-72.978395819664, 44.50034880079329], [-72.97837754711509, 44.50035106390715], [-72.97835818491876, 44.50035399757326], [-72.97833907417953, 44.50035751797259], [-72.9783202148974, 44.50036154128611], [-72.9783022776246, 44.50036556459963], [-72.97828584909439, 44.500369084998965], [-72.97826983965933, 44.50037268921733], [-72.97825399786234, 44.500376880168915], [-72.97823765315115, 44.500381825491786], [-72.97822063788772, 44.50038786046207], [-72.97820379026234, 44.50039456598461], [-72.97818819992244, 44.500401355326176], [-72.9781748726964, 44.50040747411549], [-72.9781629703939, 44.50041267089546], [-72.9781505651772, 44.5004175323993], [-72.97813589684665, 44.500422310084105], [-72.97811837866902, 44.50042750686407], [-72.97810027375817, 44.50043278746307], [-72.97808292321861, 44.50043773278594], [-72.97806548886001, 44.50044225901365], [-72.97804889269173, 44.500445779412985], [-72.97803212888539, 44.50044837780297], [-72.9780144430697, 44.500450221821666], [-72.97799658961594, 44.50045156292617], [-72.97797856852412, 44.50045332312584], [-72.97796046361327, 44.50045583769679], [-72.97794286161661, 44.50045919045806], [-72.97792693600059, 44.50046254321933], [-72.97791318967938, 44.50046572834253], [-72.9779002815485, 44.50046899728477], [-72.9778867866844, 44.50047293677926], [-72.97787203453481, 44.50047788210213], [-72.97785602509975, 44.50048349797726], [-72.97783884219825, 44.50048911385238], [-72.97782056964934, 44.5004949811846], [-72.9778017103672, 44.50050160288811], [-72.97778419218957, 44.50050814077258], [-72.97776885330677, 44.500514175742865], [-72.9777551908046, 44.50051987543702], [-72.97774337232113, 44.500524904578924], [-72.97773163765669, 44.50052951462567], [-72.9777173884213, 44.50053437612951], [-72.97770070843399, 44.50053948909044], [-72.97768226824701, 44.500545021146536], [-72.97766240313649, 44.50055097229779], [-72.97764245420694, 44.50055700726807], [-72.97762275673449, 44.50056295841932], [-72.97760331071913, 44.50056865811348], [-72.97758478671312, 44.500573854893446], [-72.97756668180227, 44.50057888403535], [-72.97754857689142, 44.50058374553919], [-72.97753139398992, 44.50058760121465], [-72.97751446254551, 44.50059028342366], [-72.97749719582498, 44.500592378899455], [-72.97747800126672, 44.50059472583234], [-72.97745830379426, 44.50059749186039], [-72.97743994742632, 44.500600257888436], [-72.97742108814418, 44.50060335919261], [-72.97740248031914, 44.500606544315815], [-72.97738445922732, 44.50060931034386], [-72.97736677341163, 44.50061115436256], [-72.97734942287207, 44.50061132200062], [-72.97733098268509, 44.50061006471515], [-72.97731153666973, 44.50060830451548], [-72.97729225829244, 44.50060662813485], [-72.97727440483868, 44.500605119392276], [-72.97725856304169, 44.50060369446874], [-72.97724389471114, 44.50060185045004], [-72.97722813673317, 44.50059958733618], [-72.97721053473651, 44.500596737489104], [-72.97719209454954, 44.50059346854687], [-72.97717415727675, 44.50059028342366], [-72.97715714201331, 44.50058726593852], [-72.9771423060447, 44.50058475136757], [-72.97713048756123, 44.50058341026306], [-72.97712051309645, 44.50058382935822], [-72.97711079008877, 44.500586008653045], [-72.97710006125271, 44.500590367242694], [-72.97708757221699, 44.50059656985104], [-72.97707407735288, 44.500603610649705], [-72.97706125304103, 44.50061014853418], [-72.97704976983368, 44.50061593204737], [-72.97703987918794, 44.50062138028443], [-72.97703216783702, 44.50062674470246], [-72.97702571377158, 44.50063236057758], [-72.97701842151582, 44.50063948519528], [-72.97701062634587, 44.50064820237458], [-72.97700467519462, 44.500657338649035], [-72.97700115479529, 44.50066588819027], [-72.97699939459562, 44.50067368336022], [-72.9769988078624, 44.50068047270179], [-72.97699922695756, 44.500687597319484], [-72.97700081951916, 44.50069656595588], [-72.97700316645205, 44.500706708058715], [-72.97700626775622, 44.50071710161865], [-72.97700970433652, 44.50072791427374], [-72.97701305709779, 44.5007402356714], [-72.97701565548778, 44.50075322762132], [-72.97701540403068, 44.500765884295106], [-72.97701129689813, 44.50077845714986], [-72.97700509428978, 44.5007904432714], [-72.97699872404337, 44.50080125592649], [-72.97699294053018, 44.50081097893417], [-72.97698640264571, 44.50082019902766], [-72.97697810456157, 44.500829419121146], [-72.9769681300968, 44.50083897449076], [-72.97695723362267, 44.50084978714585], [-72.97694684006274, 44.50086185708642], [-72.97693720087409, 44.50087493285537], [-72.97692756168544, 44.50088859535754], [-72.97691817395389, 44.50090141966939], [-72.97690903767943, 44.50091298669577], [-72.97689998522401, 44.50092388316989], [-72.97689126804471, 44.500934863463044], [-72.97688288614154, 44.500946179032326], [-72.9768748395145, 44.50095707550645], [-72.97686813399196, 44.500965625047684], [-72.97686276957393, 44.50097182765603], [-72.97685648314655, 44.50097811408341], [-72.97684801742435, 44.50098632834852], [-72.97683754004538, 44.50099663808942], [-72.9768264759332, 44.50100736692548], [-72.97681524418294, 44.501017006114125], [-72.97680283896625, 44.501025807112455], [-72.97678884118795, 44.50103444047272], [-72.9767746757716, 44.5010423194617], [-72.97676294110715, 44.50104818679392], [-72.9767535533756, 44.50105229392648], [-72.97674458473921, 44.501055646687746], [-72.97673511318862, 44.50105916708708], [-72.97672547399998, 44.5010631904006], [-72.9767170920968, 44.50106721371412], [-72.97671080566943, 44.50107048265636], [-72.97670611180365, 44.50107299722731], [-72.97670233994722, 44.501075092703104], [-72.97669898718596, 44.50107702054083], [-72.97669630497694, 44.50107886455953], [-72.97669379040599, 44.50107995420694], [-72.9766914434731, 44.501080540940166], [-72.97668867744505, 44.501081546768546], [-72.97668473795056, 44.50108313933015], [-72.97668004408479, 44.50108515098691], [-72.97667602077127, 44.50108716264367], [-72.97667317092419, 44.5010890904814], [-72.97667065635324, 44.501090766862035], [-72.97666696831584, 44.50109210796654], [-72.97666193917394, 44.50109286233783], [-72.97665573656559, 44.501093281432986], [-72.97664827667177, 44.50109344907105], [-72.97663981094956, 44.50109361670911], [-72.9766306746751, 44.50109353289008], [-72.97662078402936, 44.50109294615686], [-72.97661013901234, 44.50109210796654], [-72.97660075128078, 44.50109210796654], [-72.97659211792052, 44.50109378434718], [-72.97658080235124, 44.50109730474651], [-72.97656621783972, 44.50110275298357], [-72.97655020840466, 44.50110862031579], [-72.97653411515057, 44.50111289508641], [-72.97651751898229, 44.50111507438123], [-72.9764998331666, 44.501115242019296], [-72.97648248262703, 44.50111390091479], [-72.97646873630583, 44.50111239217222], [-72.9764580912888, 44.50111121870577], [-72.97644744627178, 44.5011099614203], [-72.97643722034991, 44.50110853649676], [-72.97643001191318, 44.50110820122063], [-72.97642506659031, 44.501109877601266], [-72.97642070800066, 44.501112727448344], [-72.97641542740166, 44.50111599639058], [-72.97640956006944, 44.501119097694755], [-72.97640369273722, 44.501122031360865], [-72.97639732249081, 44.50112488120794], [-72.9763891082257, 44.50112781487405], [-72.97637846320868, 44.50113074854016], [-72.97636614181101, 44.50113292783499], [-72.97635273076594, 44.50113418512046], [-72.9763389006257, 44.50113460421562], [-72.97632632777095, 44.50113443657756], [-72.97631492838264, 44.50113351456821], [-72.97630235552788, 44.50113074854016], [-72.97628860920668, 44.5011253003031], [-72.97627620398998, 44.501118175685406], [-72.9762669838965, 44.50111071579158], [-72.97626044601202, 44.50110384263098], [-72.97625382430851, 44.50109671801329], [-72.97624602913857, 44.501088755205274], [-72.97623706050217, 44.50107928365469], [-72.97622775658965, 44.50106796808541], [-72.97621878795326, 44.50105631724], [-72.9762099031359, 44.50104558840394], [-72.97620034776628, 44.50103594921529], [-72.97618953511119, 44.50102714821696], [-72.97617729753256, 44.50101952068508], [-72.97616480849683, 44.50101415626705], [-72.97615366056561, 44.501012144610286], [-72.97614368610084, 44.501013150438666], [-72.97613128088415, 44.50101574882865], [-72.97611510381103, 44.50101935304701], [-72.97609842382371, 44.501022789627314], [-72.97608316875994, 44.50102522037923], [-72.9760695900768, 44.501026729121804], [-72.97605760395527, 44.501027734950185], [-72.97604637220502, 44.50102890841663], [-72.97603505663574, 44.501030249521136], [-72.97602374106646, 44.50103133916855], [-72.9760130122304, 44.501032093539834], [-72.9760024510324, 44.50103242881596], [-72.975993482396, 44.501032596454024], [-72.97598635777831, 44.50103326700628], [-72.97597873024642, 44.501035111024976], [-72.97596959397197, 44.50103812851012], [-72.97595852985978, 44.501041984185576], [-72.97594495117664, 44.50104651041329], [-72.97592927701771, 44.50105137191713], [-72.9759144410491, 44.501055562868714], [-72.97590312547982, 44.501058580353856], [-72.97589289955795, 44.50106109492481], [-72.9758814163506, 44.50106369331479], [-72.9758695140481, 44.501065872609615], [-72.9758571088314, 44.50106771662831], [-72.97584327869117, 44.50106947682798], [-72.97582852654159, 44.50107065029442], [-72.97581360675395, 44.50107140466571], [-72.9757984355092, 44.50107207521796], [-72.97578267753124, 44.501072661951184], [-72.97576683573425, 44.50107291340828], [-72.9757521674037, 44.501073248684406], [-72.97573800198734, 44.501074589788914], [-72.97572324983776, 44.501077523455024], [-72.9757088329643, 44.50108121149242], [-72.97569491900504, 44.501084983348846], [-72.97568125650287, 44.50108825229108], [-72.97566826455295, 44.50109059922397], [-72.9756567813456, 44.50109160505235], [-72.97564462758601, 44.50109185650945], [-72.97563239000738, 44.50109110213816], [-72.9756205715239, 44.50108942575753], [-72.9756068252027, 44.50108791701496], [-72.97559157013893, 44.50108774937689], [-72.97557673417032, 44.501089341938496], [-72.9755637422204, 44.50109185650945], [-72.97555083408952, 44.50109504163265], [-72.97553666867316, 44.50109931640327], [-72.97552325762808, 44.50110384263098], [-72.97551261261106, 44.50110610574484], [-72.97550423070788, 44.50110426172614], [-72.97549610026181, 44.50109923258424], [-72.97548830509186, 44.501093700528145], [-72.97548143193126, 44.501089844852686], [-72.97547263093293, 44.50108699500561], [-72.97546181827784, 44.50108422897756], [-72.97545125707984, 44.501081965863705], [-72.975441114977, 44.50108020566404], [-72.9754310566932, 44.501078529283404], [-72.97542066313326, 44.501076601445675], [-72.97540959902108, 44.50107450596988], [-72.97539870254695, 44.501072242856026], [-72.9753890633583, 44.50107014738023], [-72.97537917271256, 44.501067800447345], [-72.97536836005747, 44.50106511823833], [-72.97535746358335, 44.501062436029315], [-72.97534681856632, 44.50106017291546], [-72.97533608973026, 44.5010581612587], [-72.97532502561808, 44.50105581432581], [-72.97531379386783, 44.50105279684067], [-72.9753031488508, 44.501049192622304], [-72.97529367730021, 44.50104542076588], [-72.97528512775898, 44.50104164890945], [-72.97527825459838, 44.50103879906237], [-72.97527255490422, 44.50103687122464], [-72.97526584938169, 44.50103494338691], [-72.9752579703927, 44.50103351846337], [-72.97525067813694, 44.50103284791112], [-72.97524363733828, 44.50103175826371], [-72.97523634508252, 44.50103083625436], [-72.9752291366458, 44.50103150680661], [-72.975221760571, 44.50103368610144], [-72.97521287575364, 44.50103720650077], [-72.97520181164145, 44.501041984185576], [-72.97519024461508, 44.501047264784575], [-72.97517817467451, 44.50105246156454], [-72.97516400925815, 44.50105732306838], [-72.97514808364213, 44.501061933115125], [-72.9751337505877, 44.50106562115252], [-72.9751215968281, 44.50106855481863], [-72.9751094430685, 44.50107132084668], [-72.97509653493762, 44.50107358396053], [-72.97508245334029, 44.50107551179826], [-72.97506812028587, 44.5010771881789], [-72.9750547092408, 44.50107844546437], [-72.97504121437669, 44.50107869692147], [-72.97502662986517, 44.501077523455024], [-72.97501095570624, 44.50107500888407], [-72.97499611973763, 44.50107199139893], [-72.97498036175966, 44.50106855481863], [-72.97496192157269, 44.50106461532414], [-72.97494440339506, 44.501061011105776], [-72.97493015415967, 44.50105765834451], [-72.97491732984781, 44.50105355121195], [-72.97490349970758, 44.50104843825102], [-72.97488799318671, 44.5010425709188], [-72.97487282194197, 44.50103661976755], [-72.97485999763012, 44.50103108771145], [-72.9748488496989, 44.50102714821696], [-72.97483711503446, 44.501024801284075], [-72.9748245421797, 44.501023376360536], [-72.97481339424849, 44.501022873446345], [-72.97480450943112, 44.50102320872247], [-72.97479495406151, 44.50102413073182], [-72.97478313557804, 44.50102463364601], [-72.9747708979994, 44.50102404691279], [-72.974759247154, 44.501023376360536], [-72.9747473448515, 44.501023879274726], [-72.97473384998739, 44.501025723293424], [-72.97471893019974, 44.50102848932147], [-72.97470459714532, 44.501031171530485], [-72.97469068318605, 44.50103376992047], [-72.97467593103647, 44.501036535948515], [-72.97465891577303, 44.50103921815753], [-72.9746400564909, 44.50104131363332], [-72.9746226221323, 44.501041984185576], [-72.97460745088756, 44.501041481271386], [-72.97459253109992, 44.50104030780494], [-72.97457702457905, 44.50103879906237], [-72.97455984167755, 44.50103737413883], [-72.9745433293283, 44.50103586539626], [-72.97452899627388, 44.50103444047272], [-72.97451550140977, 44.50103326700628], [-72.9745020903647, 44.501032680273056], [-72.97448717057705, 44.501032177358866], [-72.97447216697037, 44.5010304171592], [-72.97445825301111, 44.5010269805789], [-72.97444542869925, 44.50102228671312], [-72.97443293966353, 44.501016670838], [-72.97441969625652, 44.50101046822965], [-72.97440444119275, 44.50100401416421], [-72.97438885085285, 44.500997476279736], [-72.97437502071261, 44.50099035166204], [-72.9743638727814, 44.500982305034995], [-72.97435423359275, 44.50097409076989], [-72.97434358857572, 44.50096604414284], [-72.97433168627322, 44.500958416610956], [-72.97432037070394, 44.50095263309777], [-72.97431064769626, 44.50094936415553], [-72.97430100850761, 44.50094877742231], [-72.97428952530026, 44.50095095671713], [-72.97427737154067, 44.50095514766872], [-72.97426731325686, 44.500959841534495], [-72.97426018863916, 44.500964703038335], [-72.97425432130694, 44.50097048655152], [-72.97424862161279, 44.50097752735019], [-72.97424300573766, 44.500985741615295], [-72.97423822805285, 44.50099521316588], [-72.97423487529159, 44.50100468471646], [-72.9742327798158, 44.50101273134351], [-72.97423101961613, 44.501020358875394], [-72.97422976233065, 44.501029243692756], [-72.97422892414033, 44.50103972107172], [-72.97422775067389, 44.50105145573616], [-72.97422506846488, 44.501063441857696], [-72.97422029078007, 44.50107383541763], [-72.97421425580978, 44.501081462949514], [-72.97420755028725, 44.501087833195925], [-72.97420076094568, 44.50109504163265], [-72.9741942230612, 44.50110459700227], [-72.97418768517673, 44.5011165831238], [-72.97418022528291, 44.50113016180694], [-72.97417192719877, 44.50114265084267], [-72.9741630423814, 44.50115270912647], [-72.97415348701179, 44.501161677762866], [-72.97414317727089, 44.50117031112313], [-72.97413303516805, 44.50117844156921], [-72.97412306070328, 44.50118640437722], [-72.97411216422915, 44.50119520537555], [-72.97409975901246, 44.501204676926136], [-72.97408693470061, 44.501213394105434], [-72.97407511621714, 44.501220183447], [-72.97406438738108, 44.50122504495084], [-72.97405416145921, 44.50122873298824], [-72.97404502518475, 44.50123191811144], [-72.9740369785577, 44.50123476795852], [-72.97402725555003, 44.50123803690076], [-72.97401535324752, 44.501241724938154], [-72.9740026127547, 44.501244658604264], [-72.97398987226188, 44.50124583207071], [-72.97397704795003, 44.50124583207071], [-72.97396372072399, 44.50124558061361], [-72.97394871711731, 44.501245245337486], [-72.97393220476806, 44.50124491006136], [-72.97391653060913, 44.50124499388039], [-72.97390412539244, 44.501244658604264], [-72.97389473766088, 44.50124390423298], [-72.97388694249094, 44.50124348513782], [-72.97387939877808, 44.50124348513782], [-72.97387026250362, 44.50124356895685], [-72.97385953366756, 44.50124382041395], [-72.97384754754603, 44.50124440714717], [-72.97383480705321, 44.50124583207071], [-72.97382273711264, 44.5012479275465], [-72.97381041571498, 44.501251112669706], [-72.97379692085087, 44.50125521980226], [-72.97378367744386, 44.50125924311578], [-72.97377085313201, 44.50126284733415], [-72.97375744208694, 44.50126603245735], [-72.97374327667058, 44.501268211752176], [-72.97373020090163, 44.501268630847335], [-72.97372005879879, 44.501267122104764], [-72.97371100634336, 44.501264775171876], [-72.9737007804215, 44.50126293115318], [-72.97369013540447, 44.50126217678189], [-72.97368074767292, 44.50126251205802], [-72.9736727848649, 44.50126385316253], [-72.97366582788527, 44.501266619190574], [-72.97365979291499, 44.50127072632313], [-72.97365467995405, 44.50127575546503], [-72.97365023754537, 44.501281874254346], [-72.97364646568894, 44.5012894179672], [-72.97364311292768, 44.50129863806069], [-72.97363967634737, 44.50130945071578], [-72.97363565303385, 44.501320933923125], [-72.97363087534904, 44.50133157894015], [-72.97362525947392, 44.50134105049074], [-72.97361922450364, 44.50135010294616], [-72.9736127704382, 44.50135990977287], [-72.9736053943634, 44.50137114152312], [-72.97359785065055, 44.501382960006595], [-72.9735898040235, 44.50139477849007], [-72.97358041629195, 44.5014067646116], [-72.97357069328427, 44.50141791254282], [-72.97356155700982, 44.50142813846469], [-72.97355267219245, 44.50143811292946], [-72.97354361973703, 44.50144884176552], [-72.97353398054838, 44.50145998969674], [-72.97352467663586, 44.5014707185328], [-72.97351587563753, 44.50148077681661], [-72.97350799664855, 44.50149024836719], [-72.97350103966892, 44.50149955227971], [-72.97349383123219, 44.50150919146836], [-72.97348544932902, 44.50151966884732], [-72.97347530722618, 44.501531487330794], [-72.97346407547593, 44.501543221995234], [-72.97345250844955, 44.50155436992645], [-72.97344119288027, 44.50156442821026], [-72.9734309669584, 44.50157289393246], [-72.9734209086746, 44.501581359654665], [-72.97341118566692, 44.5015899091959], [-72.97340137884021, 44.50159912928939], [-72.97339140437543, 44.501609187573195], [-72.97338109463453, 44.50162033550441], [-72.97337086871266, 44.501632656902075], [-72.9733606427908, 44.501645816490054], [-72.97334999777377, 44.50165788643062], [-72.97333859838545, 44.501667357981205], [-72.97332594171166, 44.50167506933212], [-72.97331286594272, 44.50168227776885], [-72.97329937107861, 44.50168973766267], [-72.97328520566225, 44.50169803574681], [-72.97327045351267, 44.501707004383206], [-72.97325536608696, 44.50171639211476], [-72.97323918901384, 44.501726450398564], [-72.9732224252075, 44.501736257225275], [-72.97320624813437, 44.50174522586167], [-72.97318998724222, 44.50175394304097], [-72.97317347489297, 44.501762576401234], [-72.97315780073404, 44.50177028775215], [-72.97314397059381, 44.50177690945566], [-72.97313131392002, 44.501783614978194], [-72.97311924397945, 44.50179115869105], [-72.97310709021986, 44.50180004350841], [-72.97309518791735, 44.50181026943028], [-72.97308362089097, 44.50182158499956], [-72.97307272441685, 44.501832565292716], [-72.97306274995208, 44.50184262357652], [-72.9730532784015, 44.50185184367001], [-72.97304548323154, 44.50185913592577], [-72.97303961589932, 44.501865254715085], [-72.97303441911936, 44.50187170878053], [-72.97302972525358, 44.501879001036286], [-72.97302578575909, 44.50188746675849], [-72.97302226535976, 44.5018972735852], [-72.97301941551268, 44.501907331869006], [-72.97301690094173, 44.50191722251475], [-72.97301455400884, 44.501927364617586], [-72.9730115365237, 44.50193767435849], [-72.9730062559247, 44.50194890610874], [-72.97299879603088, 44.50196164660156], [-72.97299024648964, 44.50197489000857], [-72.97298069112003, 44.501987965777516], [-72.97297046519816, 44.5020008739084], [-72.97296023927629, 44.502013279125094], [-72.9729507677257, 44.502025097608566], [-72.97294205054641, 44.50203641317785], [-72.97293308191001, 44.502046555280685], [-72.9729235265404, 44.50205518864095], [-72.97291304916143, 44.50206373818219], [-72.97290139831603, 44.50207379646599], [-72.97289008274674, 44.50208486057818], [-72.97287985682487, 44.5020957570523], [-72.97287088818848, 44.50210589915514], [-72.97286443412304, 44.50211436487734], [-72.97285999171436, 44.50212157331407], [-72.9728558845818, 44.50212903320789], [-72.97285135835409, 44.50213808566332], [-72.97284641303122, 44.502148646861315], [-72.97284138388932, 44.502159878611565], [-72.97283585183322, 44.502170607447624], [-72.97283006832004, 44.50217982754111], [-72.97282403334975, 44.502188209444284], [-72.97281757928431, 44.50219675898552], [-72.97281087376177, 44.50220597907901], [-72.9728043358773, 44.502216037362814], [-72.97279913909733, 44.50222567655146], [-72.97279545105994, 44.50223439373076], [-72.97279201447964, 44.502243027091026], [-72.97278891317546, 44.50225283391774], [-72.97278606332839, 44.50226423330605], [-72.97278354875743, 44.502276722341776], [-72.97278153710067, 44.50228862464428], [-72.9727802798152, 44.50229851529002], [-72.97278044745326, 44.50230681337416], [-72.97278195619583, 44.50231502763927], [-72.97278396785259, 44.50232324190438], [-72.97278564423323, 44.502330450341105], [-72.97278673388064, 44.502336317673326], [-72.97278765588999, 44.50234134681523], [-72.97278882935643, 44.50234595686197], [-72.97279075719416, 44.502350399270654], [-72.97279385849833, 44.502354422584176], [-72.97279830090702, 44.502357859164476], [-72.9728043358773, 44.502361211925745], [-72.97281162813306, 44.50236439704895], [-72.97281933948398, 44.50236733071506], [-72.97282797284424, 44.50237009674311], [-72.97283719293773, 44.502372946590185], [-72.9728460777551, 44.502375880256295], [-72.97285580076277, 44.50237956829369], [-72.97286761924624, 44.5023840945214], [-72.9728804435581, 44.50238828547299], [-72.97289268113673, 44.5023912191391], [-72.97290550544858, 44.502393985167146], [-72.97292025759816, 44.50239700265229], [-72.9729354288429, 44.50240010395646], [-72.9729491751641, 44.50240253470838], [-72.97296141274273, 44.502404211089015], [-72.97297356650233, 44.50240555219352], [-72.97298672609031, 44.50240647420287], [-72.97300131060183, 44.502406641840935], [-72.9730168171227, 44.502405636012554], [-72.97303131781518, 44.50240362435579], [-72.97304523177445, 44.502401277422905], [-72.97305973246694, 44.50239918194711], [-72.9730752389878, 44.50239750556648], [-72.97309233807027, 44.50239608064294], [-72.97311019152403, 44.5023946557194], [-72.97312896698713, 44.50239256024361], [-72.97314782626927, 44.5023896265775], [-72.97316576354206, 44.502386609092355], [-72.97318244352937, 44.50238501653075], [-72.9731978662312, 44.50238484889269], [-72.9732137080282, 44.502385184168816], [-72.97323047183454, 44.502385687083006], [-72.9732480738312, 44.50238635763526], [-72.97326617874205, 44.502387531101704], [-72.97328596003354, 44.502389123663306], [-72.9733067471534, 44.50239080004394], [-72.97332719899714, 44.502392476424575], [-72.97334605827928, 44.502394488081336], [-72.97336206771433, 44.502396918833256], [-72.97337631694973, 44.50239909812808], [-72.97339148819447, 44.50240094214678], [-72.97340942546725, 44.502402786165476], [-72.97342979349196, 44.50240504927933], [-72.97345041297376, 44.50240823440254], [-72.97347052954137, 44.502412509173155], [-72.97348922118545, 44.5024171192199], [-72.97350606881082, 44.50242198072374], [-72.97352207824588, 44.502427177503705], [-72.97353833913803, 44.50243237428367], [-72.9735556896776, 44.502437487244606], [-72.97357345931232, 44.502442851662636], [-72.97359022311866, 44.50244930572808], [-72.97360472381115, 44.50245718471706], [-72.97361603938043, 44.50246556662023], [-72.97362484037876, 44.50247336179018], [-72.97363322228193, 44.502480486407876], [-72.97364286147058, 44.5024879463017], [-72.97365493141115, 44.502496076747775], [-72.97366817481816, 44.502504374831915], [-72.9736799094826, 44.50251149944961], [-72.97368980012834, 44.5025172829628], [-72.9737002775073, 44.50252306647599], [-72.97371234744787, 44.502530274912715], [-72.97372424975038, 44.50253874063492], [-72.97373556531966, 44.50254754163325], [-72.97374721616507, 44.50255625881255], [-72.97376020811498, 44.502565898001194], [-72.97377412207425, 44.50257553718984], [-72.97378862276673, 44.50258475728333], [-72.97380262054503, 44.50259389355779], [-72.9738144390285, 44.502602526918054], [-72.97382466495037, 44.50261157937348], [-72.97383430413902, 44.50262138620019], [-72.97384385950863, 44.502631444483995], [-72.9738540854305, 44.5026415027678], [-72.97386456280947, 44.50265172868967], [-72.97387487255037, 44.50266228988767], [-72.97388459555805, 44.50267259962857], [-72.97389482147992, 44.50268265791237], [-72.97390714287758, 44.50269313529134], [-72.97392088919878, 44.5027038641274], [-72.9739338811487, 44.502714425325394], [-72.97394569963217, 44.5027244836092], [-72.97395651228726, 44.50273361988366], [-72.9739661514759, 44.50274200178683], [-72.97397562302649, 44.502750718966126], [-72.97398643568158, 44.50276010669768], [-72.97399842180312, 44.50277050025761], [-72.97401074320078, 44.502781983464956], [-72.97402281314135, 44.502793634310365], [-72.97403454780579, 44.50280419550836], [-72.97404603101313, 44.50281341560185], [-72.97405776567757, 44.50282171368599], [-72.97407033853233, 44.5028299279511], [-72.97408408485353, 44.502838561311364], [-72.97409875318408, 44.502847949042916], [-72.9741133376956, 44.50285750441253], [-72.97412632964551, 44.50286672450602], [-72.97413638792932, 44.502875776961446], [-72.97414393164217, 44.502884997054935], [-72.9741508886218, 44.502894300967455], [-72.9741582646966, 44.50290293432772], [-72.97416689805686, 44.50291156768799], [-72.97417771071196, 44.50292145833373], [-72.97418969683349, 44.50293210335076], [-72.97420151531696, 44.50294249691069], [-72.97421274706721, 44.5029525551945], [-72.97422364354134, 44.50296294875443], [-72.97423462383449, 44.502973929047585], [-72.97424493357539, 44.50298490934074], [-72.97425423748791, 44.50299555435777], [-72.97426446340978, 44.50300611555576], [-72.97427678480744, 44.503016509115696], [-72.97429128549993, 44.50302665121853], [-72.97430695965886, 44.50303670950234], [-72.97432254999876, 44.50304710306227], [-72.97433713451028, 44.50305741280317], [-72.97435021027923, 44.50306696817279], [-72.97436219640076, 44.503076020628214], [-72.97437309287488, 44.50308457016945], [-72.97438331879675, 44.50309261679649], [-72.97439337708056, 44.50310057960451], [-72.97440360300243, 44.50310896150768], [-72.97441475093365, 44.5031182654202], [-72.97442723996937, 44.50312849134207], [-72.97444031573832, 44.503139136359096], [-72.97445330768824, 44.503149865195155], [-72.97446646727622, 44.503159588202834], [-72.97448004595935, 44.50316805392504], [-72.97449421137571, 44.50317542999983], [-72.9745087120682, 44.503182135522366], [-72.97452346421778, 44.50318858958781], [-72.9745396412909, 44.50319504365325], [-72.97455766238272, 44.503201162442565], [-72.9745758511126, 44.50320661067963], [-72.97459345310926, 44.5032115560025], [-72.97461021691561, 44.50321666896343], [-72.9746247176081, 44.503221698105335], [-72.97463863156736, 44.503226643428206], [-72.97465371899307, 44.503231924027205], [-72.97466872259974, 44.5032374560833], [-72.97468372620642, 44.50324290432036], [-72.97469973564148, 44.503248520195484], [-72.97471683472395, 44.50325405225158], [-72.97473376616836, 44.50325916521251], [-72.97475019469857, 44.50326343998313], [-72.97476628795266, 44.503267547115684], [-72.97478095628321, 44.50327173806727], [-72.97479394823313, 44.50327626429498], [-72.97480635344982, 44.50328095816076], [-72.97481901012361, 44.503285652026534], [-72.97483242116868, 44.50329026207328], [-72.97484683804214, 44.503294955939054], [-72.97486217692494, 44.50329973362386], [-72.97487726435065, 44.50330417603254], [-72.97489142976701, 44.50330845080316], [-72.9749056790024, 44.503313060849905], [-72.97492001205683, 44.50331767089665], [-72.97493325546384, 44.50332194566727], [-72.97494591213763, 44.50332588516176], [-72.97495873644948, 44.503329740837216], [-72.9749730695039, 44.503334015607834], [-72.97498958185315, 44.50333929620683], [-72.97500710003078, 44.503345834091306], [-72.9750232771039, 44.50335304252803], [-72.97503710724413, 44.50336125679314], [-72.97504842281342, 44.50336938723922], [-72.97505848109722, 44.50337667949498], [-72.97506929375231, 44.50338422320783], [-72.97508136369288, 44.50339294038713], [-72.97509427182376, 44.50340257957578], [-72.9751078505069, 44.503412302583456], [-72.9751215968281, 44.50342160649598], [-72.97513450495899, 44.50343040749431], [-72.97514732927084, 44.50343945994973], [-72.97516132704914, 44.50344926677644], [-72.97517448663712, 44.50345949269831], [-72.97518588602543, 44.503469383344054], [-72.9751963634044, 44.503478687256575], [-72.97520650550723, 44.503487739712], [-72.97521790489554, 44.50349737890065], [-72.97523165121675, 44.50350718572736], [-72.9752460680902, 44.50351615436375], [-72.97525947913527, 44.50352353043854], [-72.97527213580906, 44.50352964922786], [-72.97528454102576, 44.503535432741046], [-72.97529635950923, 44.503542222082615], [-72.97530725598335, 44.503550603985786], [-72.97531865537167, 44.50355990789831], [-72.97533072531223, 44.503569044172764], [-72.97534338198602, 44.50357776135206], [-72.97535587102175, 44.503586227074265], [-72.97536727041006, 44.50359460897744], [-72.97537866979837, 44.50360307469964], [-72.97539166174829, 44.50361154042184], [-72.97540616244078, 44.503620341420174], [-72.97541999258101, 44.50362981297076], [-72.97543147578835, 44.50363978743553], [-72.97543960623443, 44.50364984571934], [-72.97544371336699, 44.50365940108895], [-72.97544471919537, 44.503669207915664], [-72.97544463537633, 44.503680020570755], [-72.97544253990054, 44.50369292870164], [-72.97543725930154, 44.50370659120381], [-72.97542938031256, 44.5037189964205], [-72.97541974112391, 44.503730814903975], [-72.97540901228786, 44.50374246574938], [-72.97539710998535, 44.50375470332801], [-72.97538504004478, 44.50376677326858], [-72.97537364065647, 44.50377901084721], [-72.97536249272525, 44.50379200279713], [-72.9753517638892, 44.50380432419479], [-72.97534078359604, 44.50381547212601], [-72.97532921656966, 44.50382494367659], [-72.97531764954329, 44.503832990303636], [-72.97530692070723, 44.503840785473585], [-72.9752965271473, 44.50384967029095], [-72.97528638504446, 44.50386048294604], [-72.97527641057968, 44.50387272052467], [-72.97526626847684, 44.503885209560394], [-72.97525604255497, 44.50389727950096], [-72.97524564899504, 44.5039090141654], [-72.97523584216833, 44.50391982682049], [-72.97522762790322, 44.50392846018076], [-72.9752201680094, 44.503936003893614], [-72.975211199373, 44.50394455343485], [-72.97520055435598, 44.50395486317575], [-72.97518932260573, 44.50396676547825], [-72.97517850995064, 44.50397967360914], [-72.9751683678478, 44.50399308465421], [-72.97515847720206, 44.504005489870906], [-72.97514825128019, 44.50401655398309], [-72.9751374386251, 44.50402761809528], [-72.97512696124613, 44.50403826311231], [-72.97511698678136, 44.50404823757708], [-72.97510667704046, 44.50405879877508], [-72.97509552910924, 44.504070449620485], [-72.97508387826383, 44.50408335775137], [-72.97507264651358, 44.50409559533], [-72.9750613309443, 44.504106575623155], [-72.97504926100373, 44.50411671772599], [-72.9750372748822, 44.50412535108626], [-72.97502587549388, 44.50413356535137], [-72.97501548193395, 44.5041421148926], [-72.97500567510724, 44.504151586443186], [-72.97499528154731, 44.504162231460214], [-72.9749849718064, 44.504173044115305], [-72.97497591935098, 44.504183772951365], [-72.97496854327619, 44.50419366359711], [-72.97496250830591, 44.50420162640512], [-72.97495680861175, 44.50420799665153], [-72.97494943253696, 44.50421528890729], [-72.97493962571025, 44.504225095734], [-72.97492889687419, 44.50423674657941], [-72.97491800040007, 44.504249235615134], [-72.97490660101175, 44.50426264666021], [-72.97489570453763, 44.50427547097206], [-72.9748871549964, 44.504285864531994], [-72.97488078474998, 44.504294246435165], [-72.9748744983226, 44.50430220924318], [-72.9748665355146, 44.504311261698604], [-72.97485723160207, 44.50432073324919], [-72.9748475085944, 44.504330875352025], [-72.97483795322478, 44.50434193946421], [-72.97482873313129, 44.50435417704284], [-72.9748197644949, 44.50436742044985], [-72.97481163404882, 44.504380244761705], [-72.97480400651693, 44.50439273379743], [-72.97479654662311, 44.504404719918966], [-72.97479026019573, 44.504415448755026], [-72.97478556632996, 44.50442584231496], [-72.97478043434224, 44.504443820703386]]}}, {"type": "Feature", "properties": {"name": "walk-07", "distance_km": 1.86, "points": 1469, "clipped": true}, "geometry": {"type": "LineString", "coordinates": [[-72.97475991549695, 44.50444091001809], [-72.97476679086685, 44.50443581677973], [-72.974764527753, 44.50443129055202], [-72.9747537150979, 44.504426596686244], [-72.97474281862378, 44.50442215427756], [-72.97473703511059, 44.50441754423082], [-72.97474105842412, 44.50441209599376], [-72.97475203871727, 44.50440337881446], [-72.97476226463914, 44.50439122505486], [-72.97477106563747, 44.504378316923976], [-72.9747782740742, 44.50436549261212], [-72.97478439286351, 44.504351913928986], [-72.97479084692895, 44.504337161779404], [-72.9747986420989, 44.50432190671563], [-72.97480727545917, 44.50430656783283], [-72.9748163279146, 44.50429039075971], [-72.97482563182712, 44.504274213686585], [-72.97483468428254, 44.50425870716572], [-72.97484440729022, 44.50424420647323], [-72.97485505230725, 44.50423154979944], [-72.97486636787653, 44.50422174297273], [-72.97487868927419, 44.504214031621814], [-72.97489084303379, 44.50420598499477], [-72.97490182332695, 44.50419609434903], [-72.97491163015366, 44.50418511405587], [-72.97492009587586, 44.504174469038844], [-72.97492789104581, 44.50416407547891], [-72.97493610531092, 44.50415334664285], [-72.97494482249022, 44.50414345599711], [-72.97495387494564, 44.50413465499878], [-72.97496284358203, 44.50412593781948], [-72.97497189603746, 44.50411604717374], [-72.97498128376901, 44.50410422869027], [-72.9749905038625, 44.504091488197446], [-72.97499989159405, 44.50407908298075], [-72.97501036897302, 44.50406776741147], [-72.97502210363746, 44.50405745767057], [-72.97503408975899, 44.50404806993902], [-72.97504557296634, 44.5040385145694], [-72.97505638562143, 44.504027869552374], [-72.97506677918136, 44.504016218706965], [-72.97507599927485, 44.50400473549962], [-72.97508345916867, 44.503994677215815], [-72.97508991323411, 44.50398579239845], [-72.97509745694697, 44.503976656123996], [-72.97510709613562, 44.50396701693535], [-72.97511799260974, 44.503957126289606], [-72.97512939199805, 44.5039470680058], [-72.9751408752054, 44.503936590626836], [-72.97515244223177, 44.50392502360046], [-72.97516250051558, 44.50391320511699], [-72.97517113387585, 44.5039021410048], [-72.97518060542643, 44.50389149598777], [-72.97519125044346, 44.50388059951365], [-72.97520239837468, 44.50386928394437], [-72.97521346248686, 44.50385780073702], [-72.97522377222776, 44.50384648516774], [-72.97523299232125, 44.503835421055555], [-72.97524145804346, 44.50382502749562], [-72.97525042667985, 44.50381496921182], [-72.97526031732559, 44.503805162385106], [-72.97527087852359, 44.50379602611065], [-72.97528152354062, 44.503787057474256], [-72.97529166564345, 44.5037776697427], [-72.9753013048321, 44.503767443820834], [-72.9753102734685, 44.503755792975426], [-72.97531815245748, 44.503743555396795], [-72.97532502561808, 44.50373123399913], [-72.97533106058836, 44.50371933169663], [-72.97533659264445, 44.50370809994638], [-72.97534178942442, 44.50369846075773], [-72.97534673474729, 44.50369016267359], [-72.97535209916532, 44.50368169695139], [-72.97535939142108, 44.50367289595306], [-72.97536970116198, 44.50366367585957], [-72.97538168728352, 44.50365479104221], [-72.97539350576699, 44.5036465767771], [-72.97540348023176, 44.503639033064246], [-72.975412029773, 44.50363090261817], [-72.9754223395139, 44.50362076051533], [-72.9754342418164, 44.50361103750765], [-72.97544606029987, 44.50360399670899], [-72.97545720823109, 44.50359812937677], [-72.97546760179102, 44.50359184294939], [-72.97547824680805, 44.503584215417504], [-72.97548989765346, 44.503575414419174], [-72.97550154849887, 44.50356694869697], [-72.97551361843944, 44.503561249002814], [-72.97552736476064, 44.50355772860348], [-72.97554211691022, 44.50355378910899], [-72.9755568690598, 44.503548592329025], [-72.97557204030454, 44.50354163534939], [-72.97558788210154, 44.50353325344622], [-72.97560322098434, 44.5035255420953], [-72.97561705112457, 44.503519758582115], [-72.97563062980771, 44.50351472944021], [-72.97564613632858, 44.50350936502218], [-72.9756636545062, 44.50350450351834], [-72.97568150795996, 44.503501653671265], [-72.97569860704243, 44.503500647842884], [-72.97571444883943, 44.50350056402385], [-72.97573003917933, 44.50350098311901], [-72.97574755735695, 44.50350232422352], [-72.97576482407749, 44.50350542552769], [-72.97577764838934, 44.50350978411734], [-72.97578561119735, 44.50351355597377], [-72.97579114325345, 44.50351623818278], [-72.97579600475729, 44.503517830744386], [-72.97580095008016, 44.503518752753735], [-72.97580673359334, 44.50351967476308], [-72.9758145287633, 44.50352084822953], [-72.97582592815161, 44.503522692248225], [-72.97584093175828, 44.50352537445724], [-72.9758571088314, 44.50352889485657], [-72.97587244771421, 44.50353350490332], [-72.97588661313057, 44.50353945605457], [-72.9758991021663, 44.50354624539614], [-72.9759110044688, 44.5035535376519], [-72.97592399641871, 44.50356166809797], [-72.97593883238733, 44.503571055829525], [-72.97595391981304, 44.50358069501817], [-72.97596842050552, 44.503590669482946], [-72.9759818315506, 44.503600895404816], [-72.97599306330085, 44.50360978022218], [-72.97600328922272, 44.50361765921116], [-72.976014604792, 44.503625789657235], [-72.97602784819901, 44.50363484211266], [-72.97604218125343, 44.50364364311099], [-72.97605760395527, 44.503652108833194], [-72.97607470303774, 44.50366074219346], [-72.97609347850084, 44.50366962701082], [-72.97611166723073, 44.503677589818835], [-72.97612918540835, 44.50368513353169], [-72.9761454463005, 44.503692677244544], [-72.97615936025977, 44.50369946658611], [-72.97617302276194, 44.50370583683252], [-72.97618702054024, 44.503711285069585], [-72.97620177268982, 44.50371606275439], [-72.97621736302972, 44.50372042134404], [-72.97623312100768, 44.50372436083853], [-72.97624854370952, 44.50372804887593], [-72.97626287676394, 44.50373165309429], [-72.97627452760935, 44.50373500585556], [-72.97628399915993, 44.50373777188361], [-72.97629414126277, 44.503739699721336], [-72.97630621120334, 44.50374120846391], [-72.97631903551519, 44.50374288484454], [-72.97633152455091, 44.50374481268227], [-72.97634493559599, 44.50374707579613], [-72.97636069357395, 44.503749925643206], [-72.97637837938964, 44.50375311076641], [-72.9763964843005, 44.50375596061349], [-72.97641425393522, 44.503758642822504], [-72.97643068246543, 44.50376140885055], [-72.97644560225308, 44.50376442633569], [-72.97645909711719, 44.50376777909696], [-72.97647301107645, 44.50377146713436], [-72.97648960724473, 44.503775825724006], [-72.97650846652687, 44.50378060340881], [-72.97652774490416, 44.50378529727459], [-72.97654534690082, 44.503789991140366], [-72.97656152397394, 44.503794852644205], [-72.97657703049481, 44.50379988178611], [-72.9765928722918, 44.5038054138422], [-72.97660955227911, 44.5038122870028], [-72.97662489116192, 44.50382058508694], [-72.97663654200733, 44.50382988899946], [-72.97664425335824, 44.50383894145489], [-72.97664978541434, 44.50384782627225], [-72.97665573656559, 44.503856878727674], [-72.97666311264038, 44.50386693701148], [-72.97667174600065, 44.503877917304635], [-72.97668121755123, 44.50388831086457], [-72.976691192016, 44.503898452967405], [-72.97670133411884, 44.503908678889275], [-72.97671181149781, 44.50391907244921], [-72.97672186978161, 44.5039296336472], [-72.97673092223704, 44.50393985956907], [-72.9767384659499, 44.50394941493869], [-72.97674441710114, 44.50395838357508], [-72.97674936242402, 44.50396718457341], [-72.97675506211817, 44.50397690758109], [-72.97676243819296, 44.50398755259812], [-72.97677207738161, 44.503998616710305], [-72.97678356058896, 44.50400867499411], [-72.97679613344371, 44.50401781126857], [-72.97680770047009, 44.504026528447866], [-72.97681700438261, 44.504034826532006], [-72.97682505100965, 44.504043124616146], [-72.97683427110314, 44.50405209325254], [-72.97684642486274, 44.50406190007925], [-72.97686033882201, 44.50407179072499], [-72.97687374986708, 44.504081178456545], [-72.97688473016024, 44.50409014709294], [-72.97689302824438, 44.504099702462554], [-72.97689964994788, 44.50411034747958], [-72.9769057687372, 44.504122165963054], [-72.97691222280264, 44.50413532555103], [-72.97691934742033, 44.50414932332933], [-72.97692731022835, 44.504163237288594], [-72.97693468630314, 44.50417581014335], [-72.97693912871182, 44.504186203703284], [-72.97694122418761, 44.504194585606456], [-72.97694399021566, 44.50420212931931], [-72.97694943845272, 44.50421042740345], [-72.9769573174417, 44.50421906076372], [-72.97696737572551, 44.504227275028825], [-72.97697961330414, 44.50423481874168], [-72.9769935272634, 44.50424177572131], [-72.97700760886073, 44.50424806214869], [-72.97702160663903, 44.50425359420478], [-72.97703602351248, 44.50425870716572], [-72.97705094330013, 44.50426373630762], [-72.97706636600196, 44.50426851399243], [-72.97708237543702, 44.50427354313433], [-72.9770976305008, 44.5042787399143], [-72.97711213119328, 44.50428418815136], [-72.97712688334286, 44.50428963638842], [-72.97714238986373, 44.50429491698742], [-72.97715806402266, 44.50430036522448], [-72.97717365436256, 44.504305981099606], [-72.97718991525471, 44.50431218370795], [-72.97720659524202, 44.50431880541146], [-72.97722394578159, 44.50432542711496], [-72.977240877226, 44.50433095917106], [-72.97725537791848, 44.50433498248458], [-72.97726769931614, 44.504338167607784], [-72.97727901488543, 44.5043408498168], [-72.97729150392115, 44.50434336438775], [-72.9773059207946, 44.50434562750161], [-72.97732092440128, 44.50434688478708], [-72.97733626328409, 44.50434680096805], [-72.97735193744302, 44.50434629805386], [-72.97736752778292, 44.50434571132064], [-72.97738236375153, 44.50434487313032], [-72.97739585861564, 44.50434378348291], [-72.97740801237524, 44.5043426938355], [-72.97741916030645, 44.50434185564518], [-72.97743106260896, 44.50434126891196], [-72.97744506038725, 44.5043408498168], [-72.97746039927006, 44.504340598359704], [-72.97747540287673, 44.504340598359704], [-72.97748973593116, 44.50434101745486], [-72.97750339843333, 44.50434193946421], [-72.97751630656421, 44.50434336438775], [-72.97752879559994, 44.504345543682575], [-72.97754103317857, 44.50434814207256], [-72.97755394130945, 44.50435174629092], [-72.97756936401129, 44.50435694307089], [-72.97758646309376, 44.504364067688584], [-72.97760238870978, 44.504372365772724], [-72.97761579975486, 44.50438099913299], [-72.97762812115252, 44.504389548674226], [-72.97764052636921, 44.50439759530127], [-72.977653183043, 44.504405139014125], [-72.97766642645001, 44.50441318564117], [-72.97767950221896, 44.50442156754434], [-72.97769065015018, 44.50442936271429], [-72.9776997026056, 44.50443631969392], [-72.97770850360394, 44.504443276673555], [-72.97771847806871, 44.50445174239576], [-72.97772970981896, 44.50446121394634], [-72.97774136066437, 44.50447076931596], [-72.97775208950043, 44.50447957031429], [-72.97776189632714, 44.504487784579396], [-72.97777187079191, 44.504496585577726], [-72.97778301872313, 44.50450597330928], [-72.97779559157789, 44.504515612497926], [-72.97781051136553, 44.50452525168657], [-72.97782727517188, 44.5045340526849], [-72.977843452245, 44.504541428759694], [-72.97785803675652, 44.504547799006104], [-72.97787245362997, 44.50455383397639], [-72.97788762487471, 44.5045599527657], [-72.97790254466236, 44.504566406831145], [-72.97791687771678, 44.50457361526787], [-72.97793037258089, 44.504581075161695], [-72.97794302925467, 44.50458853505552], [-72.97795442864299, 44.50459557585418], [-72.97796490602195, 44.50460244901478], [-72.97797647304833, 44.50460999272764], [-72.97799047082663, 44.50461803935468], [-72.97800580970943, 44.50462608598173], [-72.97802098095417, 44.50463371351361], [-72.97803564928472, 44.50464075431228], [-72.97805048525333, 44.50464729219675], [-72.97806548886001, 44.50465374626219], [-72.97808091156185, 44.5046601165086], [-72.9780969209969, 44.504666067659855], [-72.97811402007937, 44.50467185117304], [-72.97813128679991, 44.5046775508672], [-72.97814779914916, 44.50468333438039], [-72.97816330567002, 44.504689536988735], [-72.97817797400057, 44.50469615869224], [-72.97819239087403, 44.50470336712897], [-72.97820622101426, 44.50471116229892], [-72.97821929678321, 44.504718873649836], [-72.97823145054281, 44.504726165905595], [-72.97824142500758, 44.50473261997104], [-72.97824712470174, 44.504737397655845], [-72.97824922017753, 44.50474091805518], [-72.97824989072978, 44.50474385172129], [-72.97824947163463, 44.50474611483514], [-72.97824813053012, 44.504747707396746], [-72.97824611887336, 44.50474904850125], [-72.9782436043024, 44.504750557243824], [-72.9782406706363, 44.50475240126252], [-72.97823756933212, 44.50475424528122], [-72.97823455184698, 44.504755921661854], [-72.97823212109506, 44.50475759804249], [-72.97823086380959, 44.50475969351828], [-72.97823044471443, 44.50476153753698], [-72.97823052853346, 44.50476220808923], [-72.97823094762862, 44.504761872813106], [-72.97823153436184, 44.504761369898915], [-72.97823186963797, 44.50476145371795], [-72.97823178581893, 44.50476145371795], [-72.97823145054281, 44.50476111844182], [-72.97823044471443, 44.50476111844182], [-72.97822935506701, 44.50476111844182], [-72.97822901979089, 44.504760447889566], [-72.97822910360992, 44.50475902296603], [-72.97822918742895, 44.504757514223456], [-72.97822960652411, 44.50475575402379], [-72.9782303608954, 44.504753658548], [-72.97823145054281, 44.504751563072205], [-72.97823346219957, 44.50474879704416], [-72.97823681496084, 44.504744689911604], [-72.97824142500758, 44.50473999604583], [-72.97824695706367, 44.50473572127521], [-72.97825240530074, 44.50473312288523], [-72.97825718298554, 44.504732536152005], [-72.97826221212745, 44.504733458161354], [-72.97826833091676, 44.504735469818115], [-72.97827696427703, 44.50473957695067], [-72.97828827984631, 44.50474645011127], [-72.97830043360591, 44.50475508347154], [-72.97831216827035, 44.5047639682889], [-72.97832331620157, 44.504772098734975], [-72.97833412885666, 44.504778971895576], [-72.97834494151175, 44.504784755408764], [-72.97835701145232, 44.50479028746486], [-72.97837067395449, 44.50479565188289], [-72.97838584519923, 44.504800513386726], [-72.97840151935816, 44.504804285243154], [-72.97841744497418, 44.50480688363314], [-72.97843353822827, 44.5048088952899], [-72.9784476198256, 44.504810152575374], [-72.97845910303295, 44.504810739308596], [-72.97847175970674, 44.50481057167053], [-72.9784872662276, 44.50480906292796], [-72.97850277274847, 44.50480621308088], [-72.97851568087935, 44.50480269268155], [-72.97852573916316, 44.504798585549], [-72.97853571362793, 44.50479431077838], [-72.9785475321114, 44.50478978455067], [-72.97856161370873, 44.504785258322954], [-72.97857728786767, 44.50478073209524], [-72.97859421931207, 44.50477628968656], [-72.97861064784229, 44.5047724340111], [-72.97862464562058, 44.504769667983055], [-72.97863654792309, 44.50476799160242], [-72.97864811494946, 44.504767153412104], [-72.978660101071, 44.50476706959307], [-72.97867183573544, 44.50476698577404], [-72.97868155874312, 44.504766231402755], [-72.97868935391307, 44.50476463884115], [-72.97869714908302, 44.50476204045117], [-72.97870712354779, 44.50475835241377], [-72.9787187743932, 44.50475374236703], [-72.97872983850539, 44.50474854558706], [-72.97873956151307, 44.50474309735], [-72.9787481110543, 44.504737397655845], [-72.97875590622425, 44.50473169796169], [-72.97876311466098, 44.50472541153431], [-72.97877049073577, 44.50471761636436], [-72.97877702862024, 44.504708563908935], [-72.97878163866699, 44.50469900853932], [-72.97878348268569, 44.50468987226486], [-72.97878289595246, 44.504681238904595], [-72.97878080047667, 44.50467235408723], [-72.97877753153443, 44.50466204434633], [-72.97877300530672, 44.5046498067677], [-72.97876730561256, 44.504636228084564], [-72.97876093536615, 44.504622649401426], [-72.97875422984362, 44.50461074709892], [-72.97874702140689, 44.50460026971996], [-72.97874048352242, 44.5045911334455], [-72.97873503528535, 44.5045824162662], [-72.97872950322926, 44.504572274163365], [-72.97872439026833, 44.50456079095602], [-72.97872003167868, 44.504548804834485], [-72.97871575690806, 44.50453681871295], [-72.97871072776616, 44.50452500022948], [-72.97870486043394, 44.50451301410794], [-72.97869932837784, 44.50450060889125], [-72.97869429923594, 44.50448837131262], [-72.97868901863694, 44.50447713956237], [-72.97868348658085, 44.50446682982147], [-72.97867812216282, 44.504457442089915], [-72.97867267392576, 44.504449060186744], [-72.97866647131741, 44.504440845921636], [-72.97865943051875, 44.504432044923306], [-72.97865130007267, 44.504421819001436], [-72.97864216379821, 44.50441033579409], [-72.97863252460957, 44.5043976791203], [-72.97862338833511, 44.504385106265545], [-72.97861525788903, 44.50437278486788], [-72.97860712744296, 44.50435979291797], [-72.97859941609204, 44.504347555339336], [-72.97859254293144, 44.50433707796037], [-72.97858650796115, 44.5043268520385], [-72.97858164645731, 44.50431612320244], [-72.97857753932476, 44.50430472381413], [-72.97857309691608, 44.50429298914969], [-72.97856731340289, 44.50428066775203], [-72.97856002114713, 44.50426792725921], [-72.97855205833912, 44.50425527058542], [-72.97854417935014, 44.50424370355904], [-72.97853730618954, 44.504233645275235], [-72.97853110358119, 44.50422367081046], [-72.97852448187768, 44.50421243906021], [-72.97851769253612, 44.5042007882148], [-72.97851140610874, 44.50418880209327], [-72.97850579023361, 44.50417606160045], [-72.97850076109171, 44.50416290201247], [-72.97849640250206, 44.50415024533868], [-72.97849271446466, 44.50413909740746], [-72.97848978079855, 44.50412887148559], [-72.97848667949438, 44.504117388278246], [-72.97848282381892, 44.50410489924252], [-72.9784785490483, 44.50409316457808], [-72.97847435809672, 44.504082100465894], [-72.97847075387836, 44.50407120399177], [-72.97846723347902, 44.50405905023217], [-72.97846245579422, 44.504045471549034], [-72.97845600172877, 44.50403214432299], [-72.97844837419689, 44.504020158201456], [-72.97844066284597, 44.50400901027024], [-72.9784336220473, 44.5039988681674], [-72.9784270003438, 44.503989312797785], [-72.97842071391642, 44.50397992506623], [-72.97841493040323, 44.50397045351565], [-72.97840973362327, 44.50396031141281], [-72.97840395011008, 44.50394949875772], [-72.97839690931141, 44.50393826700747], [-72.97838844358921, 44.50392636470497], [-72.97837922349572, 44.50391437858343], [-72.97837033867836, 44.50390323065221], [-72.97836271114647, 44.50389292091131], [-72.97835667617619, 44.50388303026557], [-72.97835164703429, 44.50387246906757], [-72.9783461149782, 44.50386056676507], [-72.9783392418176, 44.50384723953903], [-72.97833153046668, 44.503833912312984], [-72.97832356765866, 44.50382092036307], [-72.97831594012678, 44.503808598965406], [-72.97830948606133, 44.50379703193903], [-72.9783041216433, 44.50378529727459], [-72.97829900868237, 44.50377305969596], [-72.9782943148166, 44.50376023538411], [-72.97829004004598, 44.50374657288194], [-72.9782853461802, 44.50373173691332], [-72.97828023321927, 44.50371757149696], [-72.9782752878964, 44.5037052500993], [-72.97827017493546, 44.503694185987115], [-72.97826506197453, 44.50368429534137], [-72.97826028428972, 44.50367499142885], [-72.97825567424297, 44.5036656036973], [-72.978250477463, 44.50365579687059], [-72.97824393957853, 44.50364523567259], [-72.97823572531343, 44.50363450683653], [-72.97822650521994, 44.50362344272435], [-72.9782179556787, 44.50361246243119], [-72.97821091488004, 44.503602320328355], [-72.97820479609072, 44.50359276495874], [-72.97819842584431, 44.50358354486525], [-72.97819163650274, 44.503573989495635], [-72.97818434424698, 44.503563679754734], [-72.97817680053413, 44.503552448004484], [-72.97816992737353, 44.50354163534939], [-72.97816447913647, 44.50353216379881], [-72.97815970145166, 44.503523111343384], [-72.97815416939557, 44.503512969240546], [-72.97814721241593, 44.50350198894739], [-72.97813908196986, 44.50349084101617], [-72.97813070006669, 44.50347893871367], [-72.97812340781093, 44.50346636585891], [-72.97811737284064, 44.503453373909], [-72.97811083495617, 44.50344071723521], [-72.97810303978622, 44.503428312018514], [-72.97809465788305, 44.50341548770666], [-72.97808610834181, 44.50340224429965], [-72.97807764261961, 44.503389252349734], [-72.9780696798116, 44.50337667949498], [-72.97806263901293, 44.50336427427828], [-72.97805668786168, 44.50335186906159], [-72.97805090434849, 44.50333971530199], [-72.97804503701627, 44.5033289026469], [-72.97803942114115, 44.50331926345825], [-72.97803305089474, 44.50330853462219], [-72.97802584245801, 44.503296380862594], [-72.9780176281929, 44.503283724188805], [-72.97800882719457, 44.503271067515016], [-72.97800027765334, 44.50325857847929], [-72.97799248248339, 44.50324583798647], [-72.97798577696085, 44.50323284603655], [-72.97798024490476, 44.5032200217247], [-72.97797504812479, 44.50320669449866], [-72.97796993516386, 44.50319278053939], [-72.97796507366002, 44.503178531304], [-72.97795996069908, 44.50316419824958], [-72.97795384190977, 44.50314961373806], [-72.97794755548239, 44.503135699778795], [-72.97794160433114, 44.503123043105006], [-72.97793531790376, 44.50311047025025], [-72.9779282771051, 44.503097143024206], [-72.97792081721127, 44.50308415107429], [-72.97791335731745, 44.50307233259082], [-72.97790673561394, 44.50306219048798], [-72.97790120355785, 44.50305473059416], [-72.97789558768272, 44.50304844416678], [-72.97788879834116, 44.50304081663489], [-72.97788117080927, 44.50303100980818], [-72.9778727889061, 44.50302002951503], [-72.97786440700293, 44.50300888158381], [-72.97785543836653, 44.50299731455743], [-72.97784512862563, 44.50298499315977], [-72.97783431597054, 44.502973509952426], [-72.9778244253248, 44.50296345166862], [-72.97781629487872, 44.50295406393707], [-72.97780891880393, 44.50294442474842], [-72.97780137509108, 44.502933947369456], [-72.97779341228306, 44.50292288325727], [-72.97778511419892, 44.502911400049925], [-72.97777614556253, 44.50289882719517], [-72.97776600345969, 44.50288541615009], [-72.97775443643332, 44.502871837466955], [-72.9777427855879, 44.50285968370736], [-72.97773255966604, 44.502850379794836], [-72.97772325575352, 44.50284258462489], [-72.97771411947906, 44.50283437035978], [-72.9777049832046, 44.50282548554242], [-72.97769567929208, 44.50281525962055], [-72.97768570482731, 44.502803357318044], [-72.97767480835319, 44.502790197730064], [-72.9776634927839, 44.50277678668499], [-72.97765259630978, 44.502763291820884], [-72.97764278948307, 44.50275038369], [-72.97763482667506, 44.502737894654274], [-72.97762870788574, 44.50272540561855], [-72.97762393020093, 44.50271333567798], [-72.97761848196387, 44.5027020201087], [-72.9776116926223, 44.50269078835845], [-72.9776034783572, 44.502678802236915], [-72.97759534791112, 44.502666145563126], [-72.97758847475052, 44.50265273451805], [-72.97758352942765, 44.50263840146363], [-72.97758193686604, 44.50262440368533], [-72.97758554108441, 44.50261199846864], [-72.97759559936821, 44.502601185813546], [-72.97760993242264, 44.50259204953909], [-72.97762510366738, 44.50258475728333], [-72.97764052636921, 44.50257880613208], [-72.97765695489943, 44.50257243588567], [-72.97767371870577, 44.50256522744894], [-72.97769023105502, 44.50255734845996], [-72.97770573757589, 44.502549888566136], [-72.97771973535419, 44.50254360213876], [-72.97773239202797, 44.502538070082664], [-72.97774421051145, 44.50253253802657], [-72.97775611281395, 44.50252658687532], [-72.97776851803064, 44.502519546076655], [-72.97778067179024, 44.502511247992516], [-72.97779257409275, 44.50250253081322], [-72.9778051469475, 44.50249389745295], [-72.97781813889742, 44.50248551554978], [-72.97783087939024, 44.50247788801789], [-72.97784269787371, 44.5024705119431], [-72.97785300761461, 44.50246263295412], [-72.97786180861294, 44.50245441868901], [-72.9778691008687, 44.502445701509714], [-72.97787505201995, 44.50243706814945], [-72.97788066789508, 44.502427596598864], [-72.97788695432246, 44.50241628102958], [-72.97789382748306, 44.502403708174825], [-72.97790095210075, 44.502391973510385], [-72.97790866345167, 44.50238183140755], [-72.97791679389775, 44.50237286277115], [-72.97792525961995, 44.50236448086798], [-72.97793456353247, 44.50235576368868], [-72.97794403508306, 44.502346040681005], [-72.9779539257288, 44.50233506038785], [-72.97796490602195, 44.50232231989503], [-72.97797571867704, 44.50230966322124], [-72.97798619605601, 44.50229801237583], [-72.97799709253013, 44.50228711590171], [-72.97800865955651, 44.502277644351125], [-72.9780208133161, 44.502269346266985], [-72.97803238034248, 44.502262054011226], [-72.97804302535951, 44.502255683764815], [-72.97805333510041, 44.50224897824228], [-72.97806431539357, 44.5022408477962], [-72.97807638533413, 44.502230789512396], [-72.97808811999857, 44.502220060676336], [-72.97809926792979, 44.50220941565931], [-72.9781109187752, 44.50219810009003], [-72.97812324017286, 44.502186281606555], [-72.97813589684665, 44.502174127846956], [-72.97814805060625, 44.50216172263026], [-72.9781592823565, 44.50214998796582], [-72.97817017883062, 44.50213925912976], [-72.97818124294281, 44.502130039036274], [-72.97819280996919, 44.5021219085902], [-72.97820487990975, 44.502113945782185], [-72.97821703366935, 44.50210539624095], [-72.9782301094383, 44.502095924690366], [-72.97824419103563, 44.502086117863655], [-72.97825902700424, 44.50207656249404], [-72.97827486880124, 44.50206784531474], [-72.97829163260758, 44.5020597986877], [-72.97831007279456, 44.50205217115581], [-72.97832951880991, 44.50204689055681], [-72.97835038974881, 44.502044040709734], [-72.97837142832577, 44.50204286724329], [-72.97839045524597, 44.50204320251942], [-72.97840805724263, 44.50204445980489], [-72.97842456959188, 44.50204638764262], [-72.97844015993178, 44.50204839929938], [-72.9784560855478, 44.50205015949905], [-72.97847469337285, 44.50205175206065], [-72.9784946423024, 44.50205359607935], [-72.97851308248937, 44.50205602683127], [-72.97852993011475, 44.50205937959254], [-72.97854568809271, 44.50206398963928], [-72.97856027260423, 44.50206927023828], [-72.97857376746833, 44.50207471847534], [-72.9785874299705, 44.50208033435047], [-72.97860226593912, 44.50208645313978], [-72.97861810773611, 44.50209332630038], [-72.97863470390439, 44.50210095383227], [-72.97865071333945, 44.50210849754512], [-72.97866437584162, 44.50211486779153], [-72.97867585904896, 44.502119813114405], [-72.97868700698018, 44.50212450698018], [-72.97869991511106, 44.502130039036274], [-72.97871449962258, 44.50213657692075], [-72.97872891649604, 44.50214403681457], [-72.97874182462692, 44.502152083441615], [-72.97875230200589, 44.50215870514512], [-72.97876143828034, 44.502163818106055], [-72.97877141274512, 44.50216909870505], [-72.97878214158118, 44.50217496603727], [-72.97879253514111, 44.50218016281724], [-72.97880116850138, 44.502184269949794], [-72.97880971804261, 44.50218896381557], [-72.97881843522191, 44.50219441205263], [-72.9788260627538, 44.5021996088326], [-72.97883260063827, 44.50220455415547], [-72.97884098254144, 44.502211175858974], [-72.97885229811072, 44.50222014449537], [-72.97886529006064, 44.50223104096949], [-72.97887710854411, 44.502241518348455], [-72.97888356260955, 44.502248307690024], [-72.978884736076, 44.50225157663226], [-72.97887710854411, 44.50224948115647], [-72.97886327840388, 44.50224227271974], [-72.97885053791106, 44.50223380699754], [-72.97883922234178, 44.50222659856081], [-72.9788279067725, 44.50222031213343], [-72.97881499864161, 44.5022133551538], [-72.97880158759654, 44.5022062305361], [-72.97879077494144, 44.50220011174679], [-72.97878239303827, 44.50219583697617], [-72.97877334058285, 44.50219281949103], [-72.97876118682325, 44.50218980200589], [-72.97874760814011, 44.50218544341624], [-72.97873687930405, 44.50218049809337], [-72.97872824594378, 44.50217613950372], [-72.97871818765998, 44.50217194855213], [-72.9787052795291, 44.50216784141958], [-72.97869086265564, 44.50216373428702], [-72.9786772839725, 44.502159375697374], [-72.97866529785097, 44.50215493328869], [-72.97865272499621, 44.50215032324195], [-72.97863855957985, 44.50214495882392], [-72.97862288542092, 44.50213867239654], [-72.97860721126199, 44.50213188305497], [-72.9785927105695, 44.50212542898953], [-72.97857997007668, 44.50211956165731], [-72.9785689059645, 44.50211428105831], [-72.97855826094747, 44.50210916809738], [-72.97854686155915, 44.502103636041284], [-72.97853462398052, 44.502097601071], [-72.97852238640189, 44.502091985195875], [-72.97851073555648, 44.50208796188235], [-72.97849933616817, 44.50208595022559], [-72.97848810441792, 44.5020854473114], [-72.97847519628704, 44.50208536349237], [-72.97845901921391, 44.50208553113043], [-72.97844108194113, 44.50208536349237], [-72.97842347994447, 44.50208486057818], [-72.97840763814747, 44.502085195854306], [-72.97839330509305, 44.50208687223494], [-72.97837964259088, 44.5020891353488], [-72.97836598008871, 44.50209223665297], [-72.9783511441201, 44.502096343785524], [-72.9783353023231, 44.50210212729871], [-72.97831987962127, 44.50210967101157], [-72.97830638475716, 44.502117885276675], [-72.97829532064497, 44.502125177532434], [-72.97828467562795, 44.502131044864655], [-72.97827436588705, 44.502135990187526], [-72.97826489433646, 44.50214168988168], [-72.97825525514781, 44.50214948505163], [-72.97824435867369, 44.50215920805931], [-72.97823287546635, 44.50216943398118], [-72.97822105698287, 44.502179492264986], [-72.97820940613747, 44.5021892990917], [-72.97819825820625, 44.502198435366154], [-72.97818719409406, 44.50220690108836], [-72.97817612998188, 44.5022149477154], [-72.97816514968872, 44.50222358107567], [-72.97815416939557, 44.50223288498819], [-72.97814453020692, 44.50224185362458], [-72.97813572920859, 44.502251241356134], [-72.97812659293413, 44.502261970192194], [-72.9781175404787, 44.50227261520922], [-72.97810882329941, 44.50228191912174], [-72.97810010612011, 44.50229004956782], [-72.97809046693146, 44.50229784473777], [-72.97807881608605, 44.50230614282191], [-72.97806548886001, 44.50231553055346], [-72.97805283218622, 44.50232533738017], [-72.97804243862629, 44.50233564712107], [-72.97803397290409, 44.502346543595195], [-72.97802601009607, 44.502356769517064], [-72.97801712527871, 44.50236640870571], [-72.9780075699091, 44.502375880256295], [-72.97799767926335, 44.502385100349784], [-72.97798820771277, 44.50239406898618], [-72.97797940671444, 44.50240261852741], [-72.9779711086303, 44.50241041369736], [-72.97796289436519, 44.50241829268634], [-72.97795451246202, 44.50242726132274], [-72.97794646583498, 44.502437487244606], [-72.97793883830309, 44.50244855135679], [-72.97793087549508, 44.50245911255479], [-72.97792240977287, 44.50246841646731], [-72.97791369259357, 44.50247688218951], [-72.97790472395718, 44.50248568318784], [-72.97789458185434, 44.50249540619552], [-72.97788276337087, 44.50250613503158], [-72.97787086106837, 44.50251636095345], [-72.97785971313715, 44.50252549722791], [-72.97784973867238, 44.50253329239786], [-72.97784068621695, 44.50253983028233], [-72.97783121466637, 44.502546368166804], [-72.97782023437321, 44.50255357660353], [-72.97780808061361, 44.50256128795445], [-72.97779525630176, 44.502568831667304], [-72.97778167761862, 44.502575956285], [-72.97776633873582, 44.5025828294456], [-72.9777499102056, 44.502589451149106], [-72.97773381695151, 44.50259607285261], [-72.97771847806871, 44.50260202400386], [-72.97770448029041, 44.50260671786964], [-72.97769182361662, 44.502610322088], [-72.97767832875252, 44.50261392630637], [-72.97766298986971, 44.502618284896016], [-72.97764480113983, 44.502623649314046], [-72.97762510366738, 44.502629013732076], [-72.97760565765202, 44.502632869407535], [-72.97758688218892, 44.502634881064296], [-72.97756953164935, 44.502635300159454], [-72.97755159437656, 44.50263446196914], [-72.97753189690411, 44.50263228267431], [-72.97751161269844, 44.5026293490082], [-72.97749124467373, 44.50262641534209], [-72.97747037373483, 44.502623565495014], [-72.97744950279593, 44.50262054800987], [-72.97742921859026, 44.502617781981826], [-72.97740809619427, 44.50261543504894], [-72.97738781198859, 44.50261359103024], [-72.97737037763, 44.50261149555445], [-72.97735420055687, 44.50260822661221], [-72.97733802348375, 44.502603616565466], [-72.97732050530612, 44.502598252147436], [-72.97730281949043, 44.50259297154844], [-72.97728622332215, 44.502588361501694], [-72.97727113589644, 44.50258484110236], [-72.9772578086704, 44.502582577988505], [-72.97724548727274, 44.50258081778884], [-72.97723257914186, 44.50257880613208], [-72.97721807844937, 44.50257629156113], [-72.97720181755722, 44.50257352553308], [-72.97718522138894, 44.50257101096213], [-72.9771682061255, 44.50256858021021], [-72.977151023224, 44.50256614945829], [-72.9771354328841, 44.50256388634443], [-72.97712076455355, 44.50256212614477], [-72.97710483893752, 44.5025603659451], [-72.97708639875054, 44.502558605745435], [-72.97706762328744, 44.502557180821896], [-72.9770503565669, 44.50255609117448], [-72.97703392803669, 44.50255491770804], [-72.97701892443001, 44.50255391187966], [-72.97700492665172, 44.5025534927845], [-72.97699092887342, 44.502553744241595], [-72.97697684727609, 44.50255500152707], [-72.97696243040264, 44.50255827046931], [-72.97694759443402, 44.50256321579218], [-72.97693334519863, 44.50256899930537], [-72.97692010179162, 44.502575201913714], [-72.97690677456558, 44.50258190743625], [-72.97689185477793, 44.502588948234916], [-72.97687576152384, 44.502595737576485], [-72.97685891389847, 44.502602107822895], [-72.9768415633589, 44.50260856188834], [-72.97682479955256, 44.502614848315716], [-72.97680837102234, 44.502620883286], [-72.97679236158729, 44.50262641534209], [-72.97677660360932, 44.502631444483995], [-72.97676051035523, 44.50263655744493], [-72.97674433328211, 44.50264141894877], [-72.9767274018377, 44.50264586135745], [-72.97670921310782, 44.50264980085194], [-72.97669060528278, 44.50265306979418], [-72.97667208127677, 44.5026555005461], [-72.97665422782302, 44.50265642255545], [-72.97663771547377, 44.50265466235578], [-72.97662396915257, 44.50264921411872], [-72.97661365941167, 44.502641251310706], [-72.9766047745943, 44.50263211503625], [-72.97659563831985, 44.50262180529535], [-72.97658541239798, 44.50261023826897], [-72.97657493501902, 44.50259909033775], [-72.97656521201134, 44.50258953496814], [-72.97655632719398, 44.502581236884], [-72.97654744237661, 44.50257335789502], [-72.97653704881668, 44.50256455689669], [-72.97652523033321, 44.50255483388901], [-72.97651290893555, 44.50254511088133], [-72.97650058753788, 44.5025360584259], [-72.97648726031184, 44.50252750888467], [-72.97647351399064, 44.502519043162465], [-72.9764604382217, 44.50251091271639], [-72.97644836828113, 44.50250370427966], [-72.97643713653088, 44.50249733403325], [-72.97642498277128, 44.50249079614878], [-72.97641090117395, 44.50248350389302], [-72.97639606520534, 44.50247587636113], [-72.97638240270317, 44.50246883556247], [-72.97637100331485, 44.50246296823025], [-72.97636128030717, 44.5024586096406], [-72.97635164111853, 44.50245542451739], [-72.97634158283472, 44.50245341286063], [-72.9763304349035, 44.50245232321322], [-72.97631819732487, 44.502452071756124], [-72.97630570828915, 44.50245240703225], [-72.97629388980567, 44.50245274230838], [-72.97628316096961, 44.50245282612741], [-72.97627218067646, 44.5024533290416], [-72.97625944018364, 44.502455089241266], [-72.97624418511987, 44.50245819054544], [-72.97622733749449, 44.50246196240187], [-72.97621040605009, 44.50246506370604], [-72.976194312796, 44.502466823905706], [-72.97617863863707, 44.50246799737215], [-72.97616237774491, 44.50246908701956], [-72.9761438537389, 44.50247042812407], [-72.97612424008548, 44.50247185304761], [-72.97610529698431, 44.502472607418895], [-72.97608719207346, 44.502472188323736], [-72.97607067972422, 44.50247093103826], [-72.97605458647013, 44.50246942229569], [-72.9760370682925, 44.502468248829246], [-72.97601904720068, 44.50246757827699], [-72.97600178048015, 44.502467662096024], [-72.97598510049284, 44.502468165010214], [-72.9759699292481, 44.50246850028634], [-72.97595685347915, 44.502468165010214], [-72.97594495117664, 44.5024670753628], [-72.97593363560736, 44.50246556662023], [-72.97592382878065, 44.502463806420565], [-72.97591695562005, 44.5024620462209], [-72.97591301612556, 44.50246062129736], [-72.97591050155461, 44.50245928019285], [-72.97590865753591, 44.50245810672641], [-72.97590689733624, 44.502456933259964], [-72.97590463422239, 44.50245542451739], [-72.97590295784175, 44.50245324522257], [-72.97590220347047, 44.502450143918395], [-72.97590220347047, 44.50244536623359], [-72.97590371221304, 44.502438409253955], [-72.97590765170753, 44.50242969207466], [-72.97591368667781, 44.5024205558002], [-72.9759213142097, 44.502411084249616], [-72.97592961229384, 44.50240110978484], [-72.97593631781638, 44.50239088386297], [-72.9759403411299, 44.50238191522658], [-72.97594252042472, 44.50237504206598], [-72.97594335861504, 44.50237127020955], [-72.97594293951988, 44.5023705996573], [-72.97594176605344, 44.502372024580836], [-72.97594017349184, 44.50237479060888], [-72.97593858093023, 44.50237847864628], [-72.97593723982573, 44.50238300487399], [-72.97593631781638, 44.50238820165396], [-72.97593539580703, 44.50239415280521], [-72.97593388706446, 44.502400774508715], [-72.97593128867447, 44.50240731239319], [-72.97592726536095, 44.50241359882057], [-72.9759210627526, 44.502419885247946], [-72.9759125970304, 44.502426255494356], [-72.9759022872895, 44.5024327095598], [-72.97589063644409, 44.502438912168145], [-72.97587839886546, 44.50244494713843], [-72.97586590982974, 44.502450563013554], [-72.97585300169885, 44.50245584361255], [-72.97583942301571, 44.50246078893542], [-72.97582508996129, 44.5024654828012], [-72.97581008635461, 44.502469757571816], [-72.97579474747181, 44.50247369706631], [-72.97577932476997, 44.50247730128467], [-72.9757640697062, 44.50248057022691], [-72.97574923373759, 44.502483336254954], [-72.97573607414961, 44.50248509645462], [-72.97572400420904, 44.502485767006874], [-72.97570900060236, 44.50248660519719], [-72.97569039277732, 44.50248895213008], [-72.97567295841873, 44.502493562176824], [-72.9756591282785, 44.50249968096614], [-72.97564756125212, 44.50250621885061], [-72.97563674859703, 44.50251300819218], [-72.97562509775162, 44.50252080336213], [-72.97561143524945, 44.502529771998525], [-72.97559668309987, 44.502538070082664], [-72.97558126039803, 44.50254511088133], [-72.97556525096297, 44.50255064293742], [-72.97555007971823, 44.50255449861288], [-72.97553507611156, 44.50255726464093], [-72.97551831230521, 44.50255994684994], [-72.97549962066114, 44.502563467249274], [-72.975480761379, 44.50256782583892], [-72.97546341083944, 44.50257260352373], [-72.97544714994729, 44.50257729738951], [-72.97543197870255, 44.50258081778884], [-72.97541697509587, 44.50258341617882], [-72.97540104947984, 44.502585511654615], [-72.97538353130221, 44.50258760713041], [-72.97536408528686, 44.5025897026062], [-72.97534405253828, 44.50259146280587], [-72.97532510943711, 44.502592803910375], [-72.9753081779927, 44.50259456411004], [-72.97529409639537, 44.50259758159518], [-72.97528110444546, 44.50260202400386], [-72.97526735812426, 44.50260730460286], [-72.97525252215564, 44.50261350721121], [-72.97523651272058, 44.50262079946697], [-72.9752220120281, 44.502628426998854], [-72.97520994208753, 44.50263546779752], [-72.97519871033728, 44.50264192186296], [-72.97518756240606, 44.502648459747434], [-72.97517725266516, 44.502655249089], [-72.97516853548586, 44.502662206068635], [-72.97516048885882, 44.50266941450536], [-72.97515193931758, 44.50267754495144], [-72.97514447942376, 44.502686597406864], [-72.97514095902443, 44.5026951469481], [-72.97514162957668, 44.50270168483257], [-72.97514364123344, 44.5027073007077], [-72.9751445632428, 44.502714509144425], [-72.9751440603286, 44.50272439979017], [-72.97514355741441, 44.50273655354977], [-72.97514481469989, 44.50274937786162], [-72.97514716163278, 44.50276220217347], [-72.97514917328954, 44.5027746912092], [-72.97515068203211, 44.50278709642589], [-72.97515193931758, 44.50279941782355], [-72.97515244223177, 44.5028109010309], [-72.97515084967017, 44.50282238423824], [-72.97514623962343, 44.50283546000719], [-72.97513961791992, 44.5028489548713], [-72.97513249330223, 44.50286194682121], [-72.97512620687485, 44.502874771133065], [-72.97512151300907, 44.50288617052138], [-72.9751184117049, 44.50289614498615], [-72.97511614859104, 44.50290528126061], [-72.97511388547719, 44.50291458517313], [-72.97511145472527, 44.50292489491403], [-72.97510894015431, 44.502935875207186], [-72.97510659322143, 44.502947609871626], [-72.97510508447886, 44.50295967981219], [-72.97510483302176, 44.502971498295665], [-72.97510491684079, 44.50298256240785], [-72.97510458156466, 44.50299312360585], [-72.97510382719338, 44.50300494208932], [-72.97510315664113, 44.50301902368665], [-72.97510332427919, 44.50303327292204], [-72.97510391101241, 44.50304660014808], [-72.9751044139266, 44.50306009501219], [-72.97510483302176, 44.5030733384192], [-72.97510491684079, 44.503085827454925], [-72.97510449774563, 44.50309722684324], [-72.97510399483144, 44.50310745276511], [-72.97510374337435, 44.50311692431569], [-72.97510391101241, 44.503126898780465], [-72.97510365955532, 44.50313838198781], [-72.97510324046016, 44.50315112248063], [-72.97510357573628, 44.50316461734474], [-72.97510474920273, 44.50317802838981], [-72.97510709613562, 44.50319102033973], [-72.97511120326817, 44.50320292264223], [-72.97511556185782, 44.50321272946894], [-72.97511924989522, 44.503221195191145], [-72.97512226738036, 44.503230415284634], [-72.97512436285615, 44.50324106030166], [-72.97512453049421, 44.50325313024223], [-72.97512176446617, 44.50326595455408], [-72.9751165676862, 44.50327970087528], [-72.97510927543044, 44.50329294428229], [-72.97509888187051, 44.50330392457545], [-72.97508572228253, 44.50331230647862], [-72.97507071867585, 44.50331926345825], [-72.97505387105048, 44.50332638807595], [-72.97503450885415, 44.50333435088396], [-72.97501388937235, 44.50334197841585], [-72.97499427571893, 44.50334801338613], [-72.97497474588454, 44.50335253961384], [-72.97495555132627, 44.50335497036576], [-72.97493702732027, 44.503355138003826], [-72.97491900622845, 44.50335371308029], [-72.97490132041276, 44.50335128232837], [-72.9748837184161, 44.50334885157645], [-72.9748660326004, 44.50334709137678], [-72.97484734095633, 44.50334591791034], [-72.97482672147453, 44.503344325348735], [-72.97480643726885, 44.503341894596815], [-72.97478799708188, 44.50333912856877], [-72.97477005980909, 44.503336027264595], [-72.97475296072662, 44.50333250686526], [-72.97473611310124, 44.503328148275614], [-72.9747193492949, 44.50332270003855], [-72.97470266930759, 44.503317000344396], [-72.97468640841544, 44.50331138446927], [-72.9746709857136, 44.50330543331802], [-72.9746553953737, 44.50329830870032], [-72.97463888302445, 44.50328975915909], [-72.97462295740843, 44.50328112579882], [-72.97460661269724, 44.50327291153371], [-72.97459018416703, 44.50326528400183], [-72.97457526437938, 44.503258829936385], [-72.97456160187721, 44.503252962604165], [-72.97454844228923, 44.50324717909098], [-72.97453469596803, 44.50324114412069], [-72.97451977618039, 44.50323452241719], [-72.97450326383114, 44.50322697870433], [-72.9744849074632, 44.503218764439225], [-72.97446646727622, 44.503211388364434], [-72.9744497872889, 44.50320518575609], [-72.97443495132029, 44.5031994022429], [-72.97442187555134, 44.50319361872971], [-72.97440980561078, 44.50318733230233], [-72.97439781948924, 44.50317987240851], [-72.97438558191061, 44.50317098759115], [-72.97437376342714, 44.50316084548831], [-72.97436186112463, 44.5031491946429], [-72.97434953972697, 44.503136621788144], [-72.974336380139, 44.50312413275242], [-72.97432280145586, 44.5031129848212], [-72.97430972568691, 44.50310309417546], [-72.97429706901312, 44.503093706443906], [-72.97428525052965, 44.503084821626544], [-72.97427427023649, 44.503076020628214], [-72.97426379285753, 44.503067219629884], [-72.9742528963834, 44.5030577480793], [-72.97424082644284, 44.503047186881304], [-72.97422825358808, 44.50303587131202], [-72.97421551309526, 44.503024723380804], [-72.97420235350728, 44.50301391072571], [-72.97419003210962, 44.50300402007997], [-72.97418030910194, 44.502995889633894], [-72.97417268157005, 44.50298893265426], [-72.97416497021914, 44.502981305122375], [-72.97415533103049, 44.50297191739082], [-72.97414368018508, 44.50296060182154], [-72.97413110733032, 44.50294920243323], [-72.97411853447556, 44.50293864123523], [-72.9741067159921, 44.502928499132395], [-72.97409632243216, 44.50291885994375], [-72.97408710233867, 44.50290930457413], [-72.97407796606421, 44.50289941392839], [-72.97406774014235, 44.50288885273039], [-72.97405516728759, 44.50287686660886], [-72.97404167242348, 44.50286521576345], [-72.97402834519744, 44.502855660393834], [-72.97401426360011, 44.50284752994776], [-72.97400034964085, 44.502840572968125], [-72.973987525329, 44.50283403508365], [-72.97397562302649, 44.50282707810402], [-72.97396514564753, 44.50281970202923], [-72.97395676374435, 44.502812242135406], [-72.97394779510796, 44.50280327349901], [-72.97393698245287, 44.50279229320586], [-72.97392642125487, 44.50278173200786], [-72.97391711734235, 44.50277343392372], [-72.97390881925821, 44.50276664458215], [-72.97389951534569, 44.50275859795511], [-72.97388878650963, 44.50274837203324], [-72.97387612983584, 44.50273714028299], [-72.97386229969561, 44.50272641144693], [-72.97384863719344, 44.50271660462022], [-72.97383564524353, 44.502707635983825], [-72.97382391057909, 44.50269958935678], [-72.97381393611431, 44.50269238092005], [-72.97380505129695, 44.50268525630236], [-72.97379625029862, 44.502677796408534], [-72.97378619201481, 44.50266974978149], [-72.97377395443618, 44.502660278230906], [-72.97376054339111, 44.50265013612807], [-72.97374679706991, 44.502640664577484], [-72.97373397275805, 44.502632450312376], [-72.97372215427458, 44.50262440368533], [-72.97371125780046, 44.502616776153445], [-72.97370069660246, 44.50260923244059], [-72.97368871048093, 44.50260034762323], [-72.97367521561682, 44.50259054079652], [-72.97366121783853, 44.50258132070303], [-72.9736471362412, 44.50257335789502], [-72.97363364137709, 44.502566400915384], [-72.97362131997943, 44.502560030668974], [-72.97360891476274, 44.50255357660353], [-72.97359550371766, 44.50254653580487], [-72.97358117066324, 44.50253848917782], [-72.9735678434372, 44.50252968817949], [-72.9735570307821, 44.502520971000195], [-72.97354965470731, 44.50251284055412], [-72.97354504466057, 44.50250571593642], [-72.97354135662317, 44.50250018388033], [-72.97353758476675, 44.50249599292874], [-72.97353398054838, 44.50249247252941], [-72.97353071160614, 44.50248995795846], [-72.97352735884488, 44.50248786248267], [-72.97352274879813, 44.502485347911716], [-72.97351696528494, 44.502482330426574], [-72.97351118177176, 44.5024792291224], [-72.97350673936307, 44.50247621163726], [-72.97350456006825, 44.502473529428244], [-72.97350330278277, 44.502470595762134], [-72.97350162640214, 44.50246699154377], [-72.97349927946925, 44.50246305204928], [-72.97349659726024, 44.50245928019285], [-72.973493328318, 44.502456011250615], [-72.97348972409964, 44.50245374813676], [-72.97348712570965, 44.50245265848935], [-72.97348570078611, 44.50245240703225], [-72.97348394058645, 44.50245249085128], [-72.97348042018712, 44.502452574670315], [-72.97347472049296, 44.50245190411806], [-72.9734671767801, 44.502450646832585], [-72.97345946542919, 44.502449641004205], [-72.97345359809697, 44.50244947336614], [-72.97344806604087, 44.502449641004205], [-72.97343985177577, 44.50244930572808], [-72.97342820093036, 44.50244796462357], [-72.97341395169497, 44.50244595296681], [-72.97339794225991, 44.50244419276714], [-72.9733807593584, 44.50244318693876], [-72.97336273826659, 44.5024430193007], [-72.97334438189864, 44.50244268402457], [-72.97332652844489, 44.50244151055813], [-72.97330917790532, 44.50243949890137], [-72.97329149208963, 44.502436984330416], [-72.9732742253691, 44.502434469759464], [-72.973258132115, 44.50243220664561], [-72.97324337996542, 44.50243027880788], [-72.97322988510132, 44.5024292729795], [-72.97321664169431, 44.50242935679853], [-72.97320264391601, 44.50243069790304], [-72.97318772412837, 44.502433044835925], [-72.97317079268396, 44.50243622995913], [-72.9731513466686, 44.50244000181556], [-72.97313039191067, 44.50244419276714], [-72.97310910187662, 44.502447713166475], [-72.97308789566159, 44.50244972482324], [-72.9730667732656, 44.50245098210871], [-72.97304665669799, 44.50245265848935], [-72.97302888706326, 44.50245542451739], [-72.97301396727562, 44.5024586096406], [-72.97299988567829, 44.50246129184961], [-72.97298605553806, 44.50246213003993], [-72.97297281213105, 44.502460872754455], [-72.97296015545726, 44.502458442002535], [-72.97294724732637, 44.502455089241266], [-72.97293459065259, 44.50245173648], [-72.97292428091168, 44.502449138090014], [-72.97291749157012, 44.50244737789035], [-72.972914557904, 44.50244612060487], [-72.97291589900851, 44.50244419276714], [-72.97292092815042, 44.50244109146297], [-72.97292822040617, 44.50243723578751], [-72.97293693758547, 44.50243312865496], [-72.97294640913606, 44.502429105341434], [-72.97295663505793, 44.50242550112307], [-72.97296769917011, 44.5024223998189], [-72.97297993674874, 44.502419801428914], [-72.97299334779382, 44.502417454496026], [-72.97300793230534, 44.502414939925075], [-72.97302318736911, 44.50241225771606], [-72.97303852625191, 44.502409575507045], [-72.97305361367762, 44.50240706093609], [-72.97306870110333, 44.50240488164127], [-72.97308412380517, 44.50240286998451], [-72.97310013324022, 44.50240110978484], [-72.97311681322753, 44.50239918194711], [-72.9731341637671, 44.50239708647132], [-72.97315218485892, 44.50239515863359], [-72.97317070886493, 44.50239364989102], [-72.97318956814706, 44.50239239260554], [-72.97320859506726, 44.50239138677716], [-72.97322762198746, 44.50239080004394], [-72.9732464812696, 44.50239063240588], [-72.97326534055173, 44.502391051501036], [-72.9732840321958, 44.50239230878651], [-72.97330272383988, 44.50239423662424], [-72.97332124784589, 44.50239675119519], [-72.9733395203948, 44.50239960104227], [-72.97335762530565, 44.50240236707032], [-72.9733757302165, 44.50240479782224], [-72.97339417040348, 44.50240689329803], [-72.97341252677143, 44.502409072592854], [-72.97343029640615, 44.50241175480187], [-72.97344546765089, 44.50241569429636], [-72.97346147708595, 44.50241996906698], [-72.97348100692034, 44.50242298655212], [-72.97350129112601, 44.50242600403726], [-72.97352073714137, 44.50243019498885], [-72.97353817149997, 44.50243488885462], [-72.97355367802083, 44.50243949890137], [-72.97356767579913, 44.50244402512908], [-72.97358075156808, 44.502449221909046], [-72.97359541989863, 44.502457017078996], [-72.97361033968627, 44.50246715918183], [-72.97362299636006, 44.5024773851037], [-72.9736347310245, 44.50248694047332], [-72.97364604659379, 44.50249574147165], [-72.973657194525, 44.50250412337482], [-72.9736690968275, 44.50251242145896], [-72.97368192113936, 44.50252063572407], [-72.97369591891766, 44.502529269084334], [-72.97371176071465, 44.50253882445395], [-72.97372777014971, 44.50254863128066], [-72.97374285757542, 44.50255793519318], [-72.97375861555338, 44.502567406743765], [-72.97377462498844, 44.50257729738951], [-72.97378904186189, 44.50258727185428], [-72.97380153089762, 44.50259649194777], [-72.973813097924, 44.50260520912707], [-72.97382458113134, 44.50261417776346], [-72.97383732162416, 44.50262398459017], [-72.97385131940246, 44.502634294331074], [-72.973865987733, 44.50264477171004], [-72.97388015314937, 44.502655416727066], [-72.97389339655638, 44.502665558829904], [-72.97390521503985, 44.50267461128533], [-72.97391602769494, 44.50268265791237], [-72.97392642125487, 44.50269020162523], [-72.97393698245287, 44.502697829157114], [-72.97394796274602, 44.50270654633641], [-72.97395894303918, 44.502716436982155], [-72.97396942041814, 44.50272750109434], [-72.97397897578776, 44.50273923575878], [-72.9739872738719, 44.50275088660419], [-72.97399506904185, 44.502761363983154], [-72.97400336712599, 44.50277033261955], [-72.9740129224956, 44.50277888216078], [-72.97402415424585, 44.50278801843524], [-72.97403756529093, 44.502797992900014], [-72.97405181452632, 44.502807883545756], [-72.97406614758074, 44.50281743891537], [-72.9740808159113, 44.5028264913708], [-72.97409439459443, 44.50283478945494], [-72.97410638071597, 44.50284317135811], [-72.97411601990461, 44.50285197235644], [-72.97412406653166, 44.502861108630896], [-72.97413269989192, 44.50287049636245], [-72.97414326108992, 44.502880638465285], [-72.97415533103049, 44.50289119966328], [-72.97416756860912, 44.50290083885193], [-72.97417921945453, 44.50290955603123], [-72.97419028356671, 44.502917267382145], [-72.9742010962218, 44.502925062552094], [-72.97421232797205, 44.502933360636234], [-72.97422439791262, 44.50294258072972], [-72.97423663549125, 44.5029525551945], [-72.97424853779376, 44.50296311639249], [-72.97425985336304, 44.50297325849533], [-72.97427116893232, 44.50298331677914], [-72.97428298741579, 44.5029937941581], [-72.97429430298507, 44.50300393626094], [-72.974304696545, 44.50301332399249], [-72.974315257743, 44.50302220880985], [-72.97432615421712, 44.503031177446246], [-72.97433755360544, 44.50304073281586], [-72.97434979118407, 44.50305129401386], [-72.97436353750527, 44.50306311249733], [-72.9743771161884, 44.50307501479983], [-72.974389269948, 44.50308616273105], [-72.97440025024116, 44.503096556290984], [-72.97440963797271, 44.50310552492738], [-72.97441776841879, 44.503113739192486], [-72.97442556358874, 44.50312228873372], [-72.97443411312997, 44.50313192792237], [-72.97444358468056, 44.50314181856811], [-72.97445422969759, 44.503151373937726], [-72.97446621581912, 44.50316076166928], [-72.97447945922613, 44.50316905975342], [-72.97449278645217, 44.5031753461808], [-72.97450611367822, 44.50317987240851], [-72.97452078200877, 44.50318347662687], [-72.9745377972722, 44.50318775139749], [-72.97455514781177, 44.50319294817746], [-72.97457140870392, 44.503198228776455], [-72.97458733431995, 44.50320250354707], [-72.97460309229791, 44.503206526860595], [-72.974619185552, 44.5032113045454], [-72.97463628463447, 44.50321700423956], [-72.97465430572629, 44.503223709762096], [-72.97467241063714, 44.50323116965592], [-72.97469009645283, 44.503238797187805], [-72.97470736317337, 44.50324642471969], [-72.97472387552261, 44.50325371697545], [-72.97473820857704, 44.50326017104089], [-72.97475120052695, 44.503265619277954], [-72.97476377338171, 44.50327031314373], [-72.97477693296969, 44.503274923190475], [-72.97479118220508, 44.50327970087528], [-72.97480677254498, 44.50328481383622], [-72.9748232010752, 44.50329026207328], [-72.9748401325196, 44.50329571031034], [-72.9748575668782, 44.503300823271275], [-72.9748750012368, 44.50330543331802], [-72.97489277087152, 44.50330995954573], [-72.9749096184969, 44.50331440195441], [-72.97492445446551, 44.503318425267935], [-72.97493803314865, 44.50332219712436], [-72.97495236620307, 44.50332596898079], [-72.97496845945716, 44.50333024375141], [-72.97498631291091, 44.503335021436214], [-72.97500475309789, 44.503339966759086], [-72.97502285800874, 44.50334516353905], [-72.97503953799605, 44.50335052795708], [-72.97505336813629, 44.50335597619414], [-72.97506468370557, 44.50336201116443], [-72.97507566399872, 44.503369303420186], [-72.97508739866316, 44.503378020599484], [-72.97509997151792, 44.50338791124523], [-72.97511271201074, 44.50339847244322], [-72.97512511722744, 44.50340945273638], [-72.97513651661575, 44.5034203492105], [-72.97514665871859, 44.50343074277043], [-72.97515579499304, 44.50344038195908], [-72.97516476362944, 44.50344976969063], [-72.97517356462777, 44.50345949269831], [-72.97518203034997, 44.503469467163086], [-72.97519066371024, 44.50347935780883], [-72.97520030289888, 44.503488913178444], [-72.97521052882075, 44.503498300909996], [-72.97522142529488, 44.503507604822516], [-72.97523265704513, 44.50351598672569], [-72.97524271532893, 44.503522692248225], [-72.9752510972321, 44.503527553752065], [-72.97525880858302, 44.50353124178946], [-72.97526702284813, 44.50353501364589], [-72.97527615912259, 44.50353970751166], [-72.97528638504446, 44.503545658662915], [-72.97529837116599, 44.50355311855674], [-72.97531086020172, 44.50356158427894], [-72.97532150521874, 44.50356946326792], [-72.97533114440739, 44.50357616879046], [-72.97534137032926, 44.50358253903687], [-72.97535302117467, 44.503589160740376], [-72.97536668367684, 44.503596452996135], [-72.97538126818836, 44.50360391288996], [-72.9753948468715, 44.503611121326685], [-72.97540725208819, 44.50361858122051], [-72.97541957348585, 44.50362646020949], [-72.97543181106448, 44.503635596483946], [-72.97544052824378, 44.50364607386291], [-72.97544220462441, 44.503656886518], [-72.9754374269396, 44.503667866811156], [-72.9754289612174, 44.503679601475596], [-72.97541948966682, 44.50369209051132], [-72.97541119158268, 44.50370416045189], [-72.97540456987917, 44.50371480546892], [-72.97539819963276, 44.50372436083853], [-72.97539132647216, 44.50373400002718], [-72.97538353130221, 44.50374414213002], [-72.97537439502776, 44.5037554576993], [-72.97536425292492, 44.50376786291599], [-72.97535394318402, 44.50378043577075], [-72.9753443878144, 44.503792421892285], [-72.97533516772091, 44.503804156556726], [-72.97532636672258, 44.503815304487944], [-72.97531882300973, 44.50382527895272], [-72.9753118660301, 44.5038350019604], [-72.97530407086015, 44.50384556315839], [-72.97529610805213, 44.50385654345155], [-72.97528873197734, 44.50386685319245], [-72.97528143972158, 44.503876492381096], [-72.9752740636468, 44.50388512574136], [-72.97526610083878, 44.503893088549376], [-72.97525713220239, 44.50390096753836], [-72.97524799592793, 44.503908762708306], [-72.97523978166282, 44.503916054964066], [-72.9752320703119, 44.503924353048205], [-72.97522368840873, 44.503935081884265], [-72.97521522268653, 44.50394715182483], [-72.97520717605948, 44.50395938940346], [-72.97519946470857, 44.503971291705966], [-72.9751910828054, 44.503982020542026], [-72.97518102452159, 44.50399207882583], [-72.97516937367618, 44.504002053290606], [-72.9751564655453, 44.50401236303151], [-72.97514355741441, 44.5040229242295], [-72.97513148747385, 44.504033820703626], [-72.97511966899037, 44.50404513627291], [-72.97510826960206, 44.50405611656606], [-72.97509745694697, 44.50406634248793], [-72.975086979568, 44.50407606549561], [-72.97507625073195, 44.50408545322716], [-72.97506459988654, 44.50409450568259], [-72.97505211085081, 44.50410380959511], [-72.97503962181509, 44.504113448783755], [-72.97502721659839, 44.50412350706756], [-72.97501556575298, 44.50413381680846], [-72.97500466927886, 44.50414412654936], [-72.97499444335699, 44.5041542686522], [-72.97498488798738, 44.50416415929794], [-72.97497617080808, 44.50417346321046], [-72.97496871091425, 44.50418150983751], [-72.97496192157269, 44.50418846681714], [-72.97495462931693, 44.504195507615805], [-72.97494624741375, 44.50420363806188], [-72.97493702732027, 44.50421327725053], [-72.97492730431259, 44.50422400608659], [-72.97491749748588, 44.504234651103616], [-72.97490810975432, 44.50424454174936], [-72.97489897347987, 44.504254600033164], [-72.97488966956735, 44.504264742136], [-72.9748802818358, 44.504274716600776], [-72.97487081028521, 44.504285361617804], [-72.9748607520014, 44.504297096282244], [-72.97485086135566, 44.50430849567056], [-72.97484273090959, 44.504318218678236], [-72.97483703121543, 44.50432626530528], [-72.97483334317803, 44.50433355756104], [-72.97482965514064, 44.504341604188085], [-72.97482412308455, 44.50435174629092], [-72.9748163279146, 44.50436390005052], [-72.97480844892561, 44.50437596999109], [-72.9748020786792, 44.504387117922306], [-72.97479738481343, 44.504397762939334], [-72.97479344531894, 44.5044079888612], [-72.97478917054832, 44.50441821478307], [-72.97478439286351, 44.50442827306688], [-72.9747796151787, 44.50443866662681], [-72.97477593078297, 44.504445429764196]]}}, {"type": "Feature", "properties": {"name": "walk-08", "distance_km": 1.956, "points": 1838, "clipped": true}, "geometry": {"type": "LineString", "coordinates": [[-72.97475706259266, 44.50444070505502], [-72.97475044615567, 44.50443523004651], [-72.97474214807153, 44.504429530352354], [-72.97473602928221, 44.50442399829626], [-72.97473032958806, 44.50441846624017], [-72.97472429461777, 44.50441276654601], [-72.97472127713263, 44.50440622866154], [-72.9747262224555, 44.50439759530127], [-72.97473611310124, 44.50438829138875], [-72.97474667429924, 44.50437856838107], [-72.97475773841143, 44.50436716899276], [-72.97476905398071, 44.504353338852525], [-72.97478104010224, 44.504337245598435], [-72.97479344531894, 44.50431989505887], [-72.97480610199273, 44.50430246070027], [-72.97481875866652, 44.50428578071296], [-72.97483091242611, 44.50427035801113], [-72.97484180890024, 44.50425686314702], [-72.97485119663179, 44.50424429029226], [-72.97486016526818, 44.504232136532664], [-72.97486905008554, 44.50422031804919], [-72.97487835399806, 44.50420849956572], [-72.97488908283412, 44.504196010529995], [-72.97490098513663, 44.50418343767524], [-72.9749130550772, 44.50417136773467], [-72.97492504119873, 44.50416013598442], [-72.97493627294898, 44.504149658605456], [-72.97494599595666, 44.50414001941681], [-72.97495437785983, 44.50413088314235], [-72.97496208921075, 44.50412157922983], [-72.9749698843807, 44.504112023860216], [-72.97497818246484, 44.50410204939544], [-72.97498757019639, 44.50409123674035], [-72.97499771229923, 44.504080172628164], [-72.97500718384981, 44.50406961143017], [-72.97501590102911, 44.50405888259411], [-72.97502470202744, 44.50404773466289], [-72.9750335868448, 44.50403658673167], [-72.97504289075732, 44.50402485206723], [-72.97505252994597, 44.50401311740279], [-72.97506275586784, 44.504001969471574], [-72.97507365234196, 44.50399098917842], [-72.97508421353996, 44.503980595618486], [-72.9750941041857, 44.50397062115371], [-72.97510290518403, 44.503960981965065], [-72.97511095181108, 44.503951761871576], [-72.97511899843812, 44.50394279323518], [-72.97512746416032, 44.503933573141694], [-72.97513701952994, 44.50392401777208], [-72.97514741308987, 44.50391437858343], [-72.97515847720206, 44.50390415266156], [-72.97517012804747, 44.50389292091131], [-72.97518144361675, 44.50388194061816], [-72.97519150190055, 44.503872049972415], [-72.97520122490823, 44.50386266224086], [-72.975211199373, 44.503853442147374], [-72.97522209584713, 44.50384388677776], [-72.97523433342576, 44.503833409398794], [-72.97524707391858, 44.50382234528661], [-72.97525906004012, 44.50381211936474], [-72.97526920214295, 44.503803150728345], [-72.97527674585581, 44.5037951041013], [-72.97528269700706, 44.50378672219813], [-72.97528856433928, 44.503777250647545], [-72.97529485076666, 44.50376610271633], [-72.97530164010823, 44.503752775490284], [-72.97530868090689, 44.50373835861683], [-72.97531630843878, 44.50372369028628], [-72.97532385215163, 44.50371019542217], [-72.97533030621707, 44.503698628395796], [-72.97533575445414, 44.50368840247393], [-72.97534137032926, 44.5036793500185], [-72.97534857876599, 44.503670716658235], [-72.97535880468786, 44.503661412745714], [-72.9753702878952, 44.50365202501416], [-72.97538042999804, 44.50364414602518], [-72.97538889572024, 44.5036381110549], [-72.97539568506181, 44.50363375246525], [-72.97539920546114, 44.503631656989455], [-72.97539895400405, 44.50363174080849], [-72.97539560124278, 44.50363324955106], [-72.97538889572024, 44.50363593176007], [-72.97537850216031, 44.50363760814071], [-72.97536634840071, 44.50363576412201], [-72.97535318881273, 44.50363132171333], [-72.97533810138702, 44.50362637639046], [-72.97532234340906, 44.503621933981776], [-72.975306333974, 44.503617994487286], [-72.97528982162476, 44.50361338444054], [-72.97527339309454, 44.50360684655607], [-72.97525805421174, 44.503598967567086], [-72.97524355351925, 44.503591088578105], [-72.97522972337902, 44.503583712503314], [-72.9752167314291, 44.50357616879046], [-72.97520365566015, 44.503568122163415], [-72.97519066371024, 44.50355999171734], [-72.97517783939838, 44.50355236418545], [-72.97516526654363, 44.50354498811066], [-72.97515210695565, 44.50353660620749], [-72.97513869591057, 44.50352679938078], [-72.9751255363226, 44.50351607054472], [-72.97511329874396, 44.50350542552769], [-72.9751012288034, 44.503494864329696], [-72.97508848831058, 44.50348371639848], [-72.97507616691291, 44.50347307138145], [-72.97506552189589, 44.5034636836499], [-72.97505646944046, 44.50345538556576], [-72.97504842281342, 44.50344817712903], [-72.97504012472928, 44.5034409686923], [-72.97503023408353, 44.503432754427195], [-72.97501875087619, 44.50342311523855], [-72.97500651329756, 44.50341297313571], [-72.97499385662377, 44.503403417766094], [-72.9749804455787, 44.503394700586796], [-72.97496661543846, 44.503386905416846], [-72.97495320439339, 44.50338011607528], [-72.97494096681476, 44.503374584019184], [-72.9749297350645, 44.50337030924857], [-72.97491825185716, 44.50336704030633], [-72.97490685246885, 44.50336469337344], [-72.97489495016634, 44.50336268171668], [-72.97488120384514, 44.50336025096476], [-72.97486594878137, 44.50335782021284], [-72.97484943643212, 44.50335538946092], [-72.97483225353062, 44.503352707251906], [-72.97481565736234, 44.50334960594773], [-72.97479880973697, 44.50334650464356], [-72.97478179447353, 44.503343319520354], [-72.97476544976234, 44.50333912856877], [-72.97475120052695, 44.50333443470299], [-72.97473846003413, 44.50332982465625], [-72.9747259709984, 44.503325717523694], [-72.97471331432462, 44.5033217780292], [-72.97469981946051, 44.50331725180149], [-72.97468548640609, 44.50331197120249], [-72.97467081807554, 44.50330593623221], [-72.97465623356402, 44.50329914689064], [-72.97464223578572, 44.503292022272944], [-72.97462874092162, 44.503285149112344], [-72.97461348585784, 44.50327827595174], [-72.97459621913731, 44.50327115133405], [-72.97457836568356, 44.50326427817345], [-72.97455959022045, 44.50325748883188], [-72.97454131767154, 44.50325069949031], [-72.9745243024081, 44.5032440777868], [-72.97450762242079, 44.503237288445234], [-72.97449270263314, 44.50323133729398], [-72.97447945922613, 44.50322630815208], [-72.97446604818106, 44.50322102755308], [-72.97445087693632, 44.503214405849576], [-72.97443436458707, 44.50320644304156], [-72.97441852279007, 44.503197809681296], [-72.97440418973565, 44.50318858958781], [-72.97439077869058, 44.503178531304], [-72.97437787055969, 44.50316830538213], [-72.97436538152397, 44.5031579118222], [-72.9743535630405, 44.503147853538394], [-72.97434249892831, 44.503138549625874], [-72.97433202154934, 44.503129832446575], [-72.97432221472263, 44.50312136672437], [-72.97431291081011, 44.50311290100217], [-72.97430318780243, 44.50310401618481], [-72.97429162077606, 44.50309387408197], [-72.9742790479213, 44.50308314524591], [-72.97426572069526, 44.50307250022888], [-72.97425096854568, 44.50306168757379], [-72.97423604875803, 44.50305129401386], [-72.97422121278942, 44.5030403137207], [-72.97420763410628, 44.50302924960852], [-72.97419615089893, 44.503019358962774], [-72.97418584115803, 44.50300997123122], [-72.97417527996004, 44.503000834956765], [-72.97416295856237, 44.50299086049199], [-72.97414845786989, 44.502979796379805], [-72.9741342086345, 44.50296915136278], [-72.97412188723683, 44.50295859016478], [-72.97411107458174, 44.502947526052594], [-72.97410202212632, 44.5029369648546], [-72.9740940593183, 44.502927493304014], [-72.97408601269126, 44.502918776124716], [-72.9740771278739, 44.502910394221544], [-72.97406706959009, 44.50290201231837], [-72.97405483201146, 44.50289254076779], [-72.97404058277607, 44.502882147207856], [-72.97402524389327, 44.50287192128599], [-72.97401032410562, 44.50286278501153], [-72.97399666160345, 44.502854738384485], [-72.97398475930095, 44.50284820050001], [-72.9739748686552, 44.502842500805855], [-72.97396522946656, 44.502835711464286], [-72.97395466826856, 44.50282598845661], [-72.9739441908896, 44.502814589068294], [-72.97393455170095, 44.5028021838516], [-72.97392575070262, 44.50278910808265], [-72.97391745261848, 44.50277762487531], [-72.97390881925821, 44.50276857241988], [-72.97389968298376, 44.50276019051671], [-72.97388970851898, 44.50275138951838], [-72.97387881204486, 44.50274200178683], [-72.97386724501848, 44.50273185968399], [-72.97385475598276, 44.50272121466696], [-72.97384126111865, 44.50271023437381], [-72.97382801771164, 44.50269975699484], [-72.97381611540914, 44.50269036926329], [-72.97380513511598, 44.50268156826496], [-72.97379465773702, 44.50267318636179], [-72.97378443181515, 44.502664636820555], [-72.97377378679812, 44.50265566818416], [-72.97376213595271, 44.50264594517648], [-72.97374931164086, 44.502634797245264], [-72.97373615205288, 44.50262323021889], [-72.97372332774103, 44.50261258520186], [-72.97371075488627, 44.502602526918054], [-72.97369885258377, 44.5025933906436], [-72.97368829138577, 44.50258567929268], [-72.97367840074003, 44.50257897377014], [-72.97366742044687, 44.50257293879986], [-72.97365476377308, 44.502566903829575], [-72.9736402630806, 44.502560533583164], [-72.97362416982651, 44.502553744241595], [-72.97360631637275, 44.50254620052874], [-72.97358863055706, 44.502538153901696], [-72.97357371076941, 44.50253019109368], [-72.9735625628382, 44.5025223121047], [-72.97355451621115, 44.502514181658626], [-72.97354772686958, 44.50250554829836], [-72.97354060225189, 44.502496998757124], [-72.97353222034872, 44.50248962268233], [-72.97352157533169, 44.50248350389302], [-72.97350900247693, 44.50247830711305], [-72.97349575906992, 44.50247386470437], [-72.97348318621516, 44.50247034430504], [-72.97347128391266, 44.502467662096024], [-72.97345862723887, 44.502465818077326], [-72.97344303689897, 44.50246439315379], [-72.97342543490231, 44.50246313586831], [-72.97340841963887, 44.50246154330671], [-72.97339073382318, 44.50245953164995], [-72.97337220981717, 44.50245684944093], [-72.97335460782051, 44.50245383195579], [-72.9733392689377, 44.50245098210871], [-72.97332644462585, 44.50244855135679], [-72.97331529669464, 44.502446455881], [-72.97330372966826, 44.502444276586175], [-72.97329065389931, 44.502441845834255], [-72.97327623702586, 44.50243949890137], [-72.9732615686953, 44.5024377387017], [-72.9732467327267, 44.502436900511384], [-72.97323172912002, 44.502436984330416], [-72.9732171446085, 44.502437487244606], [-72.97320214100182, 44.502437990158796], [-72.9731878079474, 44.50243882834911], [-72.97317498363554, 44.50243966653943], [-72.97316148877144, 44.50244016945362], [-72.97314497642219, 44.50244100764394], [-72.9731251951307, 44.502442767843604], [-72.97310474328697, 44.50244511477649], [-72.97308546490967, 44.50244779698551], [-72.97306811437011, 44.502450563013554], [-72.97305336222053, 44.502453496679664], [-72.97304053790867, 44.50245609506965], [-72.97302779741585, 44.50245810672641], [-72.97301145270467, 44.50245902873576], [-72.97299200668931, 44.5024586096406], [-72.97297264449298, 44.50245785526931], [-72.97295479103923, 44.50245768763125], [-72.97293802723289, 44.502458022907376], [-72.97292210161686, 44.5024583581835], [-72.97290877439082, 44.50245785526931], [-72.97289796173573, 44.502456011250615], [-72.97288983128965, 44.50245316140354], [-72.97288639470935, 44.50244980864227], [-72.97288773581386, 44.50244653970003], [-72.97289167530835, 44.502443354576826], [-72.97289729118347, 44.502440420910716], [-72.9729044996202, 44.50243765488267], [-72.97291371971369, 44.50243472121656], [-72.9729248676449, 44.50243120081723], [-72.97293802723289, 44.50242659077048], [-72.97295269556344, 44.50242156162858], [-72.97296795062721, 44.502417957410216], [-72.97298488207161, 44.502415945753455], [-72.97300365753472, 44.50241385027766], [-72.97302318736911, 44.50241116806865], [-72.9730429686606, 44.50240823440254], [-72.97306199558079, 44.502405636012554], [-72.97307926230133, 44.50240345671773], [-72.97309493646026, 44.50240186415613], [-72.97311044298112, 44.502400858327746], [-72.97312745824456, 44.50240010395646], [-72.97314640134573, 44.502399349585176], [-72.97316702082753, 44.5023980922997], [-72.97318797558546, 44.50239666737616], [-72.9732084274292, 44.50239532627165], [-72.97322762198746, 44.502394404262304], [-72.97324480488896, 44.502393985167146], [-72.97326173633337, 44.50239406898618], [-72.97327875159681, 44.50239482335746], [-72.97329543158412, 44.50239608064294], [-72.97331219539046, 44.50239800848067], [-72.97333038412035, 44.502400774508715], [-72.97334966249764, 44.50240395963192], [-72.97336843796074, 44.50240672565997], [-72.97338679432869, 44.50240898877382], [-72.97340489923954, 44.502411000430584], [-72.97342183068395, 44.50241276063025], [-72.973437840119, 44.50241418555379], [-72.9734534304589, 44.50241569429636], [-72.97346952371299, 44.502417370676994], [-72.97348737716675, 44.50241946615279], [-72.97350590117276, 44.502421310171485], [-72.97352308407426, 44.502422232180834], [-72.97353766858578, 44.502421813085675], [-72.973548816517, 44.50242005288601], [-72.97355795279145, 44.50241720303893], [-72.97356692142785, 44.5024136826396], [-72.97357664443552, 44.502410497516394], [-72.97358854673803, 44.50240789912641], [-72.97360346652567, 44.502405216917396], [-72.97362031415105, 44.502401780337095], [-72.97363665886223, 44.50239717029035], [-72.9736508242786, 44.50239230878651], [-72.97366390004754, 44.50238769873977], [-72.97367881983519, 44.50238233432174], [-72.97369415871799, 44.50237571261823], [-72.97370689921081, 44.50236883945763], [-72.97371645458043, 44.50236238539219], [-72.97372383065522, 44.502356350421906], [-72.9737314581871, 44.502350483089685], [-72.97374059446156, 44.50234402902424], [-72.97375224530697, 44.50233615003526], [-72.9737663269043, 44.502327432855964], [-72.97378183342516, 44.502319134771824], [-72.97379759140313, 44.50231125578284], [-72.97381326556206, 44.50230337679386], [-72.97382768243551, 44.502295749261975], [-72.97384050674736, 44.502288457006216], [-72.97385240904987, 44.502281583845615], [-72.9738643951714, 44.50227512978017], [-72.9738770518452, 44.50226901099086], [-72.97389096580446, 44.502262556925416], [-72.9739063885063, 44.50225543230772], [-72.97392248176038, 44.502248307690024], [-72.9739386588335, 44.50224135071039], [-72.9739547520876, 44.50223447754979], [-72.97397034242749, 44.50222760438919], [-72.97398509457707, 44.50222089886665], [-72.97399976290762, 44.50221478007734], [-72.9740147665143, 44.50220908038318], [-72.97402993775904, 44.50220396742225], [-72.97404536046088, 44.502199022099376], [-72.97406103461981, 44.50219374150038], [-72.97407670877874, 44.502187706530094], [-72.97409296967089, 44.50218083336949], [-72.97410897910595, 44.502173624932766], [-72.97412314452231, 44.5021665841341], [-72.974135549739, 44.50215954333544], [-72.9741474520415, 44.5021528378129], [-72.97416002489626, 44.50214604847133], [-72.97417377121747, 44.50213858857751], [-72.97418860718608, 44.50213087722659], [-72.97420511953533, 44.50212333351374], [-72.97422339208424, 44.50211604125798], [-72.97424141317606, 44.502109084278345], [-72.97425909899175, 44.50210254639387], [-72.97427762299776, 44.50209617614746], [-72.97429514117539, 44.50209064409137], [-72.97431081533432, 44.502086117863655], [-72.97432472929358, 44.5020820107311], [-72.97433922998607, 44.50207773596048], [-72.97435565851629, 44.502072455361485], [-72.97437300905585, 44.502066588029265], [-72.9743916168809, 44.50206080451608], [-72.97441081143916, 44.50205544009805], [-72.97442841343582, 44.502050410956144], [-72.97444492578506, 44.5020458009094], [-72.97446085140109, 44.50204194523394], [-72.97447602264583, 44.502039179205894], [-72.97449094243348, 44.5020370837301], [-72.97450762242079, 44.50203456915915], [-72.97452623024583, 44.50203113257885], [-72.97454508952796, 44.50202618725598], [-72.9745642002672, 44.50201998464763], [-72.97458247281611, 44.50201411731541], [-72.97459823079407, 44.502009339630604], [-72.97461281530559, 44.502004478126764], [-72.97462756745517, 44.5019992813468], [-72.97464299015701, 44.501993833109736], [-72.97465824522078, 44.50198846869171], [-72.97467165626585, 44.50198276899755], [-72.97468330711126, 44.5019768178463], [-72.9746955446899, 44.501970363780856], [-72.97470937483013, 44.50196273624897], [-72.97472379170358, 44.5019543543458], [-72.97473778948188, 44.50194597244263], [-72.97475195489824, 44.501938009634614], [-72.97476628795266, 44.50193080119789], [-72.97477919608355, 44.501924430951476], [-72.97479093074799, 44.501918479800224], [-72.97480241395533, 44.501912193372846], [-72.97481389716268, 44.50190557166934], [-72.9748261347413, 44.5018988661468], [-72.97483971342444, 44.501892160624266], [-72.97485454939306, 44.50188562273979], [-72.97487081028521, 44.501878917217255], [-72.97488732263446, 44.501871624961495], [-72.97490308061242, 44.501863829791546], [-72.97491800040007, 44.501855950802565], [-72.97493174672127, 44.501848658546805], [-72.97494448721409, 44.501841785386205], [-72.97495706006885, 44.50183524750173], [-72.97496980056167, 44.50182887725532], [-72.97498329542577, 44.50182200409472], [-72.97499855048954, 44.50181412510574], [-72.97501414082944, 44.5018058270216], [-72.97502914443612, 44.50179811567068], [-72.97504314221442, 44.50179090723395], [-72.97505554743111, 44.501784620806575], [-72.97506744973361, 44.50177883729339], [-72.9750801064074, 44.50177322141826], [-72.97509418800473, 44.50176768936217], [-72.97511019743979, 44.50176232494414], [-72.97512805089355, 44.5017574634403], [-72.97514657489955, 44.50175310485065], [-72.97516392543912, 44.501749500632286], [-72.97517884522676, 44.50174665078521], [-72.97519116662443, 44.501744136214256], [-72.97520348802209, 44.501740699633956], [-72.97521815635264, 44.501735754311085], [-72.97523458488286, 44.501729886978865], [-72.97525168396533, 44.50172376818955], [-72.97526895068586, 44.5017178170383], [-72.97528604976833, 44.50171211734414], [-72.97530281357467, 44.50170675292611], [-72.97531806863844, 44.5017019752413], [-72.97533189877868, 44.50169803574681], [-72.97534539364278, 44.50169434770942], [-72.9753599781543, 44.50169049203396], [-72.97537674196064, 44.501686384901404], [-72.97539543360472, 44.501682026311755], [-72.97541395761073, 44.50167750008404], [-72.9754310566932, 44.501672722399235], [-72.9754466470331, 44.5016676094383], [-72.97545997425914, 44.50166274793446], [-72.97547321766615, 44.501658137887716], [-72.97548830509186, 44.50165377929807], [-72.97550423070788, 44.501650258898735], [-72.97552057541907, 44.501647325232625], [-72.9755380935967, 44.50164405629039], [-72.97555670142174, 44.50164028443396], [-72.97557572834194, 44.50163592584431], [-72.97559433616698, 44.50163131579757], [-72.97561260871589, 44.501625867560506], [-72.97562987543643, 44.50161966495216], [-72.97564630396664, 44.50161287561059], [-72.97566189430654, 44.50160600244999], [-72.9756758082658, 44.501599967479706], [-72.97568838112056, 44.501595022156835], [-72.9757003672421, 44.50159091502428], [-72.9757122695446, 44.50158731080592], [-72.9757241718471, 44.50158404186368], [-72.97573749907315, 44.50158077292144], [-72.97575292177498, 44.50157758779824], [-72.97576918266714, 44.501574067398906], [-72.9757833480835, 44.50156987644732], [-72.97579474747181, 44.501565182581544], [-72.97580606304109, 44.501559901982546], [-72.9758193064481, 44.50155386701226], [-72.97583456151187, 44.501547161489725], [-72.97585115768015, 44.50154053978622], [-72.97586750239134, 44.50153458863497], [-72.97588225454092, 44.501529391855], [-72.97589591704309, 44.50152486562729], [-72.97590974718332, 44.50152042321861], [-72.9759244993329, 44.5015156455338], [-72.97593916766346, 44.501510951668024], [-72.97595123760402, 44.5015069283545], [-72.97596339136362, 44.50150248594582], [-72.97597914934158, 44.50149645097554], [-72.97599750570953, 44.50148941017687], [-72.9760148562491, 44.50148253701627], [-72.97602969221771, 44.50147608295083], [-72.97604377381504, 44.50147021561861], [-72.97605777159333, 44.501464515924454], [-72.97607193700969, 44.5014588162303], [-72.97608668915927, 44.501454290002584], [-72.9761028662324, 44.501451356336474], [-72.97612122260034, 44.501449009403586], [-72.97614150680602, 44.5014466624707], [-72.97616137191653, 44.50144439935684], [-72.97618115320802, 44.501442555338144], [-72.97620034776628, 44.50144129805267], [-72.97621669247746, 44.50144104659557], [-72.97623278573155, 44.5014413818717], [-72.97625063918531, 44.501442052423954], [-72.97626941464841, 44.501443142071366], [-72.9762889444828, 44.501444986090064], [-72.97630897723138, 44.50144716538489], [-72.97632825560868, 44.50144867412746], [-72.9763457737863, 44.50144959613681], [-72.97636262141168, 44.50145051814616], [-72.9763790499419, 44.50145202688873], [-72.97639505937696, 44.50145412236452], [-72.97641098499298, 44.50145663693547], [-72.97642724588513, 44.50145898386836], [-72.97644392587245, 44.50146099552512], [-72.97646060585976, 44.50146283954382], [-72.9764773696661, 44.501465102657676], [-72.97649371437728, 44.50146761722863], [-72.97650930471718, 44.501469964161515], [-72.97652481123805, 44.50147205963731], [-72.97654082067311, 44.5014741551131], [-72.97655783593655, 44.5014759991318], [-72.9765756893903, 44.5014775916934], [-72.97659345902503, 44.50147851370275], [-72.9766103066504, 44.50147842988372], [-72.97662698663771, 44.5014778431505], [-72.97664408572018, 44.50147692114115], [-72.97666177153587, 44.501476250588894], [-72.97667979262769, 44.50147641822696], [-72.9766969755292, 44.50147658586502], [-72.97671298496425, 44.5014759991318], [-72.97672983258963, 44.50147465802729], [-72.97674726694822, 44.5014725625515], [-72.97676268965006, 44.50147029943764], [-72.97677643597126, 44.501467952504754], [-72.97678967937827, 44.50146527029574], [-72.97680434770882, 44.50146250426769], [-72.97682127915323, 44.501460241153836], [-72.97683921642601, 44.50145890004933], [-72.97685698606074, 44.50145839713514], [-72.97687442041934, 44.50145831331611], [-72.97689118422568, 44.501458648592234], [-72.97690602019429, 44.50145906768739], [-72.97691876068711, 44.50145931914449], [-72.9769300762564, 44.50145957060158], [-72.97694164328277, 44.50145982205868], [-72.97695379704237, 44.50145957060158], [-72.97696553170681, 44.50145940296352], [-72.97697550617158, 44.501460157334805], [-72.97698548063636, 44.50146250426769], [-72.97699646092951, 44.501466527581215], [-72.97700702212751, 44.50147130526602], [-72.97701791860163, 44.501477340236306], [-72.97702847979963, 44.501484548673034], [-72.97703619115055, 44.50149058364332], [-72.97704096883535, 44.50149460695684], [-72.97704457305372, 44.50149611569941], [-72.97704792581499, 44.501495780423284], [-72.97705044038594, 44.5014947745949], [-72.97705119475722, 44.501493349671364], [-72.97704968601465, 44.501490918919444], [-72.97704976983368, 44.50148714706302], [-72.97705546952784, 44.50148236937821], [-72.97706728801131, 44.501477340236306], [-72.97708321362734, 44.50147423893213], [-72.97709989361465, 44.50147407129407], [-72.97711380757391, 44.50147499330342], [-72.97712394967675, 44.5014759991318], [-72.97713375650346, 44.50147700496018], [-72.9771459940821, 44.50147842988372], [-72.97715965658426, 44.50148044154048], [-72.97717222943902, 44.501482620835304], [-72.97718312591314, 44.501484464854], [-72.97719234600663, 44.501486141234636], [-72.9771988838911, 44.50148773379624], [-72.97720307484269, 44.50148882344365], [-72.9772060085088, 44.50148957781494], [-72.97720869071782, 44.501489996910095], [-72.97721187584102, 44.50149033218622], [-72.97721531242132, 44.50149083510041], [-72.97721908427775, 44.501491421833634], [-72.9772234428674, 44.50149217620492], [-72.97722813673317, 44.50149284675717], [-72.97723283059895, 44.5014931820333], [-72.97723677009344, 44.50149301439524], [-72.9772403743118, 44.50149259530008], [-72.97724414616823, 44.50149234384298], [-72.97724733129144, 44.50149226002395], [-72.9772493429482, 44.50149234384298], [-72.9772509355098, 44.501492427662015], [-72.97725219279528, 44.501492427662015], [-72.97725336626172, 44.50149217620492], [-72.97725479118526, 44.50149167329073], [-72.97725680284202, 44.50149108655751], [-72.97725973650813, 44.50149058364332], [-72.9772644303739, 44.501490499824286], [-72.9772702138871, 44.50149075128138], [-72.97727616503835, 44.501490918919444], [-72.97728203237057, 44.50149083510041], [-72.9772873967886, 44.50149033218622], [-72.97729309648275, 44.501489493995905], [-72.97729963436723, 44.50148832052946], [-72.97730701044202, 44.50148723088205], [-72.97731530852616, 44.501486057415605], [-72.97732478007674, 44.501484632492065], [-72.97733492217958, 44.5014828722924], [-72.97734523192048, 44.50148136354983], [-72.97735570929945, 44.50148010626435], [-72.97736601904035, 44.5014794357121], [-72.97737557440996, 44.50147985480726], [-72.97738395631313, 44.501482117921114], [-72.9773904941976, 44.50148714706302], [-72.9773957747966, 44.501495026052], [-72.97740013338625, 44.50150441378355], [-72.9774031508714, 44.501513382419944], [-72.97740491107106, 44.501521764323115], [-72.97740541398525, 44.50152981095016], [-72.9774049948901, 44.50153760612011], [-72.977404743433, 44.50154506601393], [-72.97740524634719, 44.50155311264098], [-72.97740541398525, 44.50156191363931], [-72.97740491107106, 44.50157029554248], [-72.97740398906171, 44.50157758779824], [-72.97740256413817, 44.501584880054], [-72.97740055248141, 44.50159275904298], [-72.97739828936756, 44.50160130858421], [-72.97739661298692, 44.50161027722061], [-72.97739543952048, 44.501619245857], [-72.977394182235, 44.50162838213146], [-72.97739242203534, 44.50163768604398], [-72.97739032655954, 44.50164615176618], [-72.97738957218826, 44.501652270555496], [-72.97739124856889, 44.50165629386902], [-72.97739543952048, 44.501658892259], [-72.97740390524268, 44.50166023336351], [-72.9774166457355, 44.50166014954448], [-72.97743190079927, 44.50165872462094], [-72.97744841314852, 44.50165688060224], [-72.9774634167552, 44.50165495276451], [-72.97747632488608, 44.50165310874581], [-72.97748797573149, 44.50165185146034], [-72.97749903984368, 44.50165134854615], [-72.97751169651747, 44.501651264727116], [-72.97752720303833, 44.501651264727116], [-72.97754530794919, 44.501650677993894], [-72.9775638319552, 44.50164958834648], [-72.97758067958057, 44.50164916925132], [-72.9775947611779, 44.50164891779423], [-72.97760674729943, 44.50164715759456], [-72.97761864960194, 44.50164380483329], [-72.97763147391379, 44.50163961388171], [-72.97764454968274, 44.50163500383496], [-72.97765703871846, 44.50163047760725], [-72.97766961157322, 44.501626789569855], [-72.97768327407539, 44.50162469409406], [-72.97769911587238, 44.50162402354181], [-72.97771638259292, 44.50162461027503], [-72.97773255966604, 44.50162569992244], [-72.97774697653949, 44.501626286655664], [-72.97776122577488, 44.50162569992244], [-72.97777698375285, 44.501624777913094], [-72.97779290936887, 44.50162502937019], [-72.97780623659492, 44.50162662193179], [-72.97781629487872, 44.50162846595049], [-72.97782392241061, 44.50162989087403], [-72.97783012501895, 44.501631231978536], [-72.97783523797989, 44.50163257308304], [-72.97783959656954, 44.50163399800658], [-72.977843452245, 44.50163567438722], [-72.97784672118723, 44.501637518405914], [-72.97784965485334, 44.50163961388171], [-72.97785258851945, 44.50164154171944], [-72.9778551030904, 44.50164321810007], [-72.97785795293748, 44.50164464302361], [-72.97786147333682, 44.50164564885199], [-72.97786608338356, 44.50164615176618], [-72.97787010669708, 44.50164648704231], [-72.97787228599191, 44.50164707377553], [-72.97787396237254, 44.50164791196585], [-72.97787555493414, 44.50164900161326], [-72.97787714749575, 44.50165009126067], [-72.97787899151444, 44.50165101327002], [-72.97788091935217, 44.50165160000324], [-72.97788242809474, 44.50165193527937], [-72.97788351774216, 44.50165210291743], [-72.97788427211344, 44.50165210291743], [-72.97788460738957, 44.5016520190984], [-72.97788502648473, 44.501651767641306], [-72.97788544557989, 44.50165143236518], [-72.97788611613214, 44.50165092945099], [-72.97788695432246, 44.50165034271777], [-72.97788737341762, 44.501649755984545], [-72.97788687050343, 44.50164942070842], [-72.97788594849408, 44.501649336889386], [-72.97788519412279, 44.50164942070842], [-72.97788485884666, 44.50164950452745], [-72.97788511030376, 44.50164950452745], [-72.97788586467505, 44.50164950452745], [-72.97788703814149, 44.501649253070354], [-72.97788846306503, 44.501648833975196], [-72.97788963653147, 44.50164841488004], [-72.97789039090276, 44.50164799578488], [-72.97789080999792, 44.50164766050875], [-72.97789106145501, 44.50164724141359], [-72.97789148055017, 44.50164665468037], [-72.97789215110242, 44.50164556503296], [-72.97789324074984, 44.50164380483329], [-72.97789508476853, 44.50164129026234], [-72.97789818607271, 44.501638105139136], [-72.97790287993848, 44.50163424946368], [-72.97790857963264, 44.50162997469306], [-72.9779140278697, 44.50162595137954], [-72.97791805118322, 44.501622430980206], [-72.97791997902095, 44.50161966495216], [-72.97792098484933, 44.50161782093346], [-72.97792324796319, 44.50161664746702], [-72.97792735509574, 44.50161631219089], [-72.97793255187571, 44.50161723420024], [-72.97793825156987, 44.501619245857], [-72.9779436159879, 44.50162150897086], [-72.97794772312045, 44.50162326917052], [-72.9779504891485, 44.501624861732125], [-72.97795132733881, 44.50162653811276], [-72.97794965095818, 44.50162787921727], [-72.97794621437788, 44.50162863358855], [-72.97794286161661, 44.50162854976952], [-72.97794034704566, 44.50162720866501], [-72.97793774865568, 44.50162561610341], [-72.9779346473515, 44.5016242749989], [-72.97793112695217, 44.50162318535149], [-72.97792769037187, 44.50162226334214], [-72.97792400233448, 44.5016210898757], [-72.97792106866837, 44.50161958113313], [-72.97792106866837, 44.50161815620959], [-72.97792366705835, 44.501617569476366], [-72.977928025648, 44.50161782093346], [-72.9779330547899, 44.50161840766668], [-72.9779380839318, 44.50161882676184], [-72.97794277779758, 44.5016176532954], [-72.9779486451298, 44.50161530636251], [-72.97795752994716, 44.50161379761994], [-72.9779679235071, 44.501615138724446], [-72.97797664068639, 44.50161907821894], [-72.97798343002796, 44.50162377208471], [-72.97798980027437, 44.50162838213146], [-72.97799617052078, 44.501632237806916], [-72.97800220549107, 44.501635087653995], [-72.97800798900425, 44.501637015491724], [-72.97801368869841, 44.50163793750107], [-72.9780192207545, 44.50163785368204], [-72.9780247528106, 44.50163693167269], [-72.97803011722863, 44.50163533911109], [-72.97803464345634, 44.501632656902075], [-72.97803816385567, 44.50162888504565], [-72.97804084606469, 44.501624358817935], [-72.97804285772145, 44.501618994399905], [-72.97804436646402, 44.50161295942962], [-72.97804604284465, 44.501606337726116], [-72.9780488088727, 44.50159921310842], [-72.97805316746235, 44.501592088490725], [-72.97805962152779, 44.501584293320775], [-72.97806850634515, 44.50157490558922], [-72.97807864844799, 44.50156350620091], [-72.97808920964599, 44.50154967606068], [-72.97809935174882, 44.50153509154916], [-72.97810840420425, 44.501521764323115], [-72.97811628319323, 44.50150927528739], [-72.97812265343964, 44.501497289165854], [-72.97812885604799, 44.501485135406256], [-72.97813581302762, 44.501473400741816], [-72.97814461402595, 44.50146342627704], [-72.97815517522395, 44.50145504437387], [-72.97816690988839, 44.501446997746825], [-72.97817939892411, 44.501438196748495], [-72.97819272615016, 44.501428473740816], [-72.97820714302361, 44.50141782872379], [-72.97822047024965, 44.501407435163856], [-72.97823153436184, 44.5013982988894], [-72.97824117355049, 44.50138949789107], [-72.978250477463, 44.50138069689274], [-72.97826061956584, 44.50137139298022], [-72.97827151603997, 44.501361502334476], [-72.97828232869506, 44.501351276412606], [-72.97829364426434, 44.501340463757515], [-72.97830571420491, 44.50132864527404], [-72.97831661067903, 44.50131640769541], [-72.9783247411251, 44.501304756850004], [-72.9783305246383, 44.501293608918786], [-72.97833404503763, 44.501283299177885], [-72.97833614051342, 44.501273073256016], [-72.97833781689405, 44.50126335024834], [-72.97833940945566, 44.50125270523131], [-72.97834049910307, 44.50124038383365], [-72.97834158875048, 44.50122940354049], [-72.97834301367402, 44.50121984817088], [-72.97834385186434, 44.50121020898223], [-72.97834334895015, 44.50120056979358], [-72.97834167256951, 44.50119176879525], [-72.9783389903605, 44.50118372216821], [-72.97833513468504, 44.50117668136954], [-72.97833044081926, 44.50117073021829], [-72.97832666896284, 44.50116720981896], [-72.97832348383963, 44.50116561725736], [-72.9783202148974, 44.50116486288607], [-72.97831770032644, 44.501164527609944], [-72.97831619158387, 44.501164108514786], [-72.97831501811743, 44.50116343796253], [-72.97831384465098, 44.50116251595318], [-72.97831267118454, 44.50116125866771], [-72.97831141389906, 44.50115974992514], [-72.97830956988037, 44.501157738268375], [-72.97830655239522, 44.501155726611614], [-72.97830160707235, 44.50115505605936], [-72.97829691320658, 44.50115547515452], [-72.97829473391175, 44.50115555897355], [-72.97829339280725, 44.50115539133549], [-72.97829188406467, 44.501155223697424], [-72.97828995622694, 44.50115505605936], [-72.9782871901989, 44.501154720783234], [-72.97828207723796, 44.50115371495485], [-72.97827620990574, 44.50115262530744], [-72.97827151603997, 44.50115203857422], [-72.97826782800257, 44.501151870936155], [-72.9782647266984, 44.501151870936155], [-72.97826028428972, 44.501150865107775], [-72.97825374640524, 44.50114835053682], [-72.9782456997782, 44.501145081594586], [-72.9782385751605, 44.501141561195254], [-72.97823480330408, 44.50113753788173], [-72.97823346219957, 44.50113141909242], [-72.97823413275182, 44.501123540103436], [-72.978237234056, 44.50111532583833], [-72.97824310138822, 44.50110711157322], [-72.9782509803772, 44.50109872967005], [-72.97825869172812, 44.50109059922397], [-72.97826464287937, 44.50108322314918], [-72.97826849855483, 44.50107769109309], [-72.97827076166868, 44.501072745770216], [-72.97827168367803, 44.501065872609615], [-72.9782713484019, 44.50105581432581], [-72.97826849855483, 44.50104265473783], [-72.97826422378421, 44.50103050097823], [-72.9782591946423, 44.501022789627314], [-72.97825173474848, 44.501018011942506], [-72.97824125736952, 44.50101415626705], [-72.97822952270508, 44.50101071968675], [-72.97821946442127, 44.501007199287415], [-72.97821485437453, 44.50100367888808], [-72.97821703366935, 44.50100124813616], [-72.9782234877348, 44.501000829041004], [-72.97823111526668, 44.501002337783575], [-72.97823874279857, 44.501005271449685], [-72.97824528068304, 44.50100845657289], [-72.9782493878156, 44.50101055204868], [-72.97825106419623, 44.50101180933416], [-72.9782509803772, 44.501012647524476], [-72.9782488849014, 44.50101289898157], [-72.97824502922595, 44.501012563705444], [-72.97823974862695, 44.501011390239], [-72.9782332945615, 44.50100929476321], [-72.97822583466768, 44.5010063610971], [-72.9782177042216, 44.5010026730597], [-72.97820940613747, 44.50099831447005], [-72.97820135951042, 44.500993117690086], [-72.97819373197854, 44.500986747443676], [-72.97818509861827, 44.50097878463566], [-72.97817411832511, 44.50096998363733], [-72.9781611263752, 44.50096093118191], [-72.9781487211585, 44.50095280073583], [-72.97813790850341, 44.500946179032326], [-72.97812793403864, 44.50094098225236], [-72.97811795957386, 44.500936791300774], [-72.97810739837587, 44.50093335472047], [-72.97809750773013, 44.500929582864046], [-72.97808946110308, 44.50092438608408], [-72.97808233648539, 44.50091759674251], [-72.97807487659156, 44.500909550115466], [-72.97806733287871, 44.50090183876455], [-72.9780607111752, 44.50089504942298], [-72.97805476002395, 44.500889014452696], [-72.97804897651076, 44.500883063301444], [-72.97804294154048, 44.50087610632181], [-72.97803606837988, 44.500867892056704], [-72.97802902758121, 44.50085883960128], [-72.97802274115384, 44.50085029006004], [-72.97801729291677, 44.50084266252816], [-72.97801226377487, 44.5008353702724], [-72.97800715081394, 44.500827910378575], [-72.97800212167203, 44.50082019902766], [-72.97799767926335, 44.50081240385771], [-72.97799365594983, 44.50080385431647], [-72.9779901355505, 44.50079438276589], [-72.97798753716052, 44.50078507885337], [-72.97798594459891, 44.500777032226324], [-72.97798493877053, 44.50077049434185], [-72.97798410058022, 44.500764794647694], [-72.97798317857087, 44.50075976550579], [-72.97798133455217, 44.50075498782098], [-72.97797722741961, 44.50075046159327], [-72.97797077335417, 44.500746270641685], [-72.97796281054616, 44.50074132531881], [-72.97795350663364, 44.500735541805625], [-72.97794235870242, 44.50072883628309], [-72.97793028876185, 44.50072204694152], [-72.97791855409741, 44.50071525759995], [-72.97790774144232, 44.50070888735354], [-72.97789609059691, 44.500703271478415], [-72.97788117080927, 44.500697907060385], [-72.97786474227905, 44.50069363228977], [-72.9778482299298, 44.50069078244269], [-72.97783230431378, 44.50068826787174], [-72.97781822271645, 44.50068508274853], [-72.97780414111912, 44.500680807977915], [-72.97779014334083, 44.500675862655044], [-72.9777776543051, 44.500669157132506], [-72.97776583582163, 44.50066043995321], [-72.97775376588106, 44.50065088458359], [-72.97774177975953, 44.500640239566565], [-72.9777308832854, 44.50062842108309], [-72.9777221661061, 44.500616267323494], [-72.9777168855071, 44.50060537084937], [-72.97771328128874, 44.500594809651375], [-72.97770934179425, 44.50058349408209], [-72.9777049832046, 44.50057226233184], [-72.97769945114851, 44.50056178495288], [-72.97769224271178, 44.50055340304971], [-72.97768352553248, 44.500547870993614], [-72.97767464071512, 44.500544518232346], [-72.97766776755452, 44.500542506575584], [-72.9776639956981, 44.50054191984236], [-72.9776619002223, 44.50054292567074], [-72.97765938565135, 44.500545524060726], [-72.97765452414751, 44.50054954737425], [-72.97764563933015, 44.50055507943034], [-72.97763423994184, 44.500561617314816], [-72.97762175090611, 44.50056832283735], [-72.97760725021362, 44.500575279816985], [-72.97759241424501, 44.500581650063396], [-72.9775775782764, 44.50058684684336], [-72.97756282612681, 44.50059103779495], [-72.97754840925336, 44.50059455819428], [-72.97753348946571, 44.50059782713652], [-72.97751722857356, 44.50060059316456], [-72.97749912366271, 44.500603610649705], [-72.9774805996567, 44.50060687959194], [-72.97746215946972, 44.50061023235321], [-72.97744489274919, 44.50061400420964], [-72.97743005678058, 44.500617273151875], [-72.97741656191647, 44.50061861425638], [-72.97740281559527, 44.50061819516122], [-72.97738672234118, 44.50061702169478], [-72.97736811451614, 44.50061509385705], [-72.97734858468175, 44.500612411648035], [-72.97732905484736, 44.50060964561999], [-72.97731094993651, 44.50060696341097], [-72.97729485668242, 44.50060377828777], [-72.9772800207138, 44.50060009025037], [-72.9772644303739, 44.500595815479755], [-72.97724666073918, 44.500591875985265], [-72.97722947783768, 44.500588942319155], [-72.97721413895488, 44.500587014481425], [-72.97719905152917, 44.500585589557886], [-72.97718388028443, 44.50058391317725], [-72.97716837376356, 44.50058223679662], [-72.97715211287141, 44.500581147149205], [-72.977135181427, 44.50058123096824], [-72.9771177470684, 44.50058332644403], [-72.97710207290947, 44.500587936490774], [-72.97708958387375, 44.50059413909912], [-72.97707952558994, 44.50060000643134], [-72.97707072459161, 44.5006054546684], [-72.9770609177649, 44.500611405819654], [-72.97704884782434, 44.50061811134219], [-72.97703635878861, 44.500624649226665], [-72.97702596522868, 44.500630516558886], [-72.97701842151582, 44.500636383891106], [-72.97701330855489, 44.500642251223326], [-72.97700945287943, 44.50064845383167], [-72.97700551338494, 44.500654907897115], [-72.97700123861432, 44.500661781057715], [-72.97699604183435, 44.50066974386573], [-72.97699109651148, 44.50067829340696], [-72.97698799520731, 44.5006865914911], [-72.97698732465506, 44.50069421902299], [-72.9769882466644, 44.50070109218359], [-72.97698950394988, 44.50070754624903], [-72.97699143178761, 44.50071425177157], [-72.97699419781566, 44.50072246603668], [-72.97699688002467, 44.500732608139515], [-72.97699813731015, 44.5007439237088], [-72.97699704766273, 44.50075624510646], [-72.9769937787205, 44.5007698237896], [-72.97698782756925, 44.500784827396274], [-72.97697944566607, 44.50079991482198], [-72.97697014175355, 44.50081340968609], [-72.97696067020297, 44.50082514435053], [-72.97695094719529, 44.500836208462715], [-72.9769417271018, 44.500846937298775], [-72.97693250700831, 44.500858671963215], [-72.97692353837192, 44.500871831551194], [-72.97691473737359, 44.50088574551046], [-72.97690568491817, 44.50089999474585], [-72.9768970515579, 44.50091323815286], [-72.97688850201666, 44.50092530809343], [-72.97688020393252, 44.50093670748174], [-72.9768729954958, 44.50094651430845], [-72.97686696052551, 44.50095472857356], [-72.97686100937426, 44.50096252374351], [-72.97685388475657, 44.500970570370555], [-72.97684625722468, 44.50097853317857], [-72.97683921642601, 44.500985741615295], [-72.97683234326541, 44.50099186040461], [-72.97682530246675, 44.50099663808942], [-72.9768175072968, 44.50099965557456], [-72.97680870629847, 44.50100066140294], [-72.97680099494755, 44.500998985022306], [-72.97679638490081, 44.50099378824234], [-72.97679604962468, 44.50098590925336], [-72.97679948620498, 44.5009767729789], [-72.97680434770882, 44.50096730142832], [-72.9768090415746, 44.50095808133483], [-72.97681390307844, 44.500948525965214], [-72.97682010568678, 44.50093796476722], [-72.97682739794254, 44.50092631392181], [-72.97683460637927, 44.50091550126672], [-72.97684080898762, 44.500907538458705], [-72.9768449999392, 44.50090326368809], [-72.976847095415, 44.50090242549777], [-72.97684818506241, 44.50090426951647], [-72.97684927470982, 44.500908041372895], [-72.97685078345239, 44.5009130705148], [-72.976852376014, 44.50091902166605], [-72.97685388475657, 44.50092581100762], [-72.97685514204204, 44.50093327090144], [-72.97685598023236, 44.500941736623645], [-72.97685539349914, 44.50095045380294], [-72.97685304656625, 44.50095891952515], [-72.97684960998595, 44.50096654705703], [-72.97684491612017, 44.50097375549376], [-72.97683854587376, 44.500981383025646], [-72.97683024778962, 44.50099001638591], [-72.97682086005807, 44.500999404117465], [-72.97681281343102, 44.50100837275386], [-72.97680728137493, 44.50101432390511], [-72.97680275514722, 44.50101683847606], [-72.97679772600532, 44.50101817958057], [-72.97679278068244, 44.50101910158992], [-72.97678892500699, 44.50101968832314], [-72.97678565606475, 44.50102069415152], [-72.97678205184639, 44.50102245435119], [-72.97677702270448, 44.50102555565536], [-72.97677014954388, 44.501030165702105], [-72.97676193527877, 44.50103578157723], [-72.97675263136625, 44.50104164890945], [-72.9767429921776, 44.50104709714651], [-72.97673393972218, 44.50105195865035], [-72.9767258092761, 44.501056568697095], [-72.97671952284873, 44.50106067582965], [-72.97671508044004, 44.50106377713382], [-72.97671214677393, 44.50106562115252], [-72.9767102189362, 44.501066794618964], [-72.97670829109848, 44.50106805190444], [-72.97670636326075, 44.50106964446604], [-72.97670443542302, 44.50107148848474], [-72.97670158557594, 44.50107400305569], [-72.97669739462435, 44.5010769367218], [-72.97669219784439, 44.50107928365469], [-72.97668658196926, 44.50107995420694], [-72.97668071463704, 44.50107936747372], [-72.9766740091145, 44.50107827782631], [-72.9766657948494, 44.50107743963599], [-72.97665783204138, 44.5010771881789], [-72.97664894722402, 44.50107743963599], [-72.97663712874055, 44.50107735581696], [-72.97662438824773, 44.50107743963599], [-72.97661256976426, 44.50107886455953], [-72.97660100273788, 44.50108230113983], [-72.97658859752119, 44.5010874979198], [-72.9765754379332, 44.50109311379492], [-72.97656093724072, 44.501097640022635], [-72.97654559835792, 44.50109990313649], [-72.97652908600867, 44.50110032223165], [-72.97651064582169, 44.5010996516794], [-72.97649220563471, 44.50109889730811], [-72.97647560946643, 44.50109872967005], [-72.97646119259298, 44.501099148765206], [-72.976448033005, 44.50109998695552], [-72.97643495723605, 44.50110090896487], [-72.97642280347645, 44.50110174715519], [-72.97641232609749, 44.50110292062163], [-72.97640327364206, 44.501105016097426], [-72.97639556229115, 44.501107446849346], [-72.97638877294958, 44.50110962614417], [-72.97638357616961, 44.50111163780093], [-72.97638005577028, 44.50111398473382], [-72.97637754119933, 44.501116164028645], [-72.97637645155191, 44.501118091866374], [-72.97637678682804, 44.50111976824701], [-72.97637846320868, 44.50112119317055], [-72.97638122923672, 44.501122534275055], [-72.97638449817896, 44.50112387537956], [-72.9763875156641, 44.5011253003031], [-72.97639019787312, 44.50112706050277], [-72.97639237716794, 44.501129407435656], [-72.9763927962631, 44.50113267637789], [-72.9763912037015, 44.50113636441529], [-72.97638734802604, 44.50113971717656], [-72.97638097777963, 44.50114281848073], [-72.9763740208, 44.50114558450878], [-72.97636790201068, 44.501147931441665], [-72.97636278904974, 44.501149943098426], [-72.97635809518397, 44.50115161947906], [-72.976352898404, 44.501152373850346], [-72.97634669579566, 44.501151870936155], [-72.97633999027312, 44.50115002691746], [-72.97633395530283, 44.501147512346506], [-72.9763288423419, 44.50114541687071], [-72.97632439993322, 44.5011443272233], [-72.97632004134357, 44.501144075766206], [-72.9763153474778, 44.50114390812814], [-72.97631040215492, 44.501143572852015], [-72.97630487009883, 44.50114265084267], [-72.97629866749048, 44.50114072300494], [-72.9762910399586, 44.501137705519795], [-72.97628156840801, 44.501133263111115], [-72.97627067193389, 44.50112773105502], [-72.97626052983105, 44.50112144462764], [-72.97625239938498, 44.50111448764801], [-72.97624527476728, 44.50110753066838], [-72.97623815014958, 44.50110015459359], [-72.97623094171286, 44.50109152123332], [-72.97622440382838, 44.50108188204467], [-72.97621920704842, 44.501071656122804], [-72.97621526755393, 44.501061011105776], [-72.97621216624975, 44.50105187483132], [-72.97620772384107, 44.50104550458491], [-72.97620059922338, 44.501041397452354], [-72.97619179822505, 44.50103812851012], [-72.97618148848414, 44.501034524291754], [-72.9761697538197, 44.50103125534952], [-72.97615617513657, 44.50102890841663], [-72.97613966278732, 44.50102807022631], [-72.9761218931526, 44.50102899223566], [-72.97610504552722, 44.50103058479726], [-72.97608962282538, 44.5010320097208], [-72.97607520595193, 44.501033183187246], [-72.97606036998332, 44.501034105196595], [-72.97604360617697, 44.50103494338691], [-72.97602768056095, 44.50103586539626], [-72.97601728700101, 44.50103628449142], [-72.9760109167546, 44.501035530120134], [-72.9760042950511, 44.501034608110785], [-72.97599725425243, 44.50103402137756], [-72.97598945908248, 44.50103469192982], [-72.97597914934158, 44.501037457957864], [-72.97596724703908, 44.50104131363332], [-72.97595668584108, 44.501044834032655], [-72.97594956122339, 44.50104701332748], [-72.97594629228115, 44.50104701332748], [-72.97594637610018, 44.501045336946845], [-72.97594863921404, 44.501042906194925], [-72.97595174051821, 44.50104081071913], [-72.97595459036529, 44.50103938579559], [-72.97595702111721, 44.501038463786244], [-72.975959116593, 44.50103770941496], [-72.9759609606117, 44.501037038862705], [-72.97596263699234, 44.50103645212948], [-72.9759641457349, 44.50103586539626], [-72.97596498392522, 44.501035613939166], [-72.97596506774426, 44.50103586539626], [-72.97596406191587, 44.50103628449142], [-72.97596205025911, 44.50103628449142], [-72.9759596195072, 44.501035613939166], [-72.97595769166946, 44.501033602282405], [-72.97595744021237, 44.50103008188307], [-72.97595953568816, 44.501026226207614], [-72.97596389427781, 44.501022789627314], [-72.97596934251487, 44.501020442694426], [-72.9759733658284, 44.5010182633996], [-72.97597487457097, 44.50101591646671], [-72.97597445547581, 44.501013569533825], [-72.97597252763808, 44.50101172551513], [-72.97596934251487, 44.50101055204868], [-72.97596548683941, 44.50100988149643], [-72.97596137970686, 44.501009713858366], [-72.97595685347915, 44.50100988149643], [-72.97595215961337, 44.50101046822965], [-72.9759469628334, 44.501011557877064], [-72.97594134695828, 44.50101340189576], [-72.9759350605309, 44.501016000285745], [-72.9759281873703, 44.50101952068508], [-72.97592072747648, 44.501023795455694], [-72.97591276466846, 44.50102832168341], [-72.97590446658432, 44.50103301554918], [-72.97589583322406, 44.50103770941496], [-72.97588719986379, 44.50104265473783], [-72.97587722539902, 44.50104751624167], [-72.9758644849062, 44.50105187483132], [-72.9758488945663, 44.50105531141162], [-72.97583196312189, 44.5010581612587], [-72.97581486403942, 44.50106075964868], [-72.9757970944047, 44.50106268748641], [-72.97577974386513, 44.50106411240995], [-72.97576515935361, 44.501065369695425], [-72.97575317323208, 44.50106696225703], [-72.97574294731021, 44.50106905773282], [-72.97573330812156, 44.50107140466571], [-72.97572366893291, 44.5010737515986], [-72.97571470029652, 44.50107576325536], [-72.97570548020303, 44.50107777491212], [-72.97569525428116, 44.50107987038791], [-72.97568284906447, 44.50108179822564], [-72.97566742636263, 44.50108305551112], [-72.97565091401339, 44.50108230113983], [-72.97563565894961, 44.50108028948307], [-72.97562182880938, 44.501079116016626], [-72.97560875304043, 44.50107978656888], [-72.9755965154618, 44.501081462949514], [-72.97558519989252, 44.50108355842531], [-72.97557380050421, 44.501085905358195], [-72.97555988654494, 44.50108850374818], [-72.9755431227386, 44.50109118595719], [-72.97552610747516, 44.50109344907105], [-72.97551102004945, 44.50109386816621], [-72.97549853101373, 44.50109185650945], [-72.97548780217767, 44.50108800083399], [-72.97547874972224, 44.501083893701434], [-72.97547137364745, 44.501080457121134], [-72.97546500340104, 44.50107785873115], [-72.97545938752592, 44.501075595617294], [-72.97545385546982, 44.50107333250344], [-72.97544765286148, 44.50107048265636], [-72.9754392709583, 44.50106696225703], [-72.97542787156999, 44.50106360949576], [-72.97541672363877, 44.50106084346771], [-72.97540792264044, 44.501058077439666], [-72.97540054656565, 44.501055143773556], [-72.9753930028528, 44.50105237774551], [-72.97538386657834, 44.50105003081262], [-72.97537263482809, 44.5010478515178], [-72.9753602296114, 44.501045756042004], [-72.97534799203277, 44.501043828204274], [-72.97533516772091, 44.50104181654751], [-72.97532209195197, 44.50103938579559], [-72.97531018964946, 44.50103628449142], [-72.97529987990856, 44.501033183187246], [-72.97529065981507, 44.50103108771145], [-72.97528076916933, 44.501029746606946], [-72.97527004033327, 44.501029159873724], [-72.97525931149721, 44.5010288245976], [-72.9752479121089, 44.501028237864375], [-72.97523651272058, 44.5010269805789], [-72.97522561624646, 44.50102563947439], [-72.97521421685815, 44.50102547183633], [-72.97520223073661, 44.50102714821696], [-72.97518957406282, 44.501030249521136], [-72.97517691738904, 44.50103351846337], [-72.97516593709588, 44.50103695504367], [-72.97515663318336, 44.501040391623974], [-72.9751456528902, 44.50104449875653], [-72.97513039782643, 44.501049192622304], [-72.97511086799204, 44.501053132116795], [-72.97508982941508, 44.501055562868714], [-72.97506988048553, 44.50105715543032], [-72.9750510212034, 44.50105883181095], [-72.97503450885415, 44.50106067582965], [-72.97502034343779, 44.501062436029315], [-72.9750074353069, 44.50106352567673], [-72.97499611973763, 44.50106369331479], [-72.97498580999672, 44.50106352567673], [-72.97497432678938, 44.50106310658157], [-72.97496024519205, 44.50106176547706], [-72.97494482249022, 44.501059502363205], [-72.97493115998805, 44.50105682015419], [-72.97492001205683, 44.501054640859365], [-72.97491012141109, 44.50105254538357], [-72.97489914111793, 44.50104961171746], [-72.97488673590124, 44.5010460074991], [-72.97487357631326, 44.5010423194617], [-72.9748612549156, 44.5010388828814], [-72.9748506937176, 44.50103594921529], [-72.97483996488154, 44.501033602282405], [-72.97482781112194, 44.50103192590177], [-72.97481540590525, 44.50103092007339], [-72.97480375505984, 44.501030668616295], [-72.9747917689383, 44.50103125534952], [-72.97477844171226, 44.50103251263499], [-72.97476419247687, 44.50103402137756], [-72.97474977560341, 44.50103578157723], [-72.97473602928221, 44.501037960872054], [-72.97472261823714, 44.50104014016688], [-72.97470811754465, 44.50104223564267], [-72.97469085082412, 44.501044414937496], [-72.97467190772295, 44.50104642659426], [-72.97465397045016, 44.5010476000607], [-72.97463829629123, 44.50104743242264], [-72.97462379559875, 44.501046342775226], [-72.974608624354, 44.50104449875653], [-72.9745919443667, 44.5010423194617], [-72.97457492910326, 44.501039972528815], [-72.97455791383982, 44.5010372903198], [-72.97454131767154, 44.50103435665369], [-72.97452530823648, 44.5010320097208], [-72.97450913116336, 44.501029746606946], [-72.97449270263314, 44.50102664530277], [-72.97447686083615, 44.50102228671312], [-72.97446202486753, 44.50101717375219], [-72.97444827854633, 44.50101180933416], [-72.97443511895835, 44.501005690544844], [-72.97442179173231, 44.500998901203275], [-72.97440745867789, 44.50099194422364], [-72.97439178451896, 44.500984735786915], [-72.97437611036003, 44.500977946445346], [-72.97436261549592, 44.500971995294094], [-72.97435088083148, 44.500966211780906], [-72.97433881089091, 44.50095967389643], [-72.97432548366487, 44.50095321983099], [-72.97431123442948, 44.50094802305102], [-72.97429664991796, 44.50094475410879], [-72.9742840770632, 44.50094458647072], [-72.97427393496037, 44.500947184860706], [-72.97426446340978, 44.50095179490745], [-72.97425465658307, 44.5009577460587], [-72.97424484975636, 44.50096503831446], [-72.97423554584384, 44.50097342021763], [-72.97422691248357, 44.500982724130154], [-72.97421987168491, 44.50099244713783], [-72.97421559691429, 44.501001331955194], [-72.97421383671463, 44.50100845657289], [-72.97421291470528, 44.50101541355252], [-72.97421207651496, 44.50102413073182], [-72.97421174123883, 44.501034524291754], [-72.97421199269593, 44.50104550458491], [-72.97421249561012, 44.50105598196387], [-72.97421199269593, 44.50106528587639], [-72.97420939430594, 44.50107341632247], [-72.97420545481145, 44.501080960035324], [-72.97420118004084, 44.50108900666237], [-72.97419724054635, 44.501097556203604], [-72.97419355250895, 44.50110711157322], [-72.97419011592865, 44.50111784040928], [-72.97418676316738, 44.50112764723599], [-72.97418299131095, 44.501135610044], [-72.97417854890227, 44.501142147928476], [-72.97417150810361, 44.50114927254617], [-72.97415977343917, 44.50115849263966], [-72.97414594329894, 44.50116813182831], [-72.97413328662515, 44.5011773519218], [-72.97412314452231, 44.501186069101095], [-72.97411618754268, 44.50119361281395], [-72.97411048784852, 44.50120090506971], [-72.97410394996405, 44.501209035515785], [-72.97409573569894, 44.5012169983238], [-72.97408701851964, 44.50122294947505], [-72.97407888807356, 44.50122638605535], [-72.97406991943717, 44.50122898444533], [-72.97405927442014, 44.50123183429241], [-72.9740475397557, 44.50123460032046], [-72.97403555363417, 44.50123669579625], [-72.97402390278876, 44.50123770162463], [-72.97401241958141, 44.501237869262695], [-72.97400169074535, 44.50123753398657], [-72.97399314120412, 44.50123661197722], [-72.97398660331964, 44.50123560614884], [-72.97398132272065, 44.501234935596585], [-72.97397679649293, 44.50123476795852], [-72.97397268936038, 44.501234851777554], [-72.97396874986589, 44.501234935596585], [-72.97396489419043, 44.501234935596585], [-72.9739616252482, 44.501234935596585], [-72.97395911067724, 44.501234851777554], [-72.97395684756339, 44.50123460032046], [-72.9739545006305, 44.501234013587236], [-72.97395148314536, 44.50123309157789], [-72.97394804656506, 44.50123208574951], [-72.97394486144185, 44.50123124755919], [-72.97394184395671, 44.501230493187904], [-72.97393857501447, 44.50122990645468], [-72.97393480315804, 44.50122931972146], [-72.97393027693033, 44.50122873298824], [-72.97392457723618, 44.501228062435985], [-72.97391787171364, 44.5012273080647], [-72.97390923835337, 44.50122688896954], [-72.973897671327, 44.501227140426636], [-72.97388484701514, 44.5012273080647], [-72.97387462109327, 44.50122781097889], [-72.97386816702783, 44.50122881680727], [-72.97386229969561, 44.50123015791178], [-72.97385551035404, 44.501231499016285], [-72.97384914010763, 44.50123267248273], [-72.97384453006089, 44.50123367831111], [-72.9738424345851, 44.501233929768205], [-72.97384302131832, 44.50123334303498], [-72.97384486533701, 44.50123191811144], [-72.97384670935571, 44.50122982263565], [-72.97384796664119, 44.50122747570276], [-72.97384846955538, 44.50122538022697], [-72.97384897246957, 44.50122336857021], [-72.97384981065989, 44.501221189275384], [-72.97385056503117, 44.50121909379959], [-72.97385123558342, 44.50121716596186], [-72.97385182231665, 44.50121574103832], [-72.97385257668793, 44.501214819028974], [-72.97385324724019, 44.50121448375285], [-72.97385341487825, 44.50121465139091], [-72.97385282814503, 44.501215321943164], [-72.97385123558342, 44.50121657922864], [-72.97384838573635, 44.501218339428306], [-72.97384411096573, 44.501221189275384], [-72.97383782453835, 44.50122554786503], [-72.97382877208292, 44.50123141519725], [-72.9738176241517, 44.50123719871044], [-72.97380580566823, 44.501241808757186], [-72.97379323281348, 44.50124583207071], [-72.97377948649228, 44.501249520108104], [-72.97376574017107, 44.50125178322196], [-72.97375308349729, 44.50125211849809], [-72.97374126501381, 44.501251028850675], [-72.97373020090163, 44.50124968774617], [-72.97372014261782, 44.50124851427972], [-72.97371075488627, 44.50124784372747], [-72.97370061278343, 44.5012479275465], [-72.97368921339512, 44.50124926865101], [-72.97367823310196, 44.50125220231712], [-72.9736695997417, 44.50125656090677], [-72.97366348095238, 44.50126209296286], [-72.97365945763886, 44.50126938521862], [-72.97365627251565, 44.50127852149308], [-72.97365300357342, 44.50128874741495], [-72.97365015372634, 44.50129863806069], [-72.97364805825055, 44.50130794197321], [-72.97364621423185, 44.50131783261895], [-72.97364378347993, 44.50132889673114], [-72.97364084981382, 44.501339960843325], [-72.97363732941449, 44.50134960003197], [-72.97363271936774, 44.501358484849334], [-72.97362676821649, 44.501367369666696], [-72.9736191406846, 44.501377595588565], [-72.97361050732434, 44.50138966552913], [-72.97360095195472, 44.501403495669365], [-72.97359198331833, 44.50141648761928], [-72.97358418814838, 44.501427887007594], [-72.97357614152133, 44.50143886730075], [-72.97356708906591, 44.50144934467971], [-72.97355627641082, 44.50145982205868], [-72.97354454174638, 44.50146988034248], [-72.97353280708194, 44.501479770988226], [-72.97352098859847, 44.50148991309106], [-72.97350858338177, 44.501500725746155], [-72.9734951723367, 44.5015122089535], [-72.97348243184388, 44.501523189246655], [-72.97347044572234, 44.501534001901746], [-72.97345837578177, 44.50154456309974], [-72.97344664111733, 44.50155428610742], [-72.9734349064529, 44.50156342238188], [-72.97342468053102, 44.50157172046602], [-72.97341579571366, 44.50158052146435], [-72.97340649180114, 44.50159091502428], [-72.97339643351734, 44.50160273350775], [-72.97338570468128, 44.50161471962929], [-72.97337455675006, 44.50162595137954], [-72.97336315736175, 44.501636512577534], [-72.97335209324956, 44.50164648704231], [-72.97334077768028, 44.501655623316765], [-72.97332854010165, 44.50166366994381], [-72.97331504523754, 44.50167087838054], [-72.97330062836409, 44.50167825445533], [-72.97328545711935, 44.50168630108237], [-72.97326986677945, 44.501695688813925], [-72.97325511462986, 44.50170532800257], [-72.97324187122285, 44.50171505101025], [-72.97322971746325, 44.50172427110374], [-72.97321831807494, 44.501731898635626], [-72.97320616431534, 44.50173902325332], [-72.97319191507995, 44.501747069880366], [-72.97317523509264, 44.50175645761192], [-72.97315838746727, 44.50176576152444], [-72.97314237803221, 44.501774813979864], [-72.97312720678747, 44.50178378261626], [-72.97311396338046, 44.50179224833846], [-72.97310289926827, 44.50180004350841], [-72.97309384681284, 44.501807587221265], [-72.9730858001858, 44.50181555002928], [-72.9730773344636, 44.50182393193245], [-72.97306811437011, 44.501832984387875], [-72.97305847518146, 44.50184287503362], [-72.97304925508797, 44.501853017136455], [-72.97304129227996, 44.5018626563251], [-72.97303467057645, 44.501872127875686], [-72.97302922233939, 44.501881431788206], [-72.97302486374974, 44.50189031660557], [-72.97302167862654, 44.50189811177552], [-72.97301983460784, 44.50190506875515], [-72.97301824204624, 44.50191244482994], [-72.97301572747529, 44.50192065909505], [-72.97301170416176, 44.50192954391241], [-72.97300583682954, 44.50193976983428], [-72.97299862839282, 44.501951755955815], [-72.97299041412771, 44.50196550227702], [-72.97298211604357, 44.50197983533144], [-72.97297306358814, 44.50199391692877], [-72.97296275384724, 44.502006908878684], [-72.97295219264925, 44.502018727362156], [-72.97294121235609, 44.5020302105695], [-72.97293081879616, 44.5020407717675], [-72.97292109578848, 44.50205007568002], [-72.97291078604758, 44.50205937959254], [-72.97289905138314, 44.5020701084286], [-72.97288723289967, 44.502081256359816], [-72.97287583351135, 44.50209164991975], [-72.97286560758948, 44.502101205289364], [-72.97285814769566, 44.50211017392576], [-72.97285311855376, 44.50211905874312], [-72.9728495143354, 44.5021285302937], [-72.97284658066928, 44.50213850475848], [-72.97284331172705, 44.50214906595647], [-72.97283928841352, 44.50216071680188], [-72.97283417545259, 44.50217379257083], [-72.97282763756812, 44.502187790349126], [-72.97282026149333, 44.502200949937105], [-72.97281221486628, 44.502212600782514], [-72.97280349768698, 44.502222910523415], [-72.97279620543122, 44.502231795340776], [-72.97279117628932, 44.50224034488201], [-72.97278748825192, 44.50224990025163], [-72.97278472222388, 44.502260545268655], [-72.97278271056712, 44.502272279933095], [-72.97278128564358, 44.50228510424495], [-72.97278095036745, 44.50229776091874], [-72.97278153710067, 44.50230907648802], [-72.97278204001486, 44.50231812894344], [-72.97278237529099, 44.502325085923076], [-72.97278287820518, 44.5023307017982], [-72.9727850575, 44.502336820587516], [-72.97278941608965, 44.50234402902424], [-72.97279486432672, 44.50235123746097], [-72.97280073165894, 44.50235718861222], [-72.97280676662922, 44.502361714839935], [-72.9728143941611, 44.50236573815346], [-72.97282453626394, 44.50236984528601], [-72.97283593565226, 44.50237412005663], [-72.97284683212638, 44.50237864628434], [-72.97285705804825, 44.50238342396915], [-72.97286745160818, 44.50238870456815], [-72.9728783480823, 44.50239406898618], [-72.97288882546127, 44.502398846670985], [-72.97289796173573, 44.502402786165476], [-72.97290533781052, 44.502406138926744], [-72.9729111213237, 44.502409072592854], [-72.97291589900851, 44.502411587163806], [-72.97291933558881, 44.5024136826396], [-72.97291992232203, 44.50241561047733], [-72.9729179944843, 44.50241762213409], [-72.97291522845626, 44.502419885247946], [-72.97291221097112, 44.5024221483618], [-72.972909277305, 44.502424243837595], [-72.97290600836277, 44.50242600403726], [-72.97290273942053, 44.502427596598864], [-72.97289980575442, 44.5024292729795], [-72.97289754264057, 44.502431619912386], [-72.97289628535509, 44.50243539176881], [-72.97289511188865, 44.50243907980621], [-72.97289360314608, 44.502441175282], [-72.9728920944035, 44.50244201347232], [-72.97289066947997, 44.50244218111038], [-72.97288932837546, 44.502441845834255], [-72.97288807108998, 44.502441342920065], [-72.97288714908063, 44.50244067236781], [-72.97288698144257, 44.50243966653943], [-72.97288781963289, 44.50243857689202], [-72.97289008274674, 44.50243723578751], [-72.97289427369833, 44.502435475587845], [-72.97290056012571, 44.50243321247399], [-72.972909277305, 44.5024308655411], [-72.9729203414172, 44.50242851860821], [-72.97293442301452, 44.50242675840855], [-72.9729512706399, 44.50242499820888], [-72.97296853736043, 44.50242265127599], [-72.9729853849858, 44.50242005288601], [-72.97300290316343, 44.50241728685796], [-72.9730220977217, 44.50241426937282], [-72.97304363921285, 44.50241125188768], [-72.97306660562754, 44.502408150583506], [-72.97308756038547, 44.50240546837449], [-72.9731045756489, 44.502403708174825], [-72.97311957925558, 44.50240211561322], [-72.97313407994807, 44.50240043923259], [-72.97314883209765, 44.50239876285195], [-72.9731650929898, 44.502396918833256], [-72.97318311408162, 44.50239457190037], [-72.97320214100182, 44.5023912191391], [-72.97322108410299, 44.5023877825588], [-72.97323994338512, 44.50238526798785], [-72.9732583835721, 44.50238384306431], [-72.9732758179307, 44.50238300487399], [-72.9732914082706, 44.502382669597864], [-72.97330641187727, 44.50238308869302], [-72.97332275658846, 44.502384178340435], [-72.97334052622318, 44.50238551944494], [-72.97336005605757, 44.50238702818751], [-72.97337950207293, 44.502388536930084], [-72.97339710406959, 44.50238979421556], [-72.97341302968562, 44.5023912191391], [-72.97342878766358, 44.50239314697683], [-72.97344571910799, 44.50239549390972], [-72.97346382401884, 44.50239775702357], [-72.97348293475807, 44.502400271594524], [-72.97350137494504, 44.50240303762257], [-72.97351730056107, 44.50240605510771], [-72.97353079542518, 44.502409156411886], [-72.97354269772768, 44.50241242535412], [-72.97355325892568, 44.50241661630571], [-72.97356197610497, 44.50242139399052], [-72.97356826253235, 44.50242600403726], [-72.97357329167426, 44.502430111169815], [-72.97357865609229, 44.50243321247399], [-72.97358511015773, 44.502435894683], [-72.97359080985188, 44.50243807397783], [-72.97359315678477, 44.50243924744427], [-72.97359332442284, 44.502439415082335], [-72.97359424643219, 44.50243832543492], [-72.97359550371766, 44.50243631377816], [-72.97359625808895, 44.502434553578496], [-72.9735985212028, 44.50243379920721], [-72.97360296361148, 44.50243421830237], [-72.97360925003886, 44.502436481416225], [-72.97361654229462, 44.502442264929414], [-72.97362450510263, 44.502451065927744], [-72.97363246791065, 44.50246112421155], [-72.97364009544253, 44.50247151777148], [-72.9736484773457, 44.50248224660754], [-72.97365845181048, 44.502492640167475], [-72.97367043793201, 44.502501944079995], [-72.97368376515806, 44.502509823068976], [-72.9736973438412, 44.502517031505704], [-72.97371092252433, 44.502523904666305], [-72.97372500412166, 44.502531280741096], [-72.97373967245221, 44.502539578825235], [-72.97375459223986, 44.502548882737756], [-72.97376934438944, 44.502559108659625], [-72.97378242015839, 44.502569418400526], [-72.97379340045154, 44.50257905758917], [-72.97380245290697, 44.5025878585875], [-72.97381033189595, 44.50259615667164], [-72.97381795942783, 44.50260470621288], [-72.97382642515004, 44.50261417776346], [-72.97383639961481, 44.502624068409204], [-72.97384813427925, 44.50263395905495], [-72.97386196441948, 44.502643598243594], [-72.97387747094035, 44.502652483060956], [-72.97389431856573, 44.50266111642122], [-72.97391016036272, 44.50266933068633], [-72.97392315231264, 44.50267762877047], [-72.97393379732966, 44.502686094492674], [-72.97394284978509, 44.50269422493875], [-72.97395181842148, 44.50270243920386], [-72.97396288253367, 44.5027123298496], [-72.97397553920746, 44.50272389687598], [-72.9739886149764, 44.50273655354977], [-72.97400043345988, 44.502749126404524], [-72.97401015646756, 44.502760944887996], [-72.97401895746589, 44.50277184136212], [-72.97402784228325, 44.5027815643698], [-72.97403815202415, 44.50279053300619], [-72.97405047342181, 44.50279916636646], [-72.97406547702849, 44.50280813500285], [-72.97408140264452, 44.50281676836312], [-72.97409649007022, 44.50282515026629], [-72.97411006875336, 44.50283403508365], [-72.97412113286555, 44.50284241698682], [-72.97413035295904, 44.50284970924258], [-72.97413881868124, 44.50285700149834], [-72.97414753586054, 44.50286462903023], [-72.974156672135, 44.50287267565727], [-72.97416664659977, 44.50288139283657], [-72.97417804598808, 44.50289119966328], [-72.97419095411897, 44.50290176086128], [-72.97420411370695, 44.50291181914508], [-72.97421685419977, 44.502921625971794], [-72.97422842122614, 44.50293176807463], [-72.97423864714801, 44.502941742539406], [-72.97424887306988, 44.50295121408999], [-72.97426018863916, 44.50296068564057], [-72.97427267767489, 44.502971079200506], [-72.974286172539, 44.50298197567463], [-72.97430008649826, 44.50299320742488], [-72.97431349754333, 44.50300402007997], [-72.974325818941, 44.50301382690668], [-72.97433688305318, 44.50302262790501], [-72.97434652224183, 44.50303084217012], [-72.97435549087822, 44.50303880497813], [-72.97436471097171, 44.50304710306227], [-72.97437543980777, 44.50305623933673], [-72.97438759356737, 44.503066800534725], [-72.97439932823181, 44.50307794846594], [-72.97441030852497, 44.503088761121035], [-72.97442246228456, 44.503100076690316], [-72.97443436458707, 44.503110805526376], [-72.97444433905184, 44.50311935506761], [-72.97445339150727, 44.50312614440918], [-72.97446311451495, 44.50313284993172], [-72.97447459772229, 44.503140058368444], [-72.9744880925864, 44.50314718298614], [-72.97450326383114, 44.50315439142287], [-72.97451977618039, 44.50316176749766], [-72.97453679144382, 44.50316931121051], [-72.97455464489758, 44.50317710638046], [-72.97457224689424, 44.50318431481719], [-72.9745895974338, 44.50319110415876], [-72.97460636124015, 44.50319789350033], [-72.97462111338973, 44.50320426374674], [-72.9746345244348, 44.50321021489799], [-72.97464751638472, 44.503215830773115], [-72.97466075979173, 44.5032218657434], [-72.974674673751, 44.50322831980884], [-72.97468909062445, 44.50323519296944], [-72.97470451332629, 44.503242233768106], [-72.9747209418565, 44.50324893929064], [-72.97473753802478, 44.50325472280383], [-72.97475388273597, 44.50326008722186], [-72.97477064654231, 44.50326528400183], [-72.97478724271059, 44.50327064841986], [-72.9748023301363, 44.50327584519982], [-72.97481599263847, 44.5032805390656], [-72.9748295713216, 44.503285232931376], [-72.9748440720141, 44.50329042971134], [-72.97485991381109, 44.50329604558647], [-72.97487759962678, 44.5033014100045], [-72.97489671036601, 44.50330610387027], [-72.97491632401943, 44.503310630097985], [-72.97493602149189, 44.5033151563257], [-72.97495521605015, 44.50331901200116], [-72.97497432678938, 44.50332270003855], [-72.97499268315732, 44.50332655571401], [-72.97500852495432, 44.50333057902753], [-72.97502134926617, 44.50333476997912], [-72.97503249719739, 44.50333954766393], [-72.9750443994999, 44.50334566645324], [-72.97505831345916, 44.50335354544222], [-72.97507331706583, 44.50336226262152], [-72.97508890740573, 44.50337131507695], [-72.97510399483144, 44.503380451351404], [-72.97511748969555, 44.50338958762586], [-72.97513048164546, 44.50339914299548], [-72.9751422163099, 44.50340861454606], [-72.97515168786049, 44.50341682881117], [-72.97515981830657, 44.50342428870499], [-72.97516870312393, 44.503432335332036], [-72.97517834231257, 44.50344130396843], [-72.97518865205348, 44.50345094315708], [-72.97519963234663, 44.503461085259914], [-72.97521153464913, 44.503471311181784], [-72.97522419132292, 44.50348136946559], [-72.97523634508252, 44.503491427749395], [-72.97524665482342, 44.50350156985223], [-72.9752547852695, 44.50351078994572], [-72.97526232898235, 44.5035186689347], [-72.9752706270665, 44.503526045009494], [-72.97528102062643, 44.50353409163654], [-72.97529376111925, 44.50354331173003], [-72.97530717216432, 44.503552448004484], [-72.97531966120005, 44.503560326993465], [-72.97533114440739, 44.50356745161116], [-72.97534220851958, 44.50357482768595], [-72.97535344026983, 44.503583209589124], [-72.97536534257233, 44.503592597320676], [-72.97537749633193, 44.50360215269029], [-72.97538864426315, 44.50361187569797], [-72.9753977805376, 44.503622353076935], [-72.97540448606014, 44.503633584827185], [-72.97540892846882, 44.50364565476775], [-72.97541211359203, 44.50365889817476], [-72.9754149634391, 44.50367339886725], [-72.97541689127684, 44.50368840247393], [-72.97541580162942, 44.50370265170932], [-72.97541094012558, 44.50371656566858], [-72.97540364786983, 44.50373073108494], [-72.97539442777634, 44.50374539941549], [-72.9753842856735, 44.50375990010798], [-72.97537439502776, 44.50377373024821], [-72.97536534257233, 44.503787476569414], [-72.97535670921206, 44.50380055233836], [-72.9753480758518, 44.50381278991699], [-72.97533944249153, 44.503824105486274], [-72.97533022239804, 44.50383458286524], [-72.97531991265714, 44.503845144063234], [-72.97530918382108, 44.50385604053736], [-72.97529887408018, 44.50386727228761], [-72.97528881579638, 44.50387909077108], [-72.97527926042676, 44.50389040634036], [-72.97527054324746, 44.50390004552901], [-72.97526224516332, 44.503908762708306], [-72.9752531927079, 44.503917563706636], [-72.97524271532893, 44.50392737053335], [-72.97523064538836, 44.503938434645534], [-72.97521765343845, 44.503950672224164], [-72.97520566731691, 44.50396282598376], [-72.9751961119473, 44.50397355481982], [-72.97518806532025, 44.503983026370406], [-72.97518035396934, 44.50399115681648], [-72.97517239116132, 44.50399853289127], [-72.9751633387059, 44.50400666333735], [-72.9751525260508, 44.504016721621156], [-72.97514037229121, 44.50402828864753], [-72.97512788325548, 44.50404044240713], [-72.97511572949588, 44.50405293144286], [-72.97510391101241, 44.50406583957374], [-72.97509209252894, 44.50407790951431], [-72.97508044168353, 44.50408788397908], [-72.97506904229522, 44.50409668497741], [-72.97505772672594, 44.50410531833768], [-72.9750459920615, 44.50411403551698], [-72.97503392212093, 44.50412342324853], [-72.97502252273262, 44.5041336491704], [-72.97501212917268, 44.50414462946355], [-72.97500248998404, 44.50415527448058], [-72.97499469481409, 44.504164243116975], [-72.9749886598438, 44.504171535372734], [-72.97498287633061, 44.50417757034302], [-72.97497709281743, 44.504183856770396], [-72.97497114166617, 44.50419131666422], [-72.97496477141976, 44.50420020148158], [-72.97495714388788, 44.50421084649861], [-72.97494851052761, 44.504222413524985], [-72.97493912279606, 44.50423398055136], [-72.97492948360741, 44.504244877025485], [-72.97492101788521, 44.50425384566188], [-72.97491313889623, 44.50426205992699], [-72.97490467317402, 44.50427195057273], [-72.9748956207186, 44.50428360141814], [-72.9748866520822, 44.5042959228158], [-72.97487776726484, 44.50430765748024], [-72.97486854717135, 44.50431805104017], [-72.97485907562077, 44.504327522590756], [-72.97485002316535, 44.50433615595102], [-72.97484122216702, 44.5043442863971], [-72.97483116388321, 44.50435325503349], [-72.97482035122812, 44.50436339713633], [-72.97481062822044, 44.50437345542014], [-72.97480300068855, 44.5043820887804], [-72.97479746863246, 44.50438879430294], [-72.97479319386184, 44.504394326359034], [-72.97478967346251, 44.50440002605319], [-72.97478715889156, 44.504407569766045], [-72.97478556632996, 44.50441712513566], [-72.97478439286351, 44.504427686333656], [-72.9747818018608, 44.50444380146663]]}}]}